master_record_number,agency,agency_tracking_number,county,city,collision_date,vehicles_involved,number_injured,number_dead,latitude,longitude,roadway_name,roadway_suffix,roadway_number,roadway_local_id,distance_from_reference,miles-feet_indicator,direction_from_reference,intersection_road_name,intersection_road_name_suffix,intersection_road_number,intersection_local_id,mile_marker,intersection_indicator,intersect_type,interchange_related_indicator,relation_to_junction,work_zone_type,construction_maintenance_zone,construction_maintenance_zone_location,fatal_case_number,officer_first_name,officer_last_name,weather_condition(s),manner_of_crash,pedestrian,bicycle,scooter,parking,hitrun,mou
102692694,METROPOLITAN NASHVILLE POLICE DEPT,20200265129,Davidson,Not in City Limit,4/14/2020 1:20:00 PM,1,1,0,36.307610,-86.684170,GALLATIN PKEN,,,,229.00,Feet,East,NORTHSIDE MARKETPLACE PVTDR,,,,0.00,N,Not at Intersection,N,Non-Junction,None,,,         ,Christopher,Littles,Cloudy,Not Collision with Motor Vehicle in Transport,yes,no,no,yes,yes,False
102692695,METROPOLITAN NASHVILLE POLICE DEPT,20200265365,Davidson,Nashville,4/14/2020 4:06:00 PM,1,1,0,36.151000,-86.690890,BRILEY PKWYS,,,,236.00,Feet,East,BRILEY PKWYN,,,,0.00,N,Not at Intersection,N,Non-Junction,None,,,         ,Jason,Milyaro Lucas,Clear,Not Collision with Motor Vehicle in Transport,no,no,no,no,no,False
102692702,METROPOLITAN NASHVILLE POLICE DEPT,20200265394,Davidson,Nashville,4/14/2020 3:45:00 PM,2,1,0,36.211480,-86.921030,OLD HICKORY BLVD,,,,0.00,,,ASHLAND CITY HWY,,,,0.00,Y,Four-Way,N,Intersection,None,,,         ,Anna,Clayton,Clear,Other,no,no,no,no,no,False
102692706,METROPOLITAN NASHVILLE POLICE DEPT,20200265424,Davidson,Nashville,4/14/2020 4:27:00 PM,2,0,0,36.120880,-86.843830,WESTCHASE DR,,,,0.00,,,WOODMONT BLVD,,,,0.00,Y,T-Intersection,N,Intersection,None,,,         ,Matthew,Herod,Clear,Angle,no,no,no,no,no,False
102692708,METROPOLITAN NASHVILLE POLICE DEPT,20200265295,Davidson,Nashville,4/14/2020 3:40:00 PM,2,0,0,36.151970,-86.848570,CHARLOTTE AV,,,,0.00,,,51ST AVN,,,,0.00,Y,Four-Way, ,Intersection,None,,,         ,Devonte,Coleman,Clear,"Sideswipe, Opposite Direction",no,no,no,no,no,False
102692721,METROPOLITAN NASHVILLE POLICE DEPT,20200265628,Davidson,Nashville,4/14/2020 5:11:00 PM,2,0,0,36.152100,-86.842210,46TH AVN,,,,37.00,Feet,South,CHARLOTTE AV,,,,0.00,N,Not at Intersection, ,Non-Junction,None,,,         ,Devonte,Coleman,Clear,Angle,no,no,no,no,no,False
102692723,METROPOLITAN NASHVILLE POLICE DEPT,20200265715,Davidson,Not in City Limit,4/14/2020 6:43:00 PM,2,0,0,36.268340,-86.756160,DICKERSON PKE,,,,0.00,,,BELL GRIMES LN,,,,0.00,Y,T-Intersection, ,Intersection,None,,,         ,Christopher,Littles,Clear,Front to Rear,no,no,no,no,no,False
102692729,VANDERBILT UNIVERSITY POLICE,20200265241,Davidson,Nashville,4/14/2020 3:00:00 PM,2,0,0,36.140390,-86.801560,MEDICAL CENTER DR,,,,167.00,Feet,South,DIXIE PL,,,,0.00,N,Not at Intersection, ,Non-Junction,None,,,         ,Frank,Marsua,Cloudy,Front to Rear,no,no,no,yes,no,Campus
102692732,METROPOLITAN NASHVILLE POLICE DEPT,20200265750,Davidson,Nashville,4/14/2020 6:35:00 PM,2,0,0,36.069460,-86.577890,SOUTH HAMPTON BLVD,,,,89.00,Feet,North,SOUTH HAMPTON CLOSE,,,,0.00,N,Not at Intersection,N,Non-Junction,None,,,         ,Edward,Starke,Clear,"Sideswipe, Same Direction",no,no,no,no,no,False
102692738,METROPOLITAN NASHVILLE POLICE DEPT,20200265699,Davidson,Nashville,4/14/2020 3:54:00 PM,2,0,0,36.187490,-86.820730,CLARKSVILLE PKE,,,,309.00,Feet,East,ROSA L PARKS BLVD,,,,0.00,N,Not at Intersection, ,,None,,,         ,Jonathan,Sharp,,,no,no,no,no,no,False
102692753,METROPOLITAN NASHVILLE POLICE DEPT,20200265474,Davidson,Nashville,4/14/2020 4:54:00 PM,1,2,0,36.146510,-86.878750,I 40,,,,0.00,,,,,,,202.70,N,Not at Intersection,N,Non-Junction,None,,,         ,Jeremy,Huffine,Cloudy,Not Collision with Motor Vehicle in Transport,no,no,no,no,no,False
102692759,METROPOLITAN NASHVILLE POLICE DEPT,20200265961,Davidson,Nashville,4/14/2020 8:47:00 PM,2,1,0,36.164550,-86.615290,I 40,,,,0.00,,,,,,,220.00,N,Not at Intersection,N,Non-Junction,None,,,         ,Deandera,Payne,Clear,Front to Rear,no,no,no,no,yes,False
102692773,THP District 3 - Nashville,320023405,Davidson,Not in City Limit,4/13/2020 8:02:00 PM,1,0,0,36.340490,-86.918050,I 24,,,,0.00,,,,,,,31.85,N,Not at Intersection,N,Non-Junction,None,,,         ,Nicholas,Lang,Clear,Not Collision with Motor Vehicle in Transport,no,no,no,no,no,False
102692794,METROPOLITAN NASHVILLE POLICE DEPT,20200265985,Davidson,Nashville,4/14/2020 10:15:00 PM,1,0,0,36.106090,-86.629300,BELL RD,,,,425.00,Feet,South,NED SHELTON RD,,,,0.00,N,Not at Intersection,N,Non-Junction,None,,,         ,Bridget,Griepentrog,Clear,Not Collision with Motor Vehicle in Transport,no,no,no,no,yes,False
102692796,METROPOLITAN NASHVILLE POLICE DEPT,20200266403,Davidson,Antioch,4/14/2020 11:00:00 PM,1,0,0,36.036580,-86.587990,ROUND ROCK DR,,,,337.00,Feet,South,MAXWELL RD,,,,0.00,N,Not at Intersection, ,Non-Junction,None,,,         ,Blake,Whitaker,Clear,Not Collision with Motor Vehicle in Transport,no,no,no,no,yes,False
102692807,METROPOLITAN NASHVILLE POLICE DEPT,20200266841,Davidson,Not in City Limit,4/15/2020 3:55:00 AM,2,1,0,36.264430,-86.695130,STATE RT 45,,,,219.00,Feet,South,MCARTHUR DR,,,,0.00,N,Not at Intersection,N,Non-Junction,None,,,         ,Michael,Reid,Clear,Angle,no,no,no,no,no,False
102692816,METROPOLITAN NASHVILLE POLICE DEPT,20200266988,Davidson,Nashville,4/15/2020 6:00:00 AM,1,0,0,36.067110,-86.724390,NORTHCREST DR,,,,0.00,,,COTTON LN,,,,0.00,Y,T-Intersection,N,Non-Junction,None,,,         ,Angeline,Comilla,Clear,Not Collision with Motor Vehicle in Transport,no,no,no,no,yes,False
102692825,METROPOLITAN NASHVILLE POLICE DEPT,2020-0264800,Davidson,Not in City Limit,4/14/2020 12:04:00 PM,2,0,0,36.078020,-86.949070,HIGHWAY 70S,,,,0.00,,,BELLEVUE CTR PVTDR,,,,0.00,Y,Four-Way,N,Intersection,None,,,         ,Brandon,O'Guin,Clear,Angle,no,no,no,no,no,False
102692837,METROPOLITAN NASHVILLE POLICE DEPT,20200267256,Davidson,Nashville,4/15/2020 8:00:00 AM,2,2,0,36.094980,-86.874960,TAGGART AV,,,,0.00,,,HIGHWAY 100,,,,0.00,Y,T-Intersection,N,Intersection,None,,,         ,Curtis,Rich,Clear,Angle,no,no,no,no,no,False
102692847,METROPOLITAN NASHVILLE POLICE DEPT,20200267283,Davidson,Nashville,4/15/2020 8:20:00 AM,2,0,0,36.158410,-86.790610,GEORGE L DAVIS BLVD,,,,0.00,,,CHURCH ST,,,,0.00,Y,Four-Way, ,Intersection,None,,,         ,William,Caillouette,Clear,"Sideswipe, Same Direction",no,no,no,no,no,False
102692851,METROPOLITAN NASHVILLE POLICE DEPT,20200267248,Davidson,Nashville,4/15/2020 7:36:00 AM,1,0,0,36.190900,-86.774910,WHITES CREEK PKE,,,,480.00,Feet,South,LOTTA AV,,,,0.00,N,Not at Intersection,N,Non-Junction,None,,,         ,Joseph,Progar,Clear,Not Collision with Motor Vehicle in Transport,no,no,no,yes,yes,False
102692855,METROPOLITAN NASHVILLE POLICE DEPT,20200267452,Davidson,Nashville,4/15/2020 9:44:00 AM,2,1,0,36.144150,-86.738620,I 40,,,,0.00,,,,,,,212.40,N,Not at Intersection,N,Non-Junction,None,,,         ,Michael,Dance,Clear,"Sideswipe, Same Direction",no,no,no,no,no,False
102692860,METROPOLITAN NASHVILLE POLICE DEPT,20200267292,Davidson,Goodlettsville,4/15/2020 8:00:00 AM,2,0,0,36.307790,-86.690880,LIBERTY LN,,,,293.00,Feet,South,VIETNAM VETERANS BLVDN,,,,0.00,N,Not at Intersection, ,Non-Junction,None,,,         ,Cyretha,Frazier,Clear,Rear to Rear,no,no,no,yes,yes,False
102692869,METROPOLITAN NASHVILLE POLICE DEPT,20200267513,Davidson,Nashville,4/15/2020 9:25:00 AM,1,0,0,36.166080,-86.658480,DONELSONWOOD DR,,,,669.00,Feet,North,LEBANON PKE,,,,0.00,N,Not at Intersection, ,,None,,,         ,Mark,Sydenstricker,,,no,no,no,no,no,False
102692872,METROPOLITAN NASHVILLE POLICE DEPT,20200267604,Davidson,Nashville,4/15/2020 10:51:00 AM,2,2,0,36.082370,-86.812990,HILDRETH DR,,,,0.00,,,MOUNTAINVIEW DR,,,,0.00,Y,T-Intersection,N,Intersection,None,,,         ,Earl,Davis,Clear,Angle,no,no,no,no,no,False
102692874,METROPOLITAN NASHVILLE POLICE DEPT,20200267494,Davidson,Nashville,4/15/2020 9:59:00 AM,2,0,0,36.241430,-86.757220,DICKERSON PKE,,,,0.00,,,BRILEY PKWY W ENT RAMP,,,,0.00,Y,T-Intersection, ,Intersection,None,,,         ,Tim,Le,Clear,Angle,no,no,no,no,no,False
102692884,METROPOLITAN NASHVILLE POLICE DEPT,20200267728,Davidson,Nashville,4/15/2020 11:52:00 AM,2,1,0,36.150710,-86.666560,OLD ELM HILL PKE,,,,0.00,,,DONELSON PKE,,,,0.00,Y,Four-Way,N,Intersection,None,,,         ,Michael,Dance,Clear,Angle,no,no,no,no,no,False
102692887,METROPOLITAN NASHVILLE POLICE DEPT,20200267462,Davidson,Nashville,4/15/2020 9:47:00 AM,2,1,0,36.045430,-86.703610,OLD HICKORY BLVD,,,,0.00,,,EULALA DR,,,,0.00,Y,Four-Way,N,Intersection-Related,None,,,         ,Alex,Moore,Clear,Angle,no,no,no,no,no,False
102692894,METROPOLITAN NASHVILLE POLICE DEPT,20200267822,Davidson,Nashville,4/15/2020 12:00:00 AM,2,0,0,36.045180,-86.732210,ENGLISH VILLAGE DR,,,,8.00,Feet,West,OLD VILLAGE RD,,,,0.00,N,Not at Intersection,N,Non-Junction,None,,,         ,Jacob,Ross,Unknown,"Sideswipe, Same Direction",no,no,no,no,yes,False
102692899,METROPOLITAN NASHVILLE POLICE DEPT,20200267866,Davidson,Nashville,4/15/2020 1:00:00 PM,2,0,0,36.168570,-86.813360,I40 E EXT RAMP,,,,0.00,,,I 40,,,,0.00,Y,T-Intersection, ,Intersection,None,,,         ,Wesley,Young,Clear,Front to Rear,no,no,no,no,no,False
102692900,METROPOLITAN NASHVILLE POLICE DEPT,20200267369,Davidson,Nashville,4/13/2020 12:00:00 AM,2,0,0,36.152090,-86.851150,53RD AVN,,,,86.00,Feet,North,CHARLOTTE AV,,,,0.00,N,Not at Intersection,N,Non-Junction,None,,,         ,David,Harms,Unknown,Rear to Rear,no,no,no,yes,yes,False
102692907,METROPOLITAN NASHVILLE POLICE DEPT,20200267788,Davidson,Nashville,4/15/2020 12:21:00 PM,3,0,0,36.046490,-86.657330,BELL RD,,,,246.00,Feet,East,COLLINS PARK DR,,,,0.00,N,Not at Intersection, ,,None,,,         ,Patrick,Martin,,,no,no,no,no,no,False
102692915,METROPOLITAN NASHVILLE POLICE DEPT,20200267880,Davidson,Nashville,4/15/2020 1:09:00 PM,1,0,0,36.097100,-86.763110,I 65,,,,0.00,,,,,,,78.85,N,Not at Intersection, ,,None,,,         ,Justin,Pinkelton,,,no,no,no,no,no,False
102692925,METROPOLITAN NASHVILLE POLICE DEPT,20200267796,Davidson,Nashville,4/15/2020 12:15:00 PM,2,0,0,36.170400,-86.768450,INTERSTATE DR,,,,0.00,,,WOODLAND ST,,,,0.00,Y,Four-Way,Y,Intersection,None,,,         ,Charles,Coe,Clear,Angle,no,no,no,no,no,False
102692929,METROPOLITAN NASHVILLE POLICE DEPT,20000267969,Davidson,Nashville,4/15/2020 1:50:00 PM,2,0,0,36.089210,-86.615460,SMITH SPRINGS RD,,,,182.00,Feet,West,CASTLEGATE DR,,,,0.00,N,Not at Intersection, ,Non-Junction,None,,,         ,Charles,Large,Clear,Front to Rear,no,no,no,no,no,False
102692932,METROPOLITAN NASHVILLE POLICE DEPT,20200267964,Davidson,Nashville,4/15/2020 1:53:00 PM,2,0,0,36.044080,-86.713120,NOLENSVILLE PKE,,,,58.00,Feet,South,BRENTWOOD EAST DR,,,,0.00,N,Not at Intersection, ,Non-Junction,None,,,         ,Jacob,Ross,Clear,Front to Rear,no,no,no,no,no,False
102692935,METROPOLITAN NASHVILLE POLICE DEPT,20200268017,Davidson,Not in City Limit,4/15/2020 2:10:00 PM,2,0,0,36.260810,-86.712690,GALLATIN PKES,,,,162.00,Feet,South,MAPLE ST,,,,0.00,N,Not at Intersection, ,Non-Junction,None,,,         ,Brian,Otto,Clear,Angle,no,no,no,no,no,False
102692942,METROPOLITAN NASHVILLE POLICE DEPT,20200268000,Davidson,Not in City Limit,4/15/2020 2:04:00 PM,2,1,0,36.031960,-86.992330,HIGHWAY 100,,,,178.00,Feet,West,OLD HARDING PKE,,,,0.00,N,Not at Intersection,N,Non-Junction,None,,,         ,Wesley,Tilley,Clear,Angle,no,no,no,no,no,False
102692944,METROPOLITAN NASHVILLE POLICE DEPT,20200268075,Davidson,Nashville,4/15/2020 12:00:00 AM,2,0,0,36.185830,-86.749280,SEYMOUR AV,,,,187.00,Feet,East,BAILEY ST,,,,0.00,N,Not at Intersection,N,Non-Junction,None,,,         ,Marc,Kozen,Clear,Unknown,no,no,no,no,yes,False
102692947,METROPOLITAN NASHVILLE POLICE DEPT,20200268076,Davidson,Nashville,4/15/2020 2:23:00 PM,2,0,0,36.202350,-86.738500,LITTON AV,,,,194.00,Feet,East,GALLATIN PKE,,,,0.00,N,Not at Intersection,N,Non-Junction,None,,,         ,Randy,Puckett,Clear,Angle,no,no,no,no,no,False
102692953,METROPOLITAN NASHVILLE POLICE DEPT,20200267902,Davidson,Nashville,4/15/2020 1:17:00 PM,2,1,0,36.155220,-86.764780,HERMITAGE AV,,,,0.00,,,MIDDLETON ST,,,,0.00,Y,T-Intersection,N,Intersection,None,,,         ,Michael,Douglas,Clear,Angle,no,no,no,no,no,False
102692955,METROPOLITAN NASHVILLE POLICE DEPT,20200268184,Davidson,Nashville,4/15/2020 3:30:00 PM,2,0,0,36.141010,-86.659580,I 40,,,,0.00,,,,,,,217.95,N,Not at Intersection, ,Non-Junction,None,,,         ,Adam,Warren,Clear,"Sideswipe, Same Direction",no,no,no,no,no,False
102692961,METROPOLITAN NASHVILLE POLICE DEPT,20200268214,Davidson,Nashville,4/15/2020 3:47:00 PM,2,0,0,36.140500,-86.731800,I 24,,,,0.00,,,,,,,51.60,N,Not at Intersection,N,Non-Junction,None,,,         ,Jason,Milyaro Lucas,Clear,"Sideswipe, Same Direction",no,no,no,no,no,False
102692963,METROPOLITAN NASHVILLE POLICE DEPT,20200268170,Davidson,Nashville,4/15/2020 3:25:00 PM,1,0,0,36.044620,-86.659450,I24 E ENT RAMP,,,,0.00,Feet,East,I 24,,,,0.00,N,Not at Intersection,Y,Entrance/Exit Ramp Related,None,,,         ,Cooper,HIll,Clear,Not Collision with Motor Vehicle in Transport,no,no,no,no,no,False
102692964,METROPOLITAN NASHVILLE POLICE DEPT,20200268179,Davidson,Nashville,4/15/2020 3:35:00 PM,1,0,0,36.043930,-86.693300,BELL RD,,,,0.00,Feet,West,BROOK VIEW ESTATES DR,,,,0.00,N,Not at Intersection,N,Non-Junction,None,,,         ,Steffani,Dahlstrom,Clear,Not Collision with Motor Vehicle in Transport,no,no,no,no,no,False
102692966,METROPOLITAN NASHVILLE POLICE DEPT,20200268259,Davidson,Nashville,4/15/2020 4:04:00 PM,2,0,0,36.153290,-86.842600,ALABAMA AV,,,,101.00,Feet,West,46TH AVN,,,,0.00,N,Not at Intersection, ,Non-Junction,None,,,         ,Je-Marc,Sears,Clear,Angle,no,no,no,no,no,False
102692969,METROPOLITAN NASHVILLE POLICE DEPT,20200268283,Davidson,Nashville,4/15/2020 4:14:00 PM,2,0,0,36.140630,-86.732000,I 40,,,,0.00,,,,,,,213.00,N,Not at Intersection, ,,None,,,         ,Peter,Kinsey,,,no,no,no,no,no,False
102692971,METROPOLITAN NASHVILLE POLICE DEPT,20200268363,Davidson,Nashville,4/15/2020 4:50:00 PM,1,0,0,36.039530,-86.648820,I 24,,,,0.00,,,,,,,60.10,N,Not at Intersection,N,Non-Junction,None,,,         ,Edward,Starke,Clear,Not Collision with Motor Vehicle in Transport,no,no,no,no,no,False
102692972,METROPOLITAN NASHVILLE POLICE DEPT,202002682845,Davidson,Nashville,4/15/2020 4:15:00 PM,2,0,0,36.185750,-86.613080,OLD HICKORY BLVD,,,,1000.00,Feet,South,ANDREW JACKSON PKWY,,,,0.00,N,Not at Intersection,N,Non-Junction,None,,,         ,Jeffrey,Mullins,Clear,Not Collision with Motor Vehicle in Transport,no,no,no,no,yes,False
102692973,METROPOLITAN NASHVILLE POLICE DEPT,20200268195,Davidson,Nashville,4/15/2020 12:00:00 AM,2,0,0,36.045470,-86.712200,OLD HICKORY BLVD,,,,316.00,Feet,East,NOLENSVILLE PKE,,,,0.00,N,Not at Intersection,N,Non-Junction,None,,,         ,Maccio,Hightower,Clear,Angle,no,no,no,no,yes,False
102692974,METROPOLITAN NASHVILLE POLICE DEPT,20200267840,Davidson,Not in City Limit,4/15/2020 12:52:00 PM,1,1,0,36.074670,-86.980400,COLEY DAVIS RD,,,,358.00,Feet,East,POPLAR VALLEY CT,,,,0.00,N,Not at Intersection,N,Non-Junction,None,,,         ,Cressie,Prill,Clear,Not Collision with Motor Vehicle in Transport,no,no,no,no,no,False
102692977,METROPOLITAN NASHVILLE POLICE DEPT,20200268392,Davidson,Nashville,4/15/2020 3:10:00 PM,2,0,0,36.151780,-86.768590,2ND AVS,,,,0.00,,,I40 W EXT RAMP,,,,0.00,Y,Four-Way, ,Intersection,None,,,         ,Joshua,Reece,Clear,Angle,no,no,no,no,no,False
102692978,METROPOLITAN NASHVILLE POLICE DEPT,20200268374,Davidson,Nashville,4/15/2020 4:59:00 PM,2,2,0,36.169770,-86.673060,LEBANON PKE,,,,0.00,Feet,,OLD LEBANON PKE,,,,0.00,Y,T-Intersection,N,Non-Junction,None,,,         ,Adam,Warren,Clear,Angle,no,no,no,no,no,False
102692979,METROPOLITAN NASHVILLE POLICE DEPT,20200268417,Davidson,Nashville,4/15/2020 5:20:00 PM,2,0,0,36.176460,-86.603680,OLD HICKORY BLVD,,,,337.00,Feet,South,HERMITAGE WOODS DR,,,,0.00,N,Not at Intersection,N,Non-Junction,None,,,         ,Terence,Mitchell,Clear,Unknown,no,no,no,yes,yes,False
102692982,METROPOLITAN NASHVILLE POLICE DEPT,20200268335,Davidson,Nashville,4/15/2020 4:41:00 PM,2,1,0,36.134840,-86.723760,MURFREESBORO PKE,,,,217.00,Feet,East,I24 W EXT RAMP,,,,0.00,N,Not at Intersection,N,Non-Junction,None,,,         ,Dontaveous,Eubanks,Clear,Front to Rear,no,no,no,no,no,False
102692983,METROPOLITAN NASHVILLE POLICE DEPT,20200268133,Davidson,Nashville,4/15/2020 3:16:00 PM,4,3,0,36.089650,-86.806020,HARDING PL,,,,0.00,,,BELMONT PARK TER,,,,0.00,Y,Four-Way,N,Intersection-Related,None,,,         ,FELIKS,ABRAHAMYAN,Clear,Front to Rear,no,no,no,no,no,False
102692984,METROPOLITAN NASHVILLE POLICE DEPT,20200268252,Davidson,Nashville,4/15/2020 4:05:00 PM,2,0,0,36.192320,-86.616300,JUAREZ DR,,,,0.00,,,OLD HICKORY BLVD,,,,0.00,Y,Four-Way,N,Intersection,None,,,         ,David,Stanley,Clear,Angle,no,no,no,no,no,False
102693000,METROPOLITAN NASHVILLE POLICE DEPT,20200268093,Davidson,Nashville,4/15/2020 2:50:00 PM,2,1,0,36.074760,-86.635060,BELL RD,,,,0.00,,,ANDERSON RD,,,,0.00,Y,T-Intersection,Y,Intersection,None,,,         ,Jarrett,Ipox,Clear,Angle,no,no,no,no,no,False
102693001,METROPOLITAN NASHVILLE POLICE DEPT,20200268459,Davidson,Nashville,4/15/2020 5:43:00 PM,2,3,0,36.215100,-86.764010,DICKERSON PKE,,,,3.00,Feet,North,DELLWAY DR,,,,0.00,N,Not at Intersection,N,Non-Junction,None,,,         ,Ryan,Coll,Clear,Angle,no,no,no,no,no,False
102693002,THP District 3 - Nashville,320023887,Davidson,Nashville,4/15/2020 2:47:00 PM,2,0,0,36.233520,-86.588010,TYNE BLVD,,,,197.00,Feet,North,HOLLYWOOD DR,,,,0.00,N,Not at Intersection, ,Non-Junction,None,,,         ,Drew,Heath,Clear,Unknown,no,no,no,no,yes,False
102693003,METROPOLITAN NASHVILLE POLICE DEPT,20200268406,Davidson,Nashville,4/15/2020 5:10:00 PM,2,1,0,36.067410,-86.631250,MURFREESBORO PKE,,,,0.00,,,FOREST VIEW DR,,,,0.00,Y,Four-Way,N,Intersection,None,,,         ,Cooper,HIll,Clear,Angle,no,no,no,no,no,False
102693026,METROPOLITAN NASHVILLE POLICE DEPT,20200268701,Davidson,Nashville,4/15/2020 7:30:00 PM,3,1,0,36.068760,-86.716280,HAYWOOD LN,,,,0.00,,,HOPEDALE DR,,,,0.00,Y,T-Intersection,N,Intersection-Related,None,,,         ,Edward,Starke,Clear,Front to Rear,no,no,no,no,no,False
102693030,METROPOLITAN NASHVILLE POLICE DEPT,20200268687,Davidson,Nashville,4/15/2020 12:00:00 AM,1,1,0,36.121850,-86.806880,I440 E ENT RAMP,,,,0.00,Feet,East,I 440,,,,0.00,N,Not at Intersection,N,Entrance/Exit Ramp Related,None,,,         ,Brandon,Chapman,Clear,Not Collision with Motor Vehicle in Transport,no,no,no,no,no,False
102693037,METROPOLITAN NASHVILLE POLICE DEPT,20200268889,Davidson,Nashville,4/15/2020 8:55:00 PM,2,0,0,36.210840,-86.755290,FLAMINGO DR,,,,42.00,Feet,South,SLAYDON DR,,,,0.00,N,Not at Intersection,N,Non-Junction,None,,,         ,Ryan,Coll,Clear,Angle,no,no,no,no,yes,False
102693041,METROPOLITAN NASHVILLE POLICE DEPT,20200268747,Davidson,Nashville,4/15/2020 7:15:00 PM,2,0,0,36.231800,-86.759220,DICKERSON PKE,,,,0.00,,,,,,,0.00,,,N,Non-Junction,None,,,         ,Wade,Johnson,Clear,Other,no,no,no,yes,yes,False
102693043,METROPOLITAN NASHVILLE POLICE DEPT,20200268854,Davidson,Nashville,4/15/2020 8:43:00 PM,2,0,0,36.128620,-86.907400,RIVER RD,,,,143.00,Feet,West,RIVER RD PVTDR,,,,0.00,N,Not at Intersection,N,Non-Junction,None,,,         ,Theodore,Meskers,Clear,Angle,no,no,no,no,yes,False
102693045,METROPOLITAN NASHVILLE POLICE DEPT,20200268980,Davidson,Nashville,4/15/2020 9:43:00 PM,2,0,0,36.044560,-86.658660,I24 E ENT RAMP,,,,0.00,Feet,East,I 24,,,,0.00,N,Not at Intersection,Y,Entrance/Exit Ramp Related,None,,,         ,Steven,Begley,Clear,Front to Rear,no,no,no,no,yes,False
102693046,METROPOLITAN NASHVILLE POLICE DEPT,20200268808,Davidson,Nashville,4/15/2020 8:14:00 PM,2,0,0,36.082680,-86.765110,HARDING PL,,,,0.00,,,I65 S ENT RAMP,,,,0.00,Y,OTHER,Y,Non-Junction,None,,,         ,Nicholas,Carroll,Clear,Other,no,no,no,no,no,False
102693047,METROPOLITAN NASHVILLE POLICE DEPT,20200268908,Davidson,Nashville,4/15/2020 9:10:00 PM,2,0,0,36.109560,-86.722530,BRILEY PKWYS,,,,0.00,Feet,East,I24 E ENT RAMP,,,,0.00,N,Not at Intersection,N,Non-Junction,None,,,         ,Molly,Page,Clear,Front to Rear,no,no,no,no,yes,False
102693054,METROPOLITAN NASHVILLE POLICE DEPT,20200269046,Davidson,Nashville,4/15/2020 10:37:00 PM,1,0,0,36.170290,-86.765540,S 4TH ST,,,,0.00,Feet,West,RUSSELL ST,,,,0.00,N,Not at Intersection,N,Non-Junction,None,,,         ,Reginald,Pierre-Paul,Clear,Not Collision with Motor Vehicle in Transport,no,no,no,no,yes,False
102693056,METROPOLITAN NASHVILLE POLICE DEPT,20200268917,Davidson,Nashville,4/15/2020 9:11:00 PM,5,1,0,36.120040,-86.726830,I 24,,,,0.00,,,,,,,52.90,N,Not at Intersection,N,Non-Junction,None,,,         ,Joel,Bennett,Clear,Unknown,no,no,no,no,yes,False
102693061,METROPOLITAN NASHVILLE POLICE DEPT,20200269101,Davidson,Nashville,4/15/2020 9:38:00 PM,3,0,0,36.143540,-86.758980,LEWIS ST,,,,181.00,Feet,North,GARDEN ST,,,,0.00,N,Not at Intersection,N,Non-Junction,None,,,         ,Autumn,Manning,Clear,HeadOn,no,no,no,no,yes,False
102693068,METROPOLITAN NASHVILLE POLICE DEPT,20200269361,Davidson,Nashville,4/15/2020 10:45:00 PM,2,0,0,36.143550,-86.700130,I40 E EXT RAMP,,,,0.00,,,I 40,,,,0.00,Y,OTHER,Y,Entrance/Exit Ramp Related,None,,,         ,Bridget,Griepentrog,Clear,Front to Rear,no,no,no,no,yes,False
102693076,METROPOLITAN NASHVILLE POLICE DEPT,20200269722,Davidson,Not in City Limit,4/16/2020 5:14:00 AM,1,0,0,36.302090,-86.812590,I 24,,,,0.00,,,,,,,38.65,N,Not at Intersection,N,Non-Junction,None,,,         ,John,Deiterick,Clear,Not Collision with Motor Vehicle in Transport,no,no,no,no,yes,False
102693098,GOODLETTSVILLE POLICE DEPT,20-12821,Davidson,Goodlettsville,4/16/2020 6:58:00 AM,2,0,0,36.316150,-86.701550,I 65,,,,0.00,,,,,,,96.45,N,Not at Intersection, ,Non-Junction,None,,,         ,Daniel,Knalls,Clear,"Sideswipe, Same Direction",no,no,no,no,no,False
102693100,METROPOLITAN NASHVILLE POLICE DEPT,20200270020,Davidson,Nashville,4/16/2020 8:31:00 AM,2,0,0,36.082050,-86.761740,I65 N EXT RAMP,,,,0.00,,,HARDING PL,,,,0.00,Y,Four-Way, ,Intersection-Related,None,,,         ,Earl,Davis,Clear,Front to Rear,no,no,no,no,no,False
102693114,METROPOLITAN NASHVILLE POLICE DEPT,2020-0270066,Davidson,Not in City Limit,4/16/2020 8:40:00 AM,1,0,0,36.258800,-86.715010,MADISON ST,,,,0.00,,,,,,,0.00,,, ,Non-Junction,None,,,         ,Travis,Baxter,Clear,Not Collision with Motor Vehicle in Transport,no,no,no,yes,no,False
102693142,METROPOLITAN NASHVILLE POLICE DEPT,20200270229,Davidson,Nashville,4/16/2020 10:08:00 AM,2,0,0,36.122300,-86.784820,HALCYON AV,,,,261.00,Feet,East,SHERBOURNE AV,,,,0.00,N,Not at Intersection, ,Non-Junction,None,,,         ,Brent,Bauer,Clear,"Sideswipe, Opposite Direction",no,no,no,no,no,False
102693143,METROPOLITAN NASHVILLE POLICE DEPT,20200270305,Davidson,Nashville,4/16/2020 10:45:00 AM,2,1,0,36.139220,-86.778390,8TH AVS,,,,0.00,Feet,East,HAMILTON AV,,,,0.00,N,Not at Intersection,N,Non-Junction,None,,,         ,Gregory,Scott,Clear,Angle,no,no,no,no,no,False
102693151,METROPOLITAN NASHVILLE POLICE DEPT,20200270356,Davidson,Nashville,4/16/2020 11:10:00 AM,2,0,0,36.188120,-86.797590,DOMINICAN DR,,,,231.00,Feet,West,FRENCH LANDING DR,,,,0.00,N,Not at Intersection, ,Non-Junction,None,,,         ,Andy,Esqueda,Clear,Angle,no,no,no,no,no,False