master_record_number,agency,agency_tracking_number,county,city,collision_date,vehicles_involved,number_injured,number_dead,latitude,longitude,roadway_name,roadway_suffix,roadway_number,roadway_local_id,distance_from_reference,miles-feet_indicator,direction_from_reference,intersection_road_name,intersection_road_name_suffix,intersection_road_number,intersection_local_id,mile_marker,intersection_indicator,intersect_type,interchange_related_indicator,relation_to_junction,work_zone_type,construction_maintenance_zone,construction_maintenance_zone_location,fatal_case_number,officer_first_name,officer_last_name,weather_condition(s),manner_of_crash,pedestrian,bicycle,scooter,parking,hitrun,mou
102693159,METROPOLITAN NASHVILLE POLICE DEPT,20200270545,Davidson,Nashville,4/16/2020 12:42:00 PM,2,0,0,36.146840,-86.743040,I 40,,,,0.00,,,,,,,212.10,N,Not at Intersection,N,Non-Junction,None,,,         ,Michael,Dance,Clear,"Sideswipe, Same Direction",no,no,no,no,yes,False
102693161,METROPOLITAN NASHVILLE POLICE DEPT,20200270349,Davidson,Antioch,4/16/2020 11:13:00 AM,2,0,0,36.016320,-86.620010,OLD HICKORY BLVD,,,,196.00,Feet,South,FIRESTONE PKWY,,,,0.00,N,Not at Intersection, ,Non-Junction,None,,,         ,Patrick,Martin,Clear,"Sideswipe, Same Direction",no,no,no,no,no,False
102693162,METROPOLITAN NASHVILLE POLICE DEPT,20200270522,Davidson,Nashville,4/16/2020 7:30:00 AM,2,0,0,36.049600,-86.744140,BRENT GLEN PL,,,,213.00,Feet,North,BRENT GLEN PT,,,,0.00,N,Not at Intersection,N,Non-Junction,None,,,         ,Russell,Freeman,Clear,Angle,no,no,no,no,yes,False
102693174,METROPOLITAN NASHVILLE POLICE DEPT,20200270618,Davidson,Nashville,4/15/2020 12:00:00 AM,2,0,0,36.146160,-86.814080,29TH AVN,,,,128.00,Feet,North,POSTON AV,,,,0.00,N,Not at Intersection,N,"Driveway, Alley Access, etc",None,,,         ,Justin,Pinkelton,Clear,Unknown,no,no,no,no,yes,False
102693180,METROPOLITAN NASHVILLE POLICE DEPT,2020-0270669,Davidson,Nashville,4/16/2020 1:55:00 PM,2,0,0,36.256480,-86.714250,GALLATIN PKES,,,,100.00,Feet,North,NEELYS BEND RD,,,,0.00,N,Not at Intersection, ,Non-Junction,None,,,         ,Travis,Baxter,Clear,"Sideswipe, Same Direction",no,no,no,no,no,False
102693181,METROPOLITAN NASHVILLE POLICE DEPT,20200270636,Davidson,Nashville,4/16/2020 1:19:00 PM,2,0,0,36.185480,-86.803630,9TH AVN,,,,89.00,Feet,South,GOFF ST,,,,0.00,N,Not at Intersection, ,,None,,,         ,Justen,Ogle,,,no,no,no,no,no,False
102693182,METROPOLITAN NASHVILLE POLICE DEPT,20200270621,Davidson,Nashville,4/16/2020 1:36:00 PM,2,0,0,36.238220,-86.780930,BRICK CHURCH PKE,,,,16.00,Feet,South,BRILEY PKWYE,,,,0.00,N,Not at Intersection, ,Entrance/Exit Ramp Related,None,,,         ,Tim,Le,Clear,"Sideswipe, Same Direction",no,no,no,no,no,False
102693184,METROPOLITAN NASHVILLE POLICE DEPT,20200270643,Davidson,Nashville,4/16/2020 1:47:00 PM,2,0,0,36.151760,-86.768630,2ND AVS,,,,0.00,,,I40 W EXT RAMP,,,,0.00,Y,Four-Way,Y,Entrance/Exit Ramp Related,None,,,         ,Erik,Wagner,Clear,Angle,no,no,no,no,no,False
102693186,METROPOLITAN NASHVILLE POLICE DEPT,20200270647,Davidson,Nashville,4/16/2020 1:43:00 PM,3,1,0,36.169470,-86.806620,DR D B TODD JR BLVD,,,,0.00,Feet,,JEFFERSON ST,,,,0.00,Y,Four-Way,N,Intersection-Related,None,,,         ,Andy,Esqueda,Clear,Front to Rear,no,no,no,no,yes,False
102693197,METROPOLITAN NASHVILLE POLICE DEPT,2020-0270610,Davidson,Nashville,4/16/2020 1:30:00 PM,2,1,0,36.137570,-86.800760,WEDGEWOOD AV,,,,0.00,,,21ST AVS,,,,0.00,Y,Four-Way,N,Intersection-Related,None,,,         ,Po,Cheng,Clear,Angle,no,no,no,no,no,Campus
102693221,METROPOLITAN NASHVILLE POLICE DEPT,20200270853,Davidson,Nashville,4/16/2020 3:24:00 PM,2,0,0,36.042850,-86.606550,MURFREESBORO PKE,,,,0.00,,,HOBSON PKE,,,,0.00,Y,Four-Way,N,Intersection-Related,None,,,         ,Edward,Starke,Clear,Front to Rear,no,no,no,no,no,False
102693223,METROPOLITAN NASHVILLE POLICE DEPT,20200270914,Davidson,Nashville,4/16/2020 3:35:00 PM,2,0,0,36.132350,-86.894250,CHARLOTTE PKE,,,,272.00,Feet,West,I40 E ENT RAMP,,,,0.00,N,Not at Intersection,N,Non-Junction,None,,,         ,Devonte,Coleman,Clear,Front to Rear,no,no,no,no,no,False
102693234,METROPOLITAN NASHVILLE POLICE DEPT,20200271043,Davidson,Nashville,4/16/2020 3:45:00 PM,2,0,0,36.231580,-86.724890,GALLATIN PKE,,,,118.00,Feet,North,HAYSBORO AV,,,,0.00,N,Not at Intersection, ,Non-Junction,None,,,         ,Christopher,Beery,Clear,Angle,no,no,no,no,no,False
102693249,METROPOLITAN NASHVILLE POLICE DEPT,20200271130,Davidson,Nashville,4/16/2020 5:03:00 PM,2,0,0,36.183650,-86.610660,OLD HICKORY BLVD,,,,0.00,,,ANDREW JACKSON PKWY,,,,0.00,Y,Four-Way, ,,None,,,         ,David,Stanley,,,no,no,no,no,no,False
102693268,METROPOLITAN NASHVILLE POLICE DEPT,20200271044,Davidson,Nashville,4/16/2020 4:25:00 PM,1,0,0,36.193600,-86.767200,MERIDIAN ST,,,,130.00,Feet,South,DOUGLAS AV,,,,0.00,N,Not at Intersection,N,Non-Junction,None,,,         ,Ty,Cummings,Clear,Not Collision with Motor Vehicle in Transport,no,no,no,no,yes,False
102693274,METROPOLITAN NASHVILLE POLICE DEPT,20200271367,Davidson,Nashville,4/16/2020 7:00:00 PM,1,1,0,36.083580,-86.727540,NOLENSVILLE PKE,,,,67.00,Feet,North,WELCH RD,,,,0.00,N,Not at Intersection,N,Non-Junction,None,,,         ,Darci,Stechman,Clear,Not Collision with Motor Vehicle in Transport,yes,no,no,no,yes,False
102693276,METROPOLITAN NASHVILLE POLICE DEPT,20200270860,Davidson,Nashville,4/16/2020 3:25:00 PM,2,0,0,36.108980,-86.679700,MURFREESBORO PKE,,,,935.00,Feet,South,AIR FREIGHT BLVD,,,,0.00,N,Not at Intersection,N,Non-Junction,None,,,         ,Dontaveous,Eubanks,Clear,Front to Rear,no,no,no,no,no,False
102693296,GOODLETTSVILLE POLICE DEPT,20-12772,Davidson,Goodlettsville,4/15/2020 6:46:00 PM,2,0,0,36.301180,-86.710510,I 65,,,,0.00,,,,,,,95.25,N,Not at Intersection,N,Non-Junction,None,,,         ,Zachary,Scannell,Clear,Not Collision with Motor Vehicle in Transport,no,no,no,no,no,False
102693303,METROPOLITAN NASHVILLE POLICE DEPT,20200271551,Davidson,Nashville,4/16/2020 8:31:00 PM,2,1,0,36.195270,-86.752680,ELLINGTON PKWYS,,,,5.00,Feet,South,ELLINGTON PKWY S EXT RAMP,,,,0.00,N,Not at Intersection,N,Non-Junction,None,,,         ,Ty,Cummings,Clear,"Sideswipe, Same Direction",no,no,no,no,no,False
102693305,METROPOLITAN NASHVILLE POLICE DEPT,20200271224,Davidson,Nashville,4/16/2020 5:52:00 PM,2,0,0,36.045620,-86.719900,OLD HICKORY BLVD,,,,40.00,Feet,West,ZERMATT AV,,,,0.00,N,Not at Intersection, ,Non-Junction,None,,,         ,Brandon,Hughes,Clear,Front to Rear,no,no,no,no,no,False
102693317,METROPOLITAN NASHVILLE POLICE DEPT,20200271580,Davidson,Nashville,4/16/2020 8:42:00 PM,1,1,0,36.083650,-86.647220,MURFREESBORO PKE,,,,0.00,,,BROOKSBORO PL,,,,0.00,Y,Four-Way,N,Intersection,None,,,         ,Steven,Powers,Clear,Not Collision with Motor Vehicle in Transport,no,no,no,no,no,False
102693329,METROPOLITAN NASHVILLE POLICE DEPT,20200271075,Davidson,Not in City Limit,4/16/2020 4:42:00 PM,1,0,0,36.279400,-86.947190,HIGDON RD,,,,692.00,Feet,West,RIDGE RD,,,,0.00,N,Not at Intersection,N,Non-Junction,None,,,         ,Wesley,Carver,Clear,Not Collision with Motor Vehicle in Transport,no,no,no,no,no,False
102693333,METROPOLITAN NASHVILLE POLICE DEPT,20200269760,Davidson,Not in City Limit,4/16/2020 5:10:00 AM,2,0,0,36.300910,-86.812250,I 24,,,,0.00,,,,,,,38.75,N,Not at Intersection,N,Non-Junction,None,,,         ,Joseph,Gawlowski,Clear,"Sideswipe, Same Direction",no,no,no,no,no,False
102693337,METROPOLITAN NASHVILLE POLICE DEPT,20200271829,Davidson,Nashville,4/16/2020 11:00:00 PM,1,0,0,36.127100,-86.728330,I 24,,,,0.00,,,,,,,51.40,N,Not at Intersection,N,Non-Junction,None,,,         ,Garrett,Reingardt,Clear,Not Collision with Motor Vehicle in Transport,no,no,no,no,no,False
102693339,METROPOLITAN NASHVILLE POLICE DEPT,20200271919,Davidson,Nashville,4/16/2020 11:50:00 PM,2,1,0,36.036620,-86.645130,I 24,,,,0.00,,,,,,,60.40,N,Not at Intersection,N,Non-Junction,None,,,         ,McKenzie,Harper,Clear,Front to Rear,no,no,no,no,yes,False
102693366,METROPOLITAN NASHVILLE POLICE DEPT,20200270595,Davidson,Nashville,4/16/2020 1:04:00 PM,2,0,0,36.158560,-86.787590,GRUNDY ST,,,,0.00,,,11TH AVN,,,,0.00,Y,T-Intersection,N,Intersection,None,,,         ,Byron,Carter,Clear,Rear to Side,no,no,no,no,yes,False
102693382,METROPOLITAN NASHVILLE POLICE DEPT,20200272671,Davidson,Nashville,4/17/2020 7:43:00 AM,2,1,0,36.169060,-86.682400,FAIRWAY DR,,,,0.00,,,LEBANON PKE,,,,0.00,Y,Four-Way,N,Intersection,None,,,         ,Michael,Dance,Clear,Angle,no,no,no,no,no,False
102693432,METROPOLITAN NASHVILLE POLICE DEPT,20200272597,Davidson,Antioch,4/17/2020 6:59:00 AM,1,0,0,36.051610,-86.618920,SANDPIPER LN,,,,2481.00,Feet,North,KESTENBAUM CT,,,,0.00,N,Not at Intersection,N,Non-Junction,None,,,         ,Patrick,Martin,Clear,Not Collision with Motor Vehicle in Transport,no,no,no,no,yes,False
102693438,METROPOLITAN NASHVILLE POLICE DEPT,20200273033,Davidson,Goodlettsville,4/17/2020 12:00:00 AM,2,0,0,36.296410,-86.699620,GALLATIN PKEN,,,,193.00,Feet,North,MCHENRY CENTER PVTDR,,,,0.00,N,Not at Intersection,N,Non-Junction,None,,,         ,Keenan,McCann,Clear,Front to Rear,no,no,no,no,yes,False
102693446,METROPOLITAN NASHVILLE POLICE DEPT,20200273164,Davidson,Nashville,4/17/2020 11:52:00 AM,2,0,0,36.169760,-86.766710,I 24,,,,0.00,,,,,,,48.70,N,Not at Intersection, ,,None,,,         ,Megan,Lamon,,,no,no,no,no,no,False
102693456,METROPOLITAN NASHVILLE POLICE DEPT,20200273052,Davidson,Nashville,4/17/2020 10:42:00 AM,2,0,0,36.089420,-86.702820,I 24,,,,0.00,,,,,,,55.45,N,Not at Intersection,N,Non-Junction,None,,,         ,Patrick,Martin,Clear,"Sideswipe, Same Direction",no,no,no,no,no,False
102693457,METROPOLITAN NASHVILLE POLICE DEPT,20200273190,Davidson,Nashville,4/17/2020 12:00:00 PM,2,1,0,36.146810,-86.808710,WEST END AV,,,,25.00,Feet,West,25TH AVN,,,,0.00,N,Not at Intersection, ,Non-Junction,None,,,         ,Shawn,Kaelin,Clear,Front to Rear,no,no,no,no,no,Campus
102693461,METROPOLITAN NASHVILLE POLICE DEPT,20200273228,Davidson,Nashville,4/17/2020 12:29:00 PM,2,0,0,36.232760,-86.747190,ELLINGTON PKWYN,,,,0.00,,,I65 N ENT RAMP,,,,0.00,Y,Y-Intersection,Y,Entrance/Exit Ramp Related,None,,,         ,Russell,Freeman,Clear,Unknown,no,no,no,no,yes,False
102693462,METROPOLITAN NASHVILLE POLICE DEPT,20200273221,Davidson,Not in City Limit,4/17/2020 12:15:00 PM,2,0,0,36.281980,-86.805140,I 24,,,,0.00,,,,,,,40.10,N,Not at Intersection, ,Non-Junction,None,,,         ,Wesley,Young,Clear,Front to Rear,no,no,no,no,no,False
102693468,METROPOLITAN NASHVILLE POLICE DEPT,2020-0273303,Davidson,Goodlettsville,4/17/2020 12:55:00 PM,2,0,0,36.304710,-86.688980,NORTHSIDE FESTIVAL PVTDR,,,,0.00,,,LIBERTY LN,,,,0.00,Y,Four-Way, ,Intersection,None,,,         ,Travis,Baxter,Clear,Front to Rear,no,no,no,no,no,False
102693473,METROPOLITAN NASHVILLE POLICE DEPT,20200273292,Davidson,Not in City Limit,4/17/2020 1:00:00 PM,2,0,0,36.082120,-86.957950,HIGHWAY 70S,,,,113.00,Feet,East,HARPETH VALLEY RD,,,,0.00,N,Not at Intersection, ,,None,,,         ,Curtis,Rich,,,no,no,no,no,no,False
102693488,METROPOLITAN NASHVILLE POLICE DEPT,2020-0273193,Davidson,Nashville,4/17/2020 11:30:00 AM,2,0,0,36.129250,-86.775310,WHITE AV,,,,28.00,Feet,North,BRADFORD AV,,,,0.00,N,Not at Intersection,N,Non-Junction,None,,,         ,Po,Cheng,Clear,Angle,no,no,no,no,yes,False
102693489,METROPOLITAN NASHVILLE POLICE DEPT,20200273357,Davidson,Nashville,4/17/2020 1:30:00 PM,2,0,0,36.124980,-86.847640,WOODMONT BLVD,,,,0.00,,,HARDING PKE,,,,0.00,Y,OTHER, ,,None,,,         ,George,Spencer,,,no,no,no,no,no,False
102693491,METROPOLITAN NASHVILLE POLICE DEPT,20200273147,Davidson,Nashville,4/17/2020 11:39:00 AM,2,1,0,36.124810,-86.752090,NOLENSVILLE PKE,,,,71.00,Feet,South,ROSEDALE AV,,,,0.00,N,Not at Intersection,N,Non-Junction,None,,,         ,William,Caillouette,Clear,Angle,no,no,no,no,no,False
102693497,METROPOLITAN NASHVILLE POLICE DEPT,20200273212,Davidson,Nashville,4/17/2020 12:10:00 PM,1,0,0,36.154390,-86.818360,28TH AVN,,,,162.00,Feet,North,CHARLOTTE AV,,,,0.00,N,Not at Intersection, ,Non-Junction,None,,,         ,Keith,Parlato,Clear,Not Collision with Motor Vehicle in Transport,no,no,no,no,yes,False
102693524,METROPOLITAN NASHVILLE POLICE DEPT,20200272877,Davidson,Nashville,4/17/2020 9:15:00 AM,2,0,0,36.025640,-86.711280,ALTHORP WAY,,,,0.00,,,LENOX VILLAGE DR,,,,0.00,Y,Five Point Or More,N,Intersection-Related,None,,,         ,Alex,Moore,Clear,HeadOn,no,no,no,no,no,False
102693525,METROPOLITAN NASHVILLE POLICE DEPT,20200273186,Davidson,Nashville,4/17/2020 11:56:00 AM,1,2,0,36.066880,-86.599780,MT VIEW RD,,,,0.00,,,TRU LONG DR,,,,0.00,Y,OTHER,N,Non-Junction,None,,,         ,Alex,Moore,Clear,Not Collision with Motor Vehicle in Transport,no,no,no,no,no,False
102693526,METROPOLITAN NASHVILLE POLICE DEPT,20200273279,Davidson,Nashville,4/17/2020 11:20:00 AM,2,1,0,36.064810,-86.622110,HAMILTON CHURCH RD,,,,0.00,,,OWENDALE DR,,,,0.00,Y,T-Intersection,N,Intersection-Related,None,,,         ,Alex,Moore,Clear,Front to Rear,no,no,no,no,no,False
102693528,METROPOLITAN NASHVILLE POLICE DEPT,20200273568,Davidson,Nashville,4/17/2020 3:04:00 PM,2,0,0,36.211490,-86.921020,OLD HICKORY BLVD,,,,6.00,Feet,North,STATE HWY 12,,,,0.00,N,Not at Intersection,N,Non-Junction,None,,,         ,Cory,Fetner,Clear,Angle,no,no,no,no,no,False
102693538,METROPOLITAN NASHVILLE POLICE DEPT,20200273500,Davidson,Nashville,4/17/2020 12:00:00 AM,2,0,0,36.232290,-86.624730,OLD HICKORY BLVD,,,,0.00,Feet,,SHUTE LN,,,,0.00,Y,T-Intersection,N,Intersection,None,,,         ,Zaire,Murray,Clear,HeadOn,no,no,no,no,no,False
102693540,METROPOLITAN NASHVILLE POLICE DEPT,20200273517,Davidson,Nashville,4/17/2020 2:51:00 PM,2,0,0,36.193590,-86.763260,DOUGLAS AVE,,,,0.00,,,LISCHEY AVE,,,,0.00,Y,Four-Way,Y,Intersection,None,,,         ,Sarah,Cartwright,Clear,"Sideswipe, Opposite Direction",no,no,no,no,no,False
102693541,METROPOLITAN NASHVILLE POLICE DEPT,20200273656,Davidson,Not in City Limit,4/17/2020 3:47:00 PM,2,2,0,36.269270,-86.755780,OLD HICKORY BLVD,,,,12.00,Feet,West,DICKERSON PKE,,,,0.00,N,Not at Intersection,Y,Non-Junction,None,,,         ,Jarret,Sonnenberg,Clear,Angle,no,no,no,no,no,False
102693548,METROPOLITAN NASHVILLE POLICE DEPT,20200273740,Davidson,Not in City Limit,4/17/2020 4:09:00 PM,2,0,0,36.256950,-86.714090,GALLATIN PKES,,,,118.00,Feet,South,HARRINGTON AV,,,,0.00,N,Not at Intersection,N,Non-Junction,None,,,         ,Bryan,Musgrave,Clear,Angle,no,no,no,no,no,False
102693550,METROPOLITAN NASHVILLE POLICE DEPT,20200273736,Davidson,Nashville,4/17/2020 4:00:00 PM,2,0,0,36.058670,-86.678520,I 24,,,,0.00,,,,,,,58.00,N,Not at Intersection,N,Non-Junction,None,,,         ,Edward,Starke,Clear,Front to Rear,no,no,no,no,yes,False
102693551,METROPOLITAN NASHVILLE POLICE DEPT,20200273866,Davidson,Nashville,4/17/2020 4:12:00 PM,2,0,0,36.123680,-86.810970,I440 E EXT RAMP,,,,0.00,Feet,East,I 440,,,,0.00,N,Not at Intersection,Y,Entrance/Exit Ramp Related,None,,,         ,Devonte,Coleman,Clear,Front to Rear,no,no,no,no,no,False
102693555,METROPOLITAN NASHVILLE POLICE DEPT,20200273658,Davidson,Nashville,4/17/2020 3:47:00 PM,2,0,0,36.047570,-86.663120,I 24,,,,0.00,,,,,,,59.15,N,Not at Intersection,N,Non-Junction,None,,,         ,Joel,Bennett,Clear,"Sideswipe, Same Direction",no,no,no,no,no,False
102693557,METROPOLITAN NASHVILLE POLICE DEPT,20200273789,Davidson,Nashville,4/17/2020 4:11:00 PM,2,0,0,36.017290,-86.619800,OLD HICKORY BLVD,,,,161.00,Feet,North,FIRESTONE PKWY,,,,0.00,N,Not at Intersection, ,Non-Junction,None,,,         ,Edward,Starke,Clear,Front to Rear,no,no,no,no,no,False
102693570,METROPOLITAN NASHVILLE POLICE DEPT,20200273860,Davidson,Goodlettsville,4/17/2020 4:40:00 PM,1,1,0,36.293460,-86.696050,MYATT DR,,,,182.00,Feet,South,SPRING BRANCH DR,,,,0.00,N,Not at Intersection,N,Non-Junction,None,,,         ,Zachary,Scott,Clear,Not Collision with Motor Vehicle in Transport,no,no,no,no,no,False
102693574,METROPOLITAN NASHVILLE POLICE DEPT,20200274004,Davidson,Not in City Limit,4/17/2020 5:56:00 PM,2,1,0,36.267610,-86.730630,N MARTHONA RD,,,,9.00,Feet,East,N GRAYCROFT AV,,,,0.00,N,Not at Intersection, ,Non-Junction,None,,,         ,Bradley,Fort,Clear,Front to Rear,no,no,no,no,no,False
102693577,METROPOLITAN NASHVILLE POLICE DEPT,20200273920,Davidson,Nashville,4/17/2020 5:05:00 PM,2,0,0,36.156560,-86.665000,EMERY DR,,,,0.00,Feet,North,DONELSON PKE,,,,0.00,N,Not at Intersection,N,Non-Junction,None,,,         ,Peter,Kinsey,Clear,Angle,no,no,no,no,no,False
102693579,METROPOLITAN NASHVILLE POLICE DEPT,20200273967,Davidson,Nashville,4/17/2020 5:24:00 PM,2,2,0,36.141130,-86.627970,BELL RD,,,,0.00,Feet,,ELM HILL PKE,,,,0.00,Y,T-Intersection,N,Intersection,None,,,         ,Mary,Robinson,Clear,Angle,no,no,no,no,no,False
102693585,METROPOLITAN NASHVILLE POLICE DEPT,20200273771,Davidson,Nashville,4/17/2020 4:18:00 PM,1,0,0,36.138710,-86.889290,I 40,,,,0.00,,,,,,,201.90,N,Not at Intersection, ,Non-Junction,None,,,         ,Theodore,Meskers,Clear,Not Collision with Motor Vehicle in Transport,no,no,no,no,no,False
102693587,METROPOLITAN NASHVILLE POLICE DEPT,20200274008,Davidson,Nashville,4/17/2020 5:27:00 PM,3,1,0,36.199400,-86.620560,OLD HICKORY BLVD,,,,37.00,Feet,South,LEBANON PKE WB EXT RAMP,,,,0.00,N,Not at Intersection,N,Non-Junction,None,,,         ,David,Stanley,Clear,Front to Rear,no,no,no,no,yes,False
102693592,VANDERBILT UNIVERSITY POLICE,20200268794,Davidson,Nashville,4/15/2020 7:45:00 PM,2,0,0,36.142330,-86.801290,MEDICAL CENTER DR,,,,0.00,,,,,,,0.00,,, ,Non-Junction,None,,,         ,Yarrish,Hammons,Clear,"Sideswipe, Same Direction",no,no,no,no,yes,Campus
102693596,METROPOLITAN NASHVILLE POLICE DEPT,20200274138,Davidson,Nashville,4/17/2020 6:40:00 PM,2,2,0,36.202870,-86.738900,GALLATIN PKE,,,,180.00,Feet,North,LITTON AV,,,,0.00,N,Not at Intersection,N,Non-Junction,None,,,         ,Christopher,Beery,Clear,Angle,no,no,no,no,no,False
102693604,METROPOLITAN NASHVILLE POLICE DEPT,20200273870,Davidson,Nashville,4/17/2020 4:39:00 PM,2,0,0,36.130460,-86.900000,I40 W EXT RAMP,,,,0.00,,,I 40,,,,0.00,Y,T-Intersection, ,Entrance/Exit Ramp Related,None,,,         ,Theodore,Meskers,Clear,"Sideswipe, Same Direction",no,no,no,no,no,False
102693607,METROPOLITAN NASHVILLE POLICE DEPT,20200273493,Davidson,Nashville,4/17/2020 2:42:00 PM,2,3,0,36.110280,-86.766860,POWELL AV,,,,259.00,Feet,South,OLD POWELL AV,,,,0.00,N,Not at Intersection,N,Non-Junction,None,,,         ,FELIKS,ABRAHAMYAN,Clear,Angle,no,no,no,no,no,False
102693608,METROPOLITAN NASHVILLE POLICE DEPT,20200274315,Davidson,Nashville,4/17/2020 8:15:00 PM,2,0,0,36.150660,-86.824720,ELKINS AV,,,,288.00,Feet,West,33RD AVN,,,,0.00,N,Not at Intersection,N,Non-Junction,None,,,         ,Devonte,Coleman,Rain,Other,no,no,no,no,yes,False
102693620,METROPOLITAN NASHVILLE POLICE DEPT,20200274358,Davidson,Nashville,4/17/2020 8:40:00 PM,2,0,0,36.146600,-86.742960,I 40,,,,0.00,,,,,,,212.10,N,Not at Intersection,N,Non-Junction,None,,,         ,Reagan,Heath,Clear,Angle,no,no,no,no,yes,False
102693623,METROPOLITAN NASHVILLE POLICE DEPT,20200274365,Davidson,Nashville,4/17/2020 8:45:00 PM,2,0,0,36.168380,-86.687960,BRILEY PKWY N EXT RAMP,,,,0.00,,,BRILEY PKWY N ENT RAMP,,,,0.00,Y,Four-Way, ,,None,,,         ,Peter,Kinsey,,,no,no,no,no,no,False
102693634,METROPOLITAN NASHVILLE POLICE DEPT,20200273990,Davidson,Nashville,4/17/2020 5:08:00 PM,2,0,0,36.182900,-86.799340,I65 S ENT RAMP,,,,0.00,,,I 65,,,,0.00,Y,OTHER,N,Entrance/Exit Ramp Related,None,,,         ,Michael,Douglas,Clear,"Sideswipe, Same Direction",no,no,no,no,yes,False
102693645,METROPOLITAN NASHVILLE POLICE DEPT,20200274533,Davidson,Nashville,4/17/2020 10:00:00 PM,2,2,0,36.195830,-86.619370,OLD HICKORY BLVD,,,,52.00,Feet,North,OLD HICKORY BLVD PVTDR,,,,0.00,N,Not at Intersection,N,Non-Junction,None,,,         ,Jeffrey,Mullins,Rain,Angle,no,no,no,no,no,False
102693649,Nashville Airport Police,2020-01176,Davidson,Nashville,4/17/2020 10:13:00 PM,2,0,0,36.137170,-86.664870,SATELLITE WAY,,,,0.00,,,SATELLITE WAY ENT RAMP,,,,0.00,Y,T-Intersection, ,Non-Junction,None,,,         ,Daniel,Littleton,Cloudy,"Sideswipe, Same Direction",no,no,no,no,yes,False
102693666,METROPOLITAN NASHVILLE POLICE DEPT,20200274709,Davidson,Nashville,4/17/2020 11:58:00 PM,1,1,0,36.158410,-86.822210,I 40,,,,0.00,,,,,,,206.00,N,Not at Intersection,N,Non-Junction,None,,,         ,Joshua,Asbell,Rain,Not Collision with Motor Vehicle in Transport,no,no,no,no,no,False
102693672,METROPOLITAN NASHVILLE POLICE DEPT,20200274756,Davidson,Nashville,4/18/2020 12:26:00 AM,2,1,0,36.134880,-86.723810,MURFREESBORO PKE,,,,197.00,Feet,East,I24 W EXT RAMP,,,,0.00,N,Not at Intersection,N,Non-Junction,None,,,         ,Randall,Ward,Rain,Front to Rear,no,no,no,no,yes,False
102693673,METROPOLITAN NASHVILLE POLICE DEPT,20200274703,Davidson,Nashville,4/17/2020 11:52:00 PM,2,1,0,36.150800,-86.770110,I 40,,,,0.00,,,,,,,210.40,N,Not at Intersection,N,Non-Junction,None,,,         ,Jason,Kedzierski,Rain,Not Collision with Motor Vehicle in Transport,no,no,no,no,no,False
102693677,METROPOLITAN NASHVILLE POLICE DEPT,20200274638,Davidson,Nashville,4/17/2020 11:15:00 PM,1,0,0,36.012930,-86.610680,HEIL QUAKER,BLVD,,,0.00,,,FIRESTONE,PKWY,,,0.00,Y,Four-Way,Y,Intersection-Related,None,,,         ,McKenzie,Harper,Rain,Not Collision with Motor Vehicle in Transport,no,no,no,no,no,False
102693682,METROPOLITAN NASHVILLE POLICE DEPT,20200274844,Davidson,Nashville,4/18/2020 1:17:00 AM,1,0,0,36.126590,-86.727810,I 24,,,,0.00,,,,,,,51.40,N,Not at Intersection,N,Non-Junction,None,,,         ,Robert,Leverick,Rain,Not Collision with Motor Vehicle in Transport,no,no,no,no,no,False
102693688,METROPOLITAN NASHVILLE POLICE DEPT,20200274779,Davidson,Nashville,4/18/2020 12:45:00 AM,3,0,0,36.157290,-86.760420,I40 W ENT RAMP,,,,0.00,Feet,East,I 24,,,,0.00,N,Not at Intersection, ,Non-Junction,None,,,         ,Sean,Weaver,Rain,Not Collision with Motor Vehicle in Transport,no,no,no,no,no,False
102693718,METROPOLITAN NASHVILLE POLICE DEPT,20200274867,Davidson,Nashville,4/18/2020 1:39:00 AM,1,0,0,36.067410,-86.631250,MURFREESBORO PKE,,,,0.00,,,FOREST VIEW DR,,,,0.00,Y,Four-Way,Y,Intersection,None,,,         ,McKenzie,Harper,Cloudy,Not Collision with Motor Vehicle in Transport,no,no,no,no,yes,False
102693788,METROPOLITAN NASHVILLE POLICE DEPT,20200275595,Davidson,Nashville,4/18/2020 11:05:00 AM,2,2,0,36.045870,-86.674970,BELL RD,,,,193.00,Feet,West,BLUE HOLE RD,,,,0.00,N,Not at Intersection,N,Non-Junction,None,,,         ,Gregory,Dixon,Clear,"Sideswipe, Same Direction",no,no,no,no,no,False
102693789,METROPOLITAN NASHVILLE POLICE DEPT,20200275531,Davidson,Nashville,4/18/2020 12:00:00 AM,1,0,0,36.101700,-86.802020,BELMONT BLVD,,,,148.00,Feet,North,SHACKLEFORD RD,,,,0.00,N,Not at Intersection, ,,None,,,         ,Joel,Cottrill,,,no,no,no,no,no,False
102693792,METROPOLITAN NASHVILLE POLICE DEPT,20200275656,Davidson,Not in City Limit,4/18/2020 11:55:00 AM,2,0,0,36.080450,-86.955010,HIGHWAY 70S,,,,79.00,Feet,West,I40 E ENT RAMP,,,,0.00,N,Not at Intersection, ,Non-Junction,None,,,         ,Wesley,Tilley,Clear,Front to Rear,no,no,no,no,no,False
102693819,METROPOLITAN NASHVILLE POLICE DEPT,20200275824,Davidson,Nashville,4/18/2020 1:50:00 PM,2,0,0,36.129420,-86.816720,I 440,,,,0.00,,,,,,,2.00,N,Not at Intersection, ,Non-Junction,Construction Zone,,,         ,Jackson,Smythe,Clear,"Sideswipe, Same Direction",no,no,no,no,no,False