master_record_number,agency,agency_tracking_number,county,city,collision_date,vehicles_involved,number_injured,number_dead,latitude,longitude,roadway_name,roadway_suffix,roadway_number,roadway_local_id,distance_from_reference,miles-feet_indicator,direction_from_reference,intersection_road_name,intersection_road_name_suffix,intersection_road_number,intersection_local_id,mile_marker,intersection_indicator,intersect_type,interchange_related_indicator,relation_to_junction,work_zone_type,construction_maintenance_zone,construction_maintenance_zone_location,fatal_case_number,officer_first_name,officer_last_name,weather_condition(s),manner_of_crash,pedestrian,bicycle,scooter,parking,hitrun,mou
102694294,METROPOLITAN NASHVILLE POLICE DEPT,20200279215,Davidson,Nashville,4/20/2020 3:54:00 AM,1,0,0,36.048380,-86.664500,I 24,,,,0.00,,,,,,,59.00,N,Not at Intersection,N,Non-Junction,Construction Zone,Work On Shoulder Or Median,Before First Warning Area,         ,David,Simmonds,Clear,Not Collision with Motor Vehicle in Transport,no,no,no,no,no,False
102694295,METROPOLITAN NASHVILLE POLICE DEPT,20200278799,Davidson,Nashville,4/19/2020 11:47:00 PM,2,0,0,36.045820,-86.674730,BELL RD,,,,116.00,Feet,West,BLUE HOLE RD,,,,0.00,N,Not at Intersection,N,Non-Junction,None,,,         ,Jose,Oliveros,Rain,Front to Rear,no,no,no,no,yes,False
102694297,METROPOLITAN NASHVILLE POLICE DEPT,20200279050,Davidson,Madison,4/20/2020 12:30:00 AM,2,0,0,36.247720,-86.672450,CANTON PASS,,,,144.00,Feet,South,BLACKFOOT CT,,,,0.00,N,Not at Intersection,N,Non-Junction,None,,,         ,Natalie,Robinson,Rain,Angle,no,no,no,no,yes,False
102694310,METROPOLITAN NASHVILLE POLICE DEPT,20200279425,Davidson,Nashville,4/20/2020 6:34:00 AM,2,0,0,36.173590,-86.602150,CENTRAL PKE,,,,0.00,Feet,East,OLD HICKORY BLVD,,,,0.00,N,Not at Intersection, ,Non-Junction,None,,,         ,Joseph,Patricio,Clear,Angle,no,no,no,no,no,False
102694320,METROPOLITAN NASHVILLE POLICE DEPT,20200279484,Davidson,Nashville,4/20/2020 7:06:00 AM,2,0,0,36.138420,-86.726800,I 24,,,,0.00,,,,,,,52.40,N,Not at Intersection, ,Non-Junction,None,,,         ,Michael,Dance,Clear,"Sideswipe, Same Direction",no,no,no,no,no,False
102694324,METROPOLITAN NASHVILLE POLICE DEPT,20200279483,Davidson,Nashville,4/20/2020 7:06:00 AM,2,0,0,36.154270,-86.759390,I 40,,,,0.00,,,,,,,211.00,N,Not at Intersection,N,Non-Junction,None,,,         ,Michael,Dance,Clear,"Sideswipe, Same Direction",no,no,no,no,yes,False
102694326,METROPOLITAN NASHVILLE POLICE DEPT,20200279472,Davidson,Nashville,4/20/2020 7:00:00 AM,1,0,0,36.115710,-86.781100,I65 ENT RAMP,,,,0.00,,,I 440,,,,0.00,Y,OTHER, ,Entrance/Exit Ramp Related,Construction Zone,,,         ,Brent,Bauer,Clear,Not Collision with Motor Vehicle in Transport,no,no,no,no,no,False
102694341,METROPOLITAN NASHVILLE POLICE DEPT,20200279418,Davidson,Nashville,4/20/2020 6:27:00 AM,1,2,0,36.081420,-86.698790,LINBAR DR,,,,931.00,Feet,East,I24 W EXT RAMP,,,,0.00,N,Not at Intersection,N,Non-Junction,None,,,         ,Patrick,Martin,Clear,Not Collision with Motor Vehicle in Transport,no,no,no,no,no,False
102694342,METROPOLITAN NASHVILLE POLICE DEPT,20200279431,Davidson,Nashville,4/20/2020 6:37:00 AM,2,0,0,36.242000,-86.756990,US HWY 31W,,,,0.00,,,-- UNKNOWN RAMP/ROAD --,,,,0.00,Y,Four-Way,Y,Intersection,None,,,         ,Ruben,Mariano,Clear,Angle,no,no,no,no,no,False
102694352,METROPOLITAN NASHVILLE POLICE DEPT,20200279767,Davidson,Nashville,4/20/2020 9:00:00 AM,2,0,0,36.164540,-86.784980,CHARLOTTE AVE,,,,200.00,Feet,East,6TH AVE,,,,0.00,N,Not at Intersection, ,,None,,,         ,Rachel,Susee,,,no,no,no,no,no,False
102694360,METROPOLITAN NASHVILLE POLICE DEPT,20200279765,Davidson,Nashville,4/20/2020 8:50:00 AM,2,0,0,36.153410,-86.763870,I 40,,,,0.00,,,,,,,210.75,N,Not at Intersection, ,Non-Junction,None,,,         ,Michael,Dance,Clear,"Sideswipe, Same Direction",no,no,no,no,no,False
102694370,METROPOLITAN NASHVILLE POLICE DEPT,20200279884,Davidson,Nashville,4/20/2020 9:55:00 AM,1,1,0,36.161660,-86.819120,HERMAN ST,,,,37.00,Feet,East,28TH AVN,,,,0.00,N,Not at Intersection,N,Non-Junction,None,,,         ,Jordan,Vrbas,Clear,Not Collision with Motor Vehicle in Transport,yes,no,no,no,no,False
102694386,METROPOLITAN NASHVILLE POLICE DEPT,20200280056,Davidson,Nashville,4/20/2020 11:00:00 AM,2,2,0,36.153050,-86.726800,LEBANON PKE,,,,1565.00,Feet,West,SPENCE LN,,,,0.00,N,Not at Intersection,N,"Driveway, Alley Access, etc",None,,,         ,Michael,Dance,Clear,Angle,no,no,no,no,no,False
102694388,METROPOLITAN NASHVILLE POLICE DEPT,20200280155,Davidson,Nashville,4/20/2020 11:44:00 AM,2,0,0,36.149070,-86.863100,CHARLOTTE PKE,,,,392.00,Feet,South,LELLYETT ST,,,,0.00,N,Not at Intersection, ,Non-Junction,None,,,         ,Curtis,Rich,Clear,"Sideswipe, Same Direction",no,no,no,no,no,False
102694403,METROPOLITAN NASHVILLE POLICE DEPT,20200280205,Davidson,Nashville,4/20/2020 12:13:00 PM,2,0,0,36.072430,-86.658900,PEBBLE CREEK DR,,,,0.00,,,TREETOP DR,,,,0.00,Y,T-Intersection,N,Intersection,None,,,         ,Patrick,Martin,Clear,Angle,no,no,no,no,no,False
102694414,METROPOLITAN NASHVILLE POLICE DEPT,20200280291,Davidson,Nashville,4/19/2020 12:51:00 PM,2,0,0,36.093590,-86.644920,LONGHUNTER LN,,,,148.00,Feet,East,VILLAGE HILLS DR,,,,0.00,N,Not at Intersection, ,Non-Junction,None,,,         ,Tony,Folad,Unknown,Unknown,no,no,no,no,yes,False
102694418,METROPOLITAN NASHVILLE POLICE DEPT,2020-0280336,Davidson,Not in City Limit,4/20/2020 12:45:00 PM,2,0,0,36.261240,-86.713660,GALLATIN PKES,,,,0.00,,,,,,,0.00,,,N,OtherLocation,None,,,         ,Travis,Baxter,Clear,"Sideswipe, Same Direction",no,no,no,yes,yes,False
102694419,METROPOLITAN NASHVILLE POLICE DEPT,20200280380,Davidson,Not in City Limit,4/20/2020 1:18:00 PM,2,0,0,36.261240,-86.712530,GALLATIN PKES,,,,0.00,,,MAPLE ST,,,,0.00,Y,T-Intersection, ,,None,,,         ,Michelle,Steidl,,,no,no,no,no,no,False
102694422,METROPOLITAN NASHVILLE POLICE DEPT,20200280198,Davidson,Nashville,4/20/2020 12:30:00 PM,2,0,0,36.167150,-86.779610,JAMES ROBERTSON PKWY,,,,0.00,,,3RD AVN,,,,0.00,Y,Four-Way, ,,None,,,         ,Wesley,Henderson,,,no,no,no,no,no,False
102694423,METROPOLITAN NASHVILLE POLICE DEPT,20200280450,Davidson,Old Hickory,4/20/2020 12:00:00 AM,2,0,0,36.268810,-86.664700,RAYON DR,,,,49.00,Feet,West,KEETON AV,,,,0.00,N,Not at Intersection,N,Non-Junction,None,,,         ,Michael,Dance,Clear,"Sideswipe, Same Direction",no,no,no,no,yes,False
102694429,METROPOLITAN NASHVILLE POLICE DEPT,20200280352,Davidson,Nashville,4/20/2020 1:11:00 PM,2,0,0,36.188290,-86.822080,CLARKSVILLE PKE,,,,185.00,Feet,West,ROSA L PARKS BLVD,,,,0.00,N,Not at Intersection,N,Non-Junction,None,,,         ,Jordan,Vrbas,Clear,Angle,no,no,no,no,no,False
102694438,METROPOLITAN NASHVILLE POLICE DEPT,20200280386,Davidson,Nashville,4/20/2020 1:26:00 PM,2,0,0,36.239700,-86.773470,STATE HWY 155,,,,125.00,Feet,West,MOOREWOOD DR,,,,0.00,N,Not at Intersection,N,Non-Junction,None,,,         ,Ruben,Mariano,Clear,Not Collision with Motor Vehicle in Transport,no,no,no,no,no,False
102694453,METROPOLITAN NASHVILLE POLICE DEPT,20200280550,Davidson,Nashville,4/20/2020 2:30:00 PM,2,2,0,36.184410,-86.773730,HANCOCK ST,,,,0.00,,,DICKERSON PKE,,,,0.00,Y,T-Intersection,N,Intersection,None,,,         ,Russell,Freeman,Clear,Angle,no,no,no,no,no,False
102694474,METROPOLITAN NASHVILLE POLICE DEPT,20200280739,Davidson,Nashville,4/20/2020 3:34:00 PM,2,0,0,36.152340,-86.690400,ELM HILL PKE,,,,0.00,Feet,,ELM HILL PKE EB EXT RAMP,,,,0.00,Y,Four-Way,N,Intersection,None,,,         ,Jason,Milyaro Lucas,Clear,Angle,no,no,no,no,no,False
102694480,METROPOLITAN NASHVILLE POLICE DEPT,20200280838,Davidson,Nashville,4/20/2020 4:18:00 PM,2,0,0,36.114090,-86.724150,I 24,,,,0.00,,,,,,,53.35,N,Not at Intersection, ,Non-Junction,None,,,         ,Edward,Starke,Clear,"Sideswipe, Same Direction",no,no,no,no,no,False
102694484,METROPOLITAN NASHVILLE POLICE DEPT,20200280621,Davidson,Nashville,4/20/2020 2:55:00 PM,2,0,0,36.150160,-86.857900,CHARLOTTE PKE,,,,15.00,Feet,East,WHITE BRIDGE PKE,,,,0.00,N,Not at Intersection, ,Non-Junction,None,,,         ,Devonte,Coleman,Clear,"Sideswipe, Same Direction",no,no,no,no,no,False
102694489,METROPOLITAN NASHVILLE POLICE DEPT,20200280437,Davidson,Nashville,4/20/2020 1:44:00 PM,2,0,0,36.188100,-86.821760,CLARKSVILLE PKE,,,,69.00,Feet,West,ROSA L PARKS BLVD,,,,0.00,N,Not at Intersection,N,Non-Junction,None,,,         ,Justen,Ogle,Clear,Angle,no,no,no,no,no,False
102694492,METROPOLITAN NASHVILLE POLICE DEPT,20200280802,Davidson,Nashville,4/20/2020 4:03:00 PM,3,2,0,36.121880,-86.727200,I 24,,,,0.00,,,,,,,52.80,N,Not at Intersection,N,Non-Junction,None,,,         ,Joel,Bennett,Clear,Angle,no,no,no,no,no,False
102694493,METROPOLITAN NASHVILLE POLICE DEPT,20200280738,Davidson,Not in City Limit,4/20/2020 3:30:00 PM,1,0,0,36.077470,-87.001550,I 40,,,,0.00,,,,,,,193.55,N,Not at Intersection,N,Non-Junction,None,,,         ,Michael,Sipos,Clear,Not Collision with Motor Vehicle in Transport,no,no,no,no,no,False
102694501,METROPOLITAN NASHVILLE POLICE DEPT,20200280938,Davidson,Nashville,4/20/2020 5:04:00 PM,2,1,0,36.196510,-86.742330,GALLATIN AV,,,,60.00,Feet,South,CAHAL AV,,,,0.00,N,Not at Intersection,N,Non-Junction,None,,,         ,Randy,Puckett,Clear,Front to Rear,no,no,no,no,no,False
102694503,METROPOLITAN NASHVILLE POLICE DEPT,20200280975,Davidson,Nashville,4/20/2020 5:20:00 PM,2,0,0,36.091570,-86.828360,HILLSBORO PKE,,,,87.00,Feet,North,HARDING PL,,,,0.00,N,Not at Intersection, ,Non-Junction,None,,,         ,Devonte,Coleman,Clear,Front to Rear,no,no,no,no,no,False
102694508,METROPOLITAN NASHVILLE POLICE DEPT,20200280962,Davidson,Nashville,4/20/2020 5:19:00 PM,2,0,0,36.152910,-86.783730,11TH AVS,,,,0.00,,,PINE ST,,,,0.00,Y,Four-Way, ,Non-Junction,Utility Zone,,,         ,Michael,Douglas,Clear,"Sideswipe, Same Direction",no,no,no,no,yes,False
102694509,METROPOLITAN NASHVILLE POLICE DEPT,20200281139,Davidson,Nashville,4/20/2020 3:10:00 PM,2,0,0,36.188160,-86.745870,GRANADA AVE,,,,158.00,Feet,East,GALLATIN AVE,,,,0.00,N,Not at Intersection, ,Non-Junction,None,,,         ,Wayne,Helm,Clear,Front to Rear,no,no,no,yes,yes,False
102694512,METROPOLITAN NASHVILLE POLICE DEPT,20200280711,Davidson,Nashville,4/20/2020 3:23:00 PM,2,0,0,36.164340,-86.614420,DODSON CHAPEL RD,,,,0.00,,,ALTA LAKE GRNWY,,,,0.00,Y,T-Intersection,N,Intersection,None,,,         ,Michael,Fox,Clear,Front to Rear,no,no,no,no,no,False
102694513,BERRY HILL POLICE DEPT,20-1451,Davidson,Berry Hill,4/20/2020 12:00:00 AM,2,0,0,36.118860,-86.774590,FRANKLIN PKE,,,,0.00,,,BERRY RD,,,,0.00,Y,Four-Way, ,Intersection,None,,,         ,John,Gleixner,Clear,Front to Rear,no,no,no,no,no,False
102694517,METROPOLITAN NASHVILLE POLICE DEPT,20200280996,Davidson,Nashville,4/20/2020 5:30:00 PM,2,0,0,36.147020,-86.869620,CHARLOTTE PKE,,,,76.00,Feet,West,MARCIA AV,,,,0.00,N,Not at Intersection, ,,None,,,         ,Matthew,Herod,,,no,no,no,no,no,False
102694525,VANDERBILT UNIVERSITY POLICE,20200280974,Davidson,Nashville,4/20/2020 5:00:00 PM,2,0,0,36.141710,-86.805710,24TH AVS,,,,0.00,,,,,,,0.00,,, ,Non-Junction,None,,,         ,V,Greene,Clear,HeadOn,no,no,no,no,no,Campus
102694529,METROPOLITAN NASHVILLE POLICE DEPT,20200281255,Davidson,Nashville,4/20/2020 7:27:00 PM,2,2,0,36.235480,-86.772860,VAILVIEW DR,,,,0.00,Feet,East,BRICKDALE LN,,,,0.00,N,Not at Intersection,N,Non-Junction,None,,,         ,Christopher,Littles,Clear,"Sideswipe, Same Direction",no,no,no,no,no,False
102694540,METROPOLITAN NASHVILLE POLICE DEPT,20200280570,Davidson,Nashville,4/20/2020 2:40:00 PM,2,2,0,36.184890,-86.844260,PANORAMA DR,,,,135.00,Feet,West,OLSEN LN,,,,0.00,N,Not at Intersection,N,Non-Junction,None,,,         ,Jeremy,Spoonemore,Clear,Angle,no,no,no,no,no,False
102694541,METROPOLITAN NASHVILLE POLICE DEPT,20200281278,Davidson,Nashville,4/20/2020 7:20:00 PM,2,0,0,36.174140,-86.797020,MONROE ST,,,,72.00,Feet,West,ARTHUR AV,,,,0.00,N,Not at Intersection,N,Non-Junction,None,,,         ,Timothy,Skopek,Clear,Angle,no,no,no,no,yes,False
102694552,METROPOLITAN NASHVILLE POLICE DEPT,20200281305,Davidson,Nashville,4/20/2020 7:51:00 PM,2,1,0,36.150310,-86.797250,LYLE AV,,,,0.00,,,BROADWAY,,,,0.00,Y,Four-Way, ,Intersection-Related,None,,,         ,FELIKS,ABRAHAMYAN,Clear,Angle,no,no,no,no,no,False
102694559,METROPOLITAN NASHVILLE POLICE DEPT,20200281475,Davidson,Nashville,4/20/2020 9:35:00 PM,2,0,0,36.154330,-86.832920,I 40,,,,0.00,,,,,,,205.35,N,Not at Intersection,N,Non-Junction,None,,,         ,Jonathan,Sharp,Clear,Front to Rear,no,no,no,no,yes,False
102694564,METROPOLITAN NASHVILLE POLICE DEPT,20200281559,Davidson,Nashville,4/20/2020 9:32:00 PM,2,1,0,36.196490,-86.742340,GALLATIN AV,,,,70.00,Feet,South,CAHAL AV,,,,0.00,N,Not at Intersection,N,Non-Junction,None,,,         ,Savannah,Starbuck,Clear,Front to Rear,no,no,no,no,yes,False
102694565,METROPOLITAN NASHVILLE POLICE DEPT,20200281517,Davidson,Nashville,4/20/2020 9:17:00 PM,1,1,0,36.233190,-86.832100,CLARKSVILLE PKE,,,,977.00,Feet,South,ECHO LN,,,,0.00,N,Not at Intersection,N,Non-Junction,None,,,         ,Brian,Woodard,Cloudy,Not Collision with Motor Vehicle in Transport,no,no,no,yes,no,False
102694576,METROPOLITAN NASHVILLE POLICE DEPT,20200281600,Davidson,Nashville,4/20/2020 9:45:00 PM,2,0,0,36.174000,-86.590360,CENTRAL VALLEY DR,,,,0.00,,,GINA BROOKE DR,,,,0.00,Y,T-Intersection,N,Intersection,None,,,         ,Destiny,Zunic,Clear,"Sideswipe, Opposite Direction",no,no,no,no,yes,False
102694580,METROPOLITAN NASHVILLE POLICE DEPT,20200281549,Davidson,Nashville,4/20/2020 9:23:00 PM,1,0,0,36.200280,-86.754260,CHICKASAW AV,,,,0.00,Feet,East,MONTGOMERY AV,,,,0.00,N,Not at Intersection,N,Non-Junction,None,,,         ,Ty,Cummings,Clear,Not Collision with Motor Vehicle in Transport,no,no,no,no,no,False
102694586,METROPOLITAN NASHVILLE POLICE DEPT,20200281664,Davidson,Nashville,4/20/2020 10:05:00 PM,2,0,0,36.248660,-86.715620,E PALESTINE AV,,,,17.00,Feet,West,ARGLE AV,,,,0.00,N,Not at Intersection,N,Non-Junction,None,,,         ,Chad,Mahoney,Clear,Angle,no,no,no,no,no,False
102694589,METROPOLITAN NASHVILLE POLICE DEPT,20200281678,Davidson,Nashville,4/20/2020 10:48:00 PM,1,2,0,36.080360,-86.718180,HARDING PL,,,,75.00,Feet,West,JONQUIL DR,,,,0.00,N,Not at Intersection,N,Non-Junction,None,,,         ,Autumn,Manning,Clear,Not Collision with Motor Vehicle in Transport,no,no,no,no,yes,False
102694598,METROPOLITAN NASHVILLE POLICE DEPT,20200281729,Davidson,Nashville,4/20/2020 11:19:00 PM,1,0,0,36.032560,-86.711360,LABRADOR LN,,,,109.00,Feet,South,POINTER CT,,,,0.00,N,Not at Intersection,N,Non-Junction,None,,,         ,Jose,Oliveros,Clear,Not Collision with Motor Vehicle in Transport,no,no,no,no,no,False
102694613,METROPOLITAN NASHVILLE POLICE DEPT,20200281989,Davidson,Nashville,4/21/2020 1:20:00 AM,1,0,0,36.156560,-86.631680,STEWARTS FERRY PKE,,,,116.00,Feet,West,I40 W ENT RAMP,,,,0.00,N,Not at Intersection,N,Non-Junction,None,,,         ,Jeremy,Crisp,Rain,Not Collision with Motor Vehicle in Transport,no,no,no,no,no,False
102694620,METROPOLITAN NASHVILLE POLICE DEPT,20200282458,Davidson,Nashville,4/21/2020 5:30:00 AM,1,0,0,36.152140,-86.843860,CHARLOTTE AV,,,,138.00,Feet,West,47TH AVN,,,,0.00,N,Not at Intersection, ,Non-Junction,None,,,         ,Gary,Anderson,Clear,Not Collision with Motor Vehicle in Transport,no,no,no,yes,no,False
102694628,METROPOLITAN NASHVILLE POLICE DEPT,20200282325,Davidson,Nashville,4/21/2020 12:00:00 AM,2,0,0,36.067310,-86.687200,I 24,,,,0.00,,,,,,,57.20,N,Not at Intersection,N,Non-Junction,None,,,         ,Antoine,Maghamez,Rain,"Sideswipe, Same Direction",no,no,no,no,no,False
102694659,METROPOLITAN NASHVILLE POLICE DEPT,20200282621,Davidson,Nashville,4/21/2020 6:35:00 AM,2,0,0,36.091230,-86.704290,I 24,,,,0.00,,,,,,,55.30,N,Not at Intersection, ,Non-Junction,None,,,         ,Michael,Moss,Clear,"Sideswipe, Same Direction",no,no,no,no,no,False
102694660,METROPOLITAN NASHVILLE POLICE DEPT,20200282669,Davidson,Nashville,4/21/2020 7:43:00 AM,2,1,0,36.153340,-86.854930,BRILEY PKWY N ENT RAMP,,,,0.00,Feet,East,I 40,,,,0.00,N,Not at Intersection, ,Non-Junction,None,,,         ,Curtis,Rich,Clear,"Sideswipe, Opposite Direction",no,no,no,no,no,False
102694665,METROPOLITAN NASHVILLE POLICE DEPT,20200282698,Davidson,Nashville,4/21/2020 7:45:00 AM,2,0,0,36.044800,-86.662120,BELL RD,,,,176.00,Feet,West,CANE RIDGE RD,,,,0.00,N,Not at Intersection,N,Non-Junction,None,,,         ,Gerald,Gomes,Clear,"Sideswipe, Same Direction",no,no,no,no,yes,False
102694668,METROPOLITAN NASHVILLE POLICE DEPT,20200282678,Davidson,Nashville,4/21/2020 7:50:00 AM,1,1,0,36.160830,-86.793530,CHARLOTTE AV,,,,286.00,Feet,West,GEORGE L DAVIS BLVD,,,,0.00,N,Not at Intersection,N,Non-Junction,None,,,         ,Shawn,Kaelin,Clear,Not Collision with Motor Vehicle in Transport,no,no,no,no,no,False
102694669,METROPOLITAN NASHVILLE POLICE DEPT,20200282628,Davidson,Nashville,4/21/2020 7:30:00 AM,2,0,0,36.178740,-86.812840,22ND AVN,,,,520.00,Feet,South,BUCHANAN ST,,,,0.00,N,Not at Intersection,N,Non-Junction,None,,,         ,Andy,Esqueda,Clear,"Sideswipe, Opposite Direction",no,no,no,no,yes,False
102694686,METROPOLITAN NASHVILLE POLICE DEPT,2020-0282910,Davidson,Nashville,4/21/2020 9:45:00 AM,2,0,0,36.250780,-86.718450,GALLATIN PKES,,,,0.00,,,MOVING CENTER CT,,,,0.00,Y,T-Intersection, ,Intersection-Related,None,,,         ,Travis,Baxter,Clear,Angle,no,no,no,no,no,False
102694691,METROPOLITAN NASHVILLE POLICE DEPT,20200282741,Davidson,Nashville,4/21/2020 8:25:00 AM,2,0,0,36.183780,-86.773800,DICKERSON PKE,,,,219.00,Feet,North,GRACE ST,,,,0.00,N,Not at Intersection,N,Non-Junction,None,,,         ,Russell,Freeman,Clear,"Sideswipe, Same Direction",no,no,no,no,yes,False
102694693,METROPOLITAN NASHVILLE POLICE DEPT,20200282939,Davidson,Nashville,4/21/2020 10:09:00 AM,2,0,0,36.187990,-86.795970,CLAY ST,,,,165.00,Feet,South,DOMINICAN DR,,,,0.00,N,Not at Intersection,N,Non-Junction,None,,,         ,Justen,Ogle,Clear,Front to Rear,no,no,no,yes,yes,False
102694695,METROPOLITAN NASHVILLE POLICE DEPT,20200283025,Davidson,Nashville,4/21/2020 10:50:00 AM,2,0,0,36.137680,-86.820860,I440 W EXT RAMP,,,,0.00,,,WEST END AV,,,,0.00,Y,T-Intersection, ,,None,,,         ,Jackson,Smythe,,,no,no,no,no,no,False
102694697,METROPOLITAN NASHVILLE POLICE DEPT,20200283002,Davidson,Nashville,4/21/2020 10:41:00 AM,2,0,0,36.227250,-86.696830,BRILEY PKWYS,,,,1240.00,Feet,North,MUSIC CITY CIR,,,,0.00,N,Not at Intersection,N,Non-Junction,None,,,         ,Michael,Dance,Clear,"Sideswipe, Same Direction",no,no,no,no,yes,False
102694709,METROPOLITAN NASHVILLE POLICE DEPT,20200283023,Davidson,Nashville,4/21/2020 10:53:00 AM,1,0,0,36.159070,-86.664590,DONELSON PKE,,,,0.00,,,MCCAMPBELL AV,,,,0.00,Y,OTHER, ,,Construction Zone,,,         ,Keith,Covert,,,no,no,no,yes,no,False
102694711,METROPOLITAN NASHVILLE POLICE DEPT,20200283283,Davidson,Not in City Limit,4/21/2020 12:33:00 PM,1,0,0,36.078340,-86.962660,I 40,,,,0.00,,,,,,,195.95,N,Not at Intersection,N,Non-Junction,None,,,         ,Curtis,Rich,Clear,Not Collision with Motor Vehicle in Transport,no,no,no,no,no,False
102694718,METROPOLITAN NASHVILLE POLICE DEPT,20200283101,Davidson,Nashville,4/21/2020 11:25:00 AM,2,0,0,36.226660,-86.766880,HILLHURST DR,,,,0.00,,,RICH ACRES DR,,,,0.00,Y,Four-Way,N,Intersection,Maintenance Zone,Intermittent Moving Work,Activity Area,         ,Russell,Freeman,Clear,HeadOn,no,no,no,no,yes,False
102694719,METROPOLITAN NASHVILLE POLICE DEPT,20200283264,Davidson,Nashville,4/21/2020 12:40:00 PM,2,0,0,36.168480,-86.687480,LEBANON PKE,,,,143.00,Feet,East,BRILEY PKWY N ENT RAMP,,,,0.00,N,Not at Intersection, ,Non-Junction,None,,,         ,Michael,Dance,Clear,Front to Rear,no,no,no,no,no,False
102694741,METROPOLITAN NASHVILLE POLICE DEPT,20200282637,Davidson,Nashville,4/21/2020 7:40:00 AM,2,1,0,36.184270,-86.775120,I 24,,,,0.00,,,,,,,47.30,N,Not at Intersection,N,Non-Junction,None,,,         ,Joseph,Progar,Clear,"Sideswipe, Same Direction",no,no,no,no,no,False
102694752,METROPOLITAN NASHVILLE POLICE DEPT,20200281187,Davidson,Nashville,4/20/2020 5:19:00 PM,2,1,0,36.153500,-86.622450,BELL RD,,,,0.00,Feet,East,BELL RD PVTDR,,,,0.00,N,Not at Intersection, ,Non-Junction,None,,,         ,Deandera,Payne,Clear,Angle,no,no,no,no,no,False
102694763,METROPOLITAN NASHVILLE POLICE DEPT,20200283497,Davidson,Not in City Limit,4/21/2020 2:29:00 PM,2,4,0,36.263820,-86.704460,STATE RT 45,,,,0.00,,,DELAWARE AV,,,,0.00,Y,Four-Way,N,Intersection,None,,,         ,Christopher,Littles,Clear,Angle,no,no,no,no,no,False
102694769,METROPOLITAN NASHVILLE POLICE DEPT,20200283402,Davidson,Nashville,4/21/2020 1:45:00 PM,2,1,0,36.151070,-86.769800,I 40,,,,0.00,,,,,,,210.45,N,Not at Intersection,N,Non-Junction,None,,,         ,Mathew,Clement,Clear,"Sideswipe, Same Direction",no,no,no,no,no,False
102694772,METROPOLITAN NASHVILLE POLICE DEPT,2020-0283461,Davidson,Nashville,4/21/2020 2:05:00 PM,2,0,0,36.158390,-86.791990,14TH AVN,,,,201.00,Feet,North,I40 E EXT RAMP,,,,0.00,N,Not at Intersection, ,Non-Junction,None,,,         ,Po,Cheng,Clear,Front to Rear,no,no,no,no,no,False
102694774,METROPOLITAN NASHVILLE POLICE DEPT,20200283380,Davidson,Nashville,4/21/2020 1:20:00 PM,2,0,0,36.159410,-86.796710,CHARLOTTE AV,,,,32.00,Feet,West,16TH AVN,,,,0.00,N,Not at Intersection, ,,None,,,         ,Shawn,Kaelin,,,no,no,no,no,no,False
102694775,METROPOLITAN NASHVILLE POLICE DEPT,20200281386,Davidson,Nashville,4/20/2020 8:29:00 PM,2,0,0,36.055110,-86.642610,THE OVERLOOK PVTDR,,,,70.00,Feet,West,BELL RD,,,,0.00,N,Not at Intersection,N,Non-Junction,None,,,         ,Edward,Starke,Clear,"Sideswipe, Opposite Direction",no,no,no,no,no,False
102694777,METROPOLITAN NASHVILLE POLICE DEPT,20200283435,Davidson,Nashville,4/21/2020 1:55:00 PM,2,2,0,36.206620,-86.777900,W TRINITY LN,,,,0.00,,,BRICK CHURCH PKE,,,,0.00,Y,Four-Way,Y,Intersection,None,,,         ,Andy,Esqueda,Clear,Angle,no,no,no,no,no,False
102694789,METROPOLITAN NASHVILLE POLICE DEPT,20200283707,Davidson,Not in City Limit,4/21/2020 3:53:00 PM,2,1,0,36.263360,-86.696480,E OLD HICKORY BLVD,,,,0.00,,,LANIER DR,,,,0.00,Y,T-Intersection, ,Intersection,None,,,         ,Christopher,Littles,Clear,Rear to Side,no,no,no,no,no,False
102694793,METROPOLITAN NASHVILLE POLICE DEPT,20200283626,Davidson,Nashville,4/21/2020 3:16:00 PM,2,0,0,36.168540,-86.788320,ROSA L PARKS BLVD,,,,0.00,,,HARRISON ST,,,,0.00,Y,Four-Way, ,Intersection,None,,,         ,Joshua,Reece,Clear,Angle,no,no,no,no,no,False
102694804,METROPOLITAN NASHVILLE POLICE DEPT,20200283758,Davidson,Nashville,4/21/2020 4:08:00 PM,2,0,0,36.188340,-86.742860,SHARPE AV,,,,0.00,,,N 14TH ST,,,,0.00,Y,Four-Way,N,Intersection,None,,,         ,Savannah,Starbuck,Clear,Angle,no,no,no,no,no,False
102694806,METROPOLITAN NASHVILLE POLICE DEPT,20200283756,Davidson,Nashville,4/21/2020 4:09:00 PM,2,0,0,36.219770,-86.723700,MCALPINE AV,,,,771.00,Feet,North,WILLIAMS TER,,,,0.00,N,Not at Intersection, ,Non-Junction,None,,,         ,Randy,Puckett,Clear,Front to Rear,no,no,no,no,no,False
102694815,METROPOLITAN NASHVILLE POLICE DEPT,20200283636,Davidson,Not in City Limit,4/21/2020 12:34:00 PM,2,0,0,36.011150,-86.650820,RAMSTONE WAY,,,,69.00,Feet,West,LAWSON DR,,,,0.00,N,Not at Intersection, ,Non-Junction,None,,,         ,Edward,Starke,Clear,"Sideswipe, Opposite Direction",no,no,no,no,no,False