master_record_number,agency,agency_tracking_number,county,city,collision_date,vehicles_involved,number_injured,number_dead,latitude,longitude,roadway_name,roadway_suffix,roadway_number,roadway_local_id,distance_from_reference,miles-feet_indicator,direction_from_reference,intersection_road_name,intersection_road_name_suffix,intersection_road_number,intersection_local_id,mile_marker,intersection_indicator,intersect_type,interchange_related_indicator,relation_to_junction,work_zone_type,construction_maintenance_zone,construction_maintenance_zone_location,fatal_case_number,officer_first_name,officer_last_name,weather_condition(s),manner_of_crash,pedestrian,bicycle,scooter,parking,hitrun,mou
102697544,METROPOLITAN NASHVILLE POLICE DEPT,20200303948,Davidson,Nashville,4/29/2020 1:48:00 PM,2,0,0,36.193370,-86.776910,I 65,,,,0.00,,,,,,,86.50,N,Not at Intersection, ,Non-Junction,None,,,         ,James,Wray,Rain,Other,no,no,no,no,no,False
102697562,METROPOLITAN NASHVILLE POLICE DEPT,20200303986,Davidson,Nashville,4/29/2020 2:00:00 PM,1,0,0,36.193610,-86.776680,I 65,,,,0.00,,,,,,,86.50,N,Not at Intersection,N,Entrance/Exit Ramp Related,None,,,         ,Garren,Hoskins,Rain,Not Collision with Motor Vehicle in Transport,no,no,no,no,no,False
102697563,METROPOLITAN NASHVILLE POLICE DEPT,20200304067,Davidson,Nashville,4/29/2020 2:23:00 PM,2,0,0,36.195390,-86.742950,GALLATIN AV,,,,152.00,Feet,North,CHESTER AV,,,,0.00,N,Not at Intersection,N,Non-Junction,None,,,         ,Savannah,Starbuck,Cloudy,Angle,no,no,no,no,yes,False
102697569,METROPOLITAN NASHVILLE POLICE DEPT,20200304128,Davidson,Nashville,4/29/2020 2:45:00 PM,2,0,0,36.079490,-86.644600,MURFREESBORO PKE,,,,0.00,,,EDGE O LAKE DR,,,,0.00,Y,Four-Way,N,Intersection,None,,,         ,Steven,Begley,Rain,Front to Rear,no,no,no,no,no,False
102697570,METROPOLITAN NASHVILLE POLICE DEPT,2020-0303909,Davidson,Nashville,4/29/2020 12:38:00 PM,2,0,0,36.139350,-86.819100,WEST END AV,,,,0.00,,,MURPHY RD,,,,0.00,Y,Four-Way,N,Intersection,None,,,         ,Shawn,Kaelin,Cloudy,Angle,no,no,no,no,no,False
102697576,METROPOLITAN NASHVILLE POLICE DEPT,20200304041,Davidson,Nashville,4/29/2020 2:25:00 PM,1,0,0,36.156430,-86.691690,ATRIUM WAY,,,,183.00,Feet,East,BRILEY PKWYN,,,,0.00,N,Not at Intersection,N,Non-Junction,None,,,         ,Larry,Benz,Cloudy,Not Collision with Motor Vehicle in Transport,no,no,no,no,no,False
102697581,METROPOLITAN NASHVILLE POLICE DEPT,20200304107,Davidson,Nashville,4/29/2020 2:50:00 PM,1,0,0,36.118250,-86.701630,BRILEY PKWY S ENT RAMP,,,,0.00,Feet,East,BRILEY PKWYS,,,,0.00,N,Not at Intersection,Y,Entrance/Exit Ramp Related,None,,,         ,Andrew,Brazee,Clear,Not Collision with Motor Vehicle in Transport,no,no,no,no,no,False
102697582,METROPOLITAN NASHVILLE POLICE DEPT,20200304266,Davidson,Nashville,4/29/2020 4:08:00 PM,2,0,0,36.228160,-86.779100,I 24,,,,0.00,,,,,,,44.35,N,Not at Intersection, ,Non-Junction,None,,,         ,Christopher,Littles,Cloudy,Not Collision with Motor Vehicle in Transport,no,no,no,no,no,False
102697589,METROPOLITAN NASHVILLE POLICE DEPT,20200304066,Davidson,Nashville,4/29/2020 2:45:00 PM,2,1,0,36.139070,-86.880560,HILLWOOD BLVD,,,,0.00,,,CHARLOTTE PKE,,,,0.00,Y,Four-Way,Y,Intersection,None,,,         ,Devonte,Coleman,Clear,Angle,no,no,no,no,no,False
102697590,METROPOLITAN NASHVILLE POLICE DEPT,20200304117,Davidson,Nashville,4/29/2020 2:55:00 PM,2,0,0,36.150690,-86.767950,2ND AVS,,,,0.00,,,LAFAYETTE ST,,,,0.00,Y,Four-Way,N,Intersection,None,,,         ,Zaire,Murray,Cloudy,Angle,no,no,no,no,no,False
102697598,METROPOLITAN NASHVILLE POLICE DEPT,20200304214,Davidson,Nashville,4/29/2020 3:00:00 PM,2,0,0,36.120840,-86.703570,GLENGARRY DR,,,,23.00,Feet,East,US HWY 41,,,,0.00,N,Not at Intersection,N,Non-Junction,None,,,         ,Peter,Kinsey,Cloudy,Angle,no,no,no,no,yes,False
102697600,METROPOLITAN NASHVILLE POLICE DEPT,20200304343,Davidson,Nashville,4/29/2020 4:15:00 PM,2,0,0,36.169360,-86.679890,LEBANON PKE,,,,0.00,Feet,,MCGAVOCK PKE,,,,0.00,Y,Four-Way, ,Intersection-Related,None,,,         ,Joseph,Simon,Clear,Front to Rear,no,no,no,no,no,False
102697608,METROPOLITAN NASHVILLE POLICE DEPT,20200304391,Davidson,Nashville,4/29/2020 4:41:00 PM,2,0,0,36.169290,-86.680490,LEBANON PKE,,,,179.00,Feet,West,MCGAVOCK PKE,,,,0.00,N,Not at Intersection, ,Non-Junction,None,,,         ,Jason,Milyaro Lucas,Clear,"Sideswipe, Same Direction",no,no,no,no,no,False
102697609,METROPOLITAN NASHVILLE POLICE DEPT,20200304061,Davidson,Nashville,4/29/2020 2:43:00 PM,2,0,0,36.110490,-86.716360,AVERITT EXPRESS DR,,,,19.00,Feet,North,BRILEY PKWYN,,,,0.00,N,Not at Intersection,N,Non-Junction,None,,,         ,Joel,Bennett,Clear,"Sideswipe, Opposite Direction",no,no,no,no,no,False
102697610,METROPOLITAN NASHVILLE POLICE DEPT,20200304231,Davidson,Nashville,4/29/2020 3:56:00 PM,2,0,0,36.106140,-86.672930,MURFREESBORO PKE,,,,44.00,Feet,East,DONELSON PKE,,,,0.00,N,Not at Intersection, ,,None,,,         ,Joel,Bennett,,,no,no,no,no,no,False
102697617,METROPOLITAN NASHVILLE POLICE DEPT,20200304215,Davidson,Antioch,4/29/2020 3:45:00 PM,2,4,0,36.031480,-86.594000,MURFREESBORO PKE,,,,91.00,Feet,South,PARKS RETREAT DR,,,,0.00,N,Not at Intersection,N,Non-Junction,None,,,         ,Cooper,HIll,Clear,HeadOn,no,no,no,no,no,False
102697618,METROPOLITAN NASHVILLE POLICE DEPT,20200304080,Davidson,Nashville,4/29/2020 2:45:00 PM,2,0,0,36.125750,-86.706280,COARSEY DR,,,,601.00,Feet,South,PATRICIA DR,,,,0.00,N,Not at Intersection,N,Non-Junction,None,,,         ,Dontaveous,Eubanks,Cloudy,Rear to Rear,no,no,no,yes,yes,False
102697631,METROPOLITAN NASHVILLE POLICE DEPT,20200304186,Davidson,Nashville,4/29/2020 3:33:00 PM,3,0,0,36.046260,-86.660900,I 24,,,,0.00,,,,,,,59.30,N,Not at Intersection, ,Non-Junction,None,,,         ,Edward,Starke,Clear,Front to Rear,no,no,no,no,no,False
102697641,METROPOLITAN NASHVILLE POLICE DEPT,20200304488,Davidson,Nashville,4/29/2020 5:18:00 PM,2,0,0,36.017260,-86.623950,I 24,,,,0.00,,,,,,,62.30,N,Not at Intersection, ,Non-Junction,None,,,         ,Edward,Starke,Clear,Front to Rear,no,no,no,no,no,False
102697643,METROPOLITAN NASHVILLE POLICE DEPT,20200304525,Davidson,Nashville,4/29/2020 6:00:00 PM,1,0,0,36.168500,-86.799900,14TH AVN,,,,161.00,Feet,North,JACKSON ST,,,,0.00,N,Not at Intersection, ,OtherLocation,None,,,         ,Timothy,Skopek,Cloudy,Not Collision with Motor Vehicle in Transport,no,no,no,no,no,False
102697644,METROPOLITAN NASHVILLE POLICE DEPT,20200304377,Davidson,Nashville,4/29/2020 4:56:00 PM,2,0,0,36.198130,-86.776920,BRICK CHURCH PKE,,,,4.00,Feet,North,WEAKLEY AV,,,,0.00,N,Not at Intersection,N,Non-Junction,None,,,         ,Blake,McKay,Cloudy,Angle,no,no,no,no,no,False
102697655,METROPOLITAN NASHVILLE POLICE DEPT,20200304521,Davidson,Nashville,4/29/2020 5:49:00 PM,2,0,0,36.013840,-86.619730,I 24,,,,0.00,,,,,,,62.60,N,Not at Intersection, ,Non-Junction,None,,,         ,Joel,Bennett,Clear,Not Collision with Motor Vehicle in Transport,no,no,no,no,yes,False
102697656,METROPOLITAN NASHVILLE POLICE DEPT,20200304365,Davidson,Nashville,4/29/2020 4:50:00 PM,1,1,0,36.118870,-86.913030,I 40,,,,0.00,,,,,,,200.00,N,Not at Intersection,N,Non-Junction,None,,,         ,Devonte,Coleman,Clear,Not Collision with Motor Vehicle in Transport,no,no,no,no,no,False
102697659,METROPOLITAN NASHVILLE POLICE DEPT,20200304700,Davidson,Nashville,4/29/2020 6:11:00 PM,2,0,0,36.078020,-86.646080,EDGE O LAKE DR,,,,256.00,Feet,North,HIGHMEADOWS DR,,,,0.00,N,Not at Intersection,N,Non-Junction,None,,,         ,Joel,Bennett,Clear,Rear to Rear,no,no,no,yes,yes,False
102697671,METROPOLITAN NASHVILLE POLICE DEPT,20200304654,Davidson,Nashville,4/29/2020 6:53:00 PM,2,1,0,36.149460,-86.757220,ROBERTSON ST,,,,0.00,Feet,,FAIRFIELD AV,,,,0.00,Y,Four-Way,N,Intersection,None,,,         ,Zaire,Murray,Cloudy,Angle,no,no,no,no,no,False
102697697,METROPOLITAN NASHVILLE POLICE DEPT,20200304878,Davidson,Nashville,4/29/2020 8:32:00 PM,2,0,0,36.205200,-86.762490,E TRINITY LN,,,,0.00,,,,,,,0.00,,Not at Intersection,N,Non-Junction,None,,,         ,Nicholas,Silinsky,Clear,Rear to Rear,no,no,no,yes,yes,False
102697722,METROPOLITAN NASHVILLE POLICE DEPT,20200305162,Davidson,Nashville,4/29/2020 11:00:00 PM,1,0,0,36.184530,-86.804740,CLAY ST,,,,0.00,,,10TH AVN,,,,0.00,Y,T-Intersection,N,Intersection,None,,,         ,Kaleb,Stella,Clear,Not Collision with Motor Vehicle in Transport,no,no,no,no,yes,False
102697735,METROPOLITAN NASHVILLE POLICE DEPT,20200305411,Davidson,Nashville,4/30/2020 1:15:00 AM,1,1,0,36.168320,-86.725460,RIVERSIDE DR,,,,225.00,Feet,South,BARCLAY DR,,,,0.00,N,Not at Intersection,N,Non-Junction,None,,,         ,Ryan,Worstall,Clear,Not Collision with Motor Vehicle in Transport,no,no,no,no,no,False
102697749,METROPOLITAN NASHVILLE POLICE DEPT,20200306001,Davidson,Nashville,4/30/2020 7:43:00 AM,2,0,0,36.154680,-86.788460,I 40,,,,0.00,,,,,,,209.25,N,Not at Intersection,N,Non-Junction,None,,,         ,William,Caillouette,Cloudy,"Sideswipe, Same Direction",no,no,no,no,yes,False
102697769,METROPOLITAN NASHVILLE POLICE DEPT,20200305948,Davidson,Nashville,4/30/2020 7:05:00 AM,2,0,0,36.178760,-86.605150,I40 E EXT RAMP,,,,0.00,,,OLD HICKORY BLVD,,,,0.00,Y,Y-Intersection,Y,Entrance/Exit Ramp Related,None,,,         ,Michael,Brooks,Cloudy,"Sideswipe, Same Direction",no,no,no,no,yes,False
102697815,METROPOLITAN NASHVILLE POLICE DEPT,20200306011,Davidson,Nashville,4/30/2020 7:45:00 AM,2,1,0,36.229420,-86.758000,BROADMOOR DR,,,,377.00,Feet,East,DICKERSON PKE,,,,0.00,N,Not at Intersection, ,Non-Junction,None,,,         ,Russell,Freeman,Cloudy,Angle,no,no,no,no,no,False
102697828,METROPOLITAN NASHVILLE POLICE DEPT,20200306402,Davidson,Nashville,4/30/2020 11:00:00 AM,2,0,0,36.150770,-86.864270,I 40,,,,0.00,,,,,,,203.60,N,Not at Intersection, ,Non-Junction,Construction Zone,,,         ,Curtis,Rich,Cloudy,Front to Rear,no,no,no,no,yes,False
102697855,METROPOLITAN NASHVILLE POLICE DEPT,20200306433,Davidson,Nashville,4/30/2020 11:37:00 AM,2,0,0,36.047160,-86.711750,NOLENSVILLE PKE,,,,791.00,Feet,North,OLD HICKORY BLVD,,,,0.00,N,Not at Intersection,N,Non-Junction,None,,,         ,Patrick,Martin,Cloudy,Angle,no,no,no,yes,yes,False
102697857,METROPOLITAN NASHVILLE POLICE DEPT,20200306575,Davidson,Nashville,4/30/2020 12:42:00 PM,2,0,0,36.149620,-86.798020,BROADWAY,,,,0.00,Feet,,20TH AVS,,,,0.00,Y,T-Intersection, ,Intersection,None,,,         ,William,Caillouette,Clear,"Sideswipe, Same Direction",no,no,no,no,no,Campus
102697864,METROPOLITAN NASHVILLE POLICE DEPT,20200306409,Davidson,Nashville,4/30/2020 11:10:00 AM,1,0,0,36.186480,-86.730240,WATERS AV,,,,0.00,,,PORTER RD,,,,0.00,Y,T-Intersection, ,Intersection,None,,,         ,Eric,Knight,Clear,Not Collision with Motor Vehicle in Transport,no,no,no,yes,yes,False
102697889,METROPOLITAN NASHVILLE POLICE DEPT,20200306656,Davidson,Nashville,4/30/2020 1:42:00 PM,2,1,0,36.190890,-86.615190,OLD LEBANON DIRT RD,,,,0.00,,,OLD HICKORY BLVD,,,,0.00,Y,Four-Way,N,Intersection,None,,,         ,Michael,Brooks,Clear,Angle,no,no,no,no,no,False
102697892,METROPOLITAN NASHVILLE POLICE DEPT,20200306655,Davidson,Nashville,4/30/2020 1:30:00 PM,2,1,0,36.152480,-86.802700,21ST AVN,,,,0.00,Feet,,CHURCH ST,,,,0.00,Y,Four-Way,Y,Intersection,None,,,         ,Shawn,Kaelin,Clear,Angle,no,no,no,no,no,Campus
102697893,METROPOLITAN NASHVILLE POLICE DEPT,20200306648,Davidson,Nashville,4/30/2020 1:37:00 PM,2,0,0,36.136820,-86.700530,GLASTONBURY RD,,,,289.00,Feet,West,BRILEY PKWY,,,,0.00,N,Not at Intersection, ,"Driveway, Alley Access, etc",None,,,         ,Michael,Dance,Clear,Angle,no,no,no,no,no,False
102697905,METROPOLITAN NASHVILLE POLICE DEPT,20200306680,Davidson,Nashville,4/30/2020 1:46:00 PM,2,0,0,36.153530,-86.722900,LEBANON PKE,,,,401.00,Feet,West,SPENCE LN,,,,0.00,N,Not at Intersection,N,"Driveway, Alley Access, etc",None,,,         ,Michael,Dance,Clear,Angle,no,no,no,no,no,False
102697914,METROPOLITAN NASHVILLE POLICE DEPT,20200306737,Davidson,Not in City Limit,4/30/2020 1:52:00 PM,2,0,0,36.258640,-86.738450,I 65,,,,0.00,,,,,,,91.85,N,Not at Intersection, ,Non-Junction,None,,,         ,Christopher,Littles,Cloudy,"Sideswipe, Same Direction",no,no,no,no,no,False
102697925,METROPOLITAN NASHVILLE POLICE DEPT,20200306455,Davidson,Nashville,4/30/2020 11:49:00 AM,4,2,0,36.167000,-86.765020,I 24,,,,0.00,,,,,,,48.90,N,Not at Intersection,Y,Non-Junction,None,,,         ,Aaron,Brumley,Clear,"Sideswipe, Same Direction",no,no,no,no,no,False
102697945,BERRY HILL POLICE DEPT,20-1584,Davidson,Berry Hill,4/30/2020 4:15:00 PM,2,0,0,36.128590,-86.777890,FRANKLIN PKE,,,,0.00,,,8TH AVS,,,,0.00,Y,Four-Way, ,Intersection,None,,,         ,John,Gleixner,Cloudy,Angle,no,no,no,no,yes,False
102697946,METROPOLITAN NASHVILLE POLICE DEPT,20200306769,Davidson,Nashville,4/30/2020 2:30:00 PM,3,0,0,36.240100,-86.631730,OLD HICKORY BLVD,,,,154.00,Feet,West,PRENTISS DR,,,,0.00,N,Not at Intersection,N,Non-Junction,None,,,         ,Melina,Tamborella,Cloudy,Front to Rear,no,no,no,no,yes,False
102697951,METROPOLITAN NASHVILLE POLICE DEPT,20200306696,Davidson,Nashville,4/30/2020 1:39:00 PM,5,0,0,36.141480,-86.670410,I 40,,,,0.00,,,,,,,215.00,N,Not at Intersection, ,Non-Junction,None,,,         ,Nicholas,Silinsky,Clear,Not Collision with Motor Vehicle in Transport,no,no,no,no,no,False
102697954,METROPOLITAN NASHVILLE POLICE DEPT,20200307012,Davidson,Nashville,4/30/2020 4:34:00 PM,2,0,0,36.072170,-86.580720,ASCOT DR,,,,60.00,Feet,West,ASHWELL CLOSE,,,,0.00,N,Not at Intersection,N,Non-Junction,None,,,         ,Joel,Bennett,Clear,Front to Rear,no,no,no,no,yes,False
102697955,VANDERBILT UNIVERSITY POLICE,20200306779,Davidson,Nashville,4/30/2020 2:55:00 PM,2,0,0,36.146260,-86.809870,NATCHEZ TRCE,,,,0.00,,,US HWY 70S,,,,0.00,Y,T-Intersection, ,Intersection,None,,,         ,Mark,Clear,Clear,Front to Rear,no,no,no,no,no,Campus
102697956,METROPOLITAN NASHVILLE POLICE DEPT,20200306901,Davidson,Nashville,4/30/2020 3:50:00 PM,1,1,0,36.214130,-86.727740,STRATFORD AV,,,,0.00,,,KATHERINE ST,,,,0.00,Y,Four-Way,Y,Intersection,None,,,         ,Christopher,Beery,Clear,Not Collision with Motor Vehicle in Transport,no,yes,no,no,no,False
102697969,METROPOLITAN NASHVILLE POLICE DEPT,20200307004,Davidson,Nashville,4/30/2020 4:32:00 PM,2,1,0,36.175530,-86.757010,S 9TH ST,,,,168.00,Feet,South,MAIN ST,,,,0.00,N,Not at Intersection,N,Non-Junction,None,,,         ,Tyler,Manivong,Clear,Angle,no,no,no,no,yes,False
102697989,METROPOLITAN NASHVILLE POLICE DEPT,20200307173,Davidson,Nashville,4/30/2020 5:00:00 PM,1,0,0,36.091670,-86.611770,SENECA FOREST DR,,,,386.00,Feet,West,LAKE FOREST DR,,,,0.00,N,Not at Intersection, ,Non-Junction,None,,,         ,Steven,Powers,Clear,Not Collision with Motor Vehicle in Transport,no,no,no,no,no,False
102697992,METROPOLITAN NASHVILLE POLICE DEPT,20200307405,Davidson,Nashville,4/30/2020 7:10:00 PM,2,0,0,36.066750,-86.687810,VILLAS OF BAVARIA PVTDR,,,,21.00,Feet,South,APACHE TRL,,,,0.00,N,Not at Intersection,N,Non-Junction,None,,,         ,Joel,Bennett,Clear,Angle,no,no,no,no,yes,False
102697997,METROPOLITAN NASHVILLE POLICE DEPT,20200307423,Davidson,Nashville,4/30/2020 6:17:00 PM,2,0,0,36.090640,-86.627720,SMITH SPRINGS RD,,,,378.00,Feet,West,BELL RD,,,,0.00,N,Not at Intersection, ,Non-Junction,None,,,         ,Steven,Powers,Clear,Front to Rear,no,no,no,no,no,False
102698002,METROPOLITAN NASHVILLE POLICE DEPT,20200307183,Davidson,Nashville,4/30/2020 5:36:00 PM,2,0,0,36.078680,-86.729010,HARDING PL,,,,457.00,Feet,East,SHEFFIELD DR,,,,0.00,N,Not at Intersection,N,Non-Junction,None,,,         ,FELIKS,ABRAHAMYAN,Clear,HeadOn,no,no,no,no,no,False
102698005,METROPOLITAN NASHVILLE POLICE DEPT,20200307349,Davidson,Nashville,4/30/2020 6:47:00 PM,2,0,0,36.134660,-86.825050,WEST END AV,,,,6.00,Feet,East,BOWLING AV,,,,0.00,N,Not at Intersection, ,Non-Junction,None,,,         ,Devonte,Coleman,Clear,Front to Rear,no,no,no,no,no,False
102698010,METROPOLITAN NASHVILLE POLICE DEPT,20200307510,Davidson,Nashville,4/30/2020 7:57:00 PM,2,0,0,36.072330,-86.598340,DOVE CREEK RD,,,,219.00,Feet,North,QUAISE MOORE,,,,0.00,N,Not at Intersection,N,Non-Junction,None,,,         ,Edward,Starke,Clear,Rear to Side,no,no,no,no,yes,False
102698011,METROPOLITAN NASHVILLE POLICE DEPT,20200307302,Davidson,Nashville,4/30/2020 6:28:00 PM,2,1,0,36.235750,-86.758240,DICKERSON PKE,,,,238.00,Feet,North,HOMESTEAD RD,,,,0.00,N,Not at Intersection,N,Non-Junction,None,,,         ,Nicholas,Silinsky,Clear,Angle,no,no,no,no,no,False
102698012,METROPOLITAN NASHVILLE POLICE DEPT,20200307458,Davidson,Nashville,4/30/2020 7:27:00 PM,2,0,0,36.213130,-86.825420,TUCKER RD,,,,52.00,Feet,South,W HAMILTON AV,,,,0.00,N,Not at Intersection,N,Non-Junction,None,,,         ,Melissa,Flores,Clear,Angle,no,no,no,no,no,False
102698020,METROPOLITAN NASHVILLE POLICE DEPT,20200307133,Davidson,Nashville,4/30/2020 5:13:00 PM,2,0,0,36.171920,-86.768370,I 24,,,,0.00,,,,,,,48.35,N,Not at Intersection, ,Non-Junction,None,,,         ,Marc,Kozen,Clear,Front to Rear,no,no,no,no,no,False
102698030,METROPOLITAN NASHVILLE POLICE DEPT,20200307555,Davidson,Nashville,4/30/2020 8:15:00 PM,2,0,0,36.178330,-86.772140,MERIDIAN ST,,,,26.00,Feet,North,DICKERSON PKE,,,,0.00,N,Not at Intersection, ,Non-Junction,None,,,         ,Maryanne,Bartello,Cloudy,Angle,no,no,no,no,no,False
102698033,METROPOLITAN NASHVILLE POLICE DEPT,20200307582,Davidson,Nashville,4/30/2020 8:29:00 PM,2,1,0,36.151800,-86.771250,4TH AVS,,,,0.00,,,LAFAYETTE ST,,,,0.00,Y,Four-Way, ,Intersection,None,,,         ,Trevor,Taylor,Clear,"Sideswipe, Same Direction",no,no,no,no,no,False
102698042,METROPOLITAN NASHVILLE POLICE DEPT,20200307471,Davidson,Nashville,4/30/2020 7:24:00 PM,2,0,0,36.231540,-86.775770,CREEKWOOD DR,,,,381.00,Feet,East,CARTERWOOD CT,,,,0.00,N,Not at Intersection, ,Non-Junction,None,,,         ,Christopher,Littles,Cloudy,"Sideswipe, Same Direction",no,no,no,no,no,False
102698043,METROPOLITAN NASHVILLE POLICE DEPT,20200307594,Davidson,Not in City Limit,4/30/2020 8:35:00 PM,2,1,0,36.263070,-86.711920,STATE RT 45,,,,0.00,,,OLD HICKORY BLVDW,,,,0.00,Y,Four-Way,N,Intersection,None,,,         ,Christopher,Littles,Cloudy,Angle,no,no,no,no,no,False
102698055,METROPOLITAN NASHVILLE POLICE DEPT,20200307783,Davidson,Nashville,4/30/2020 9:00:00 PM,2,0,0,36.251250,-86.716030,E WEBSTER ST,,,,189.00,Feet,West,LIBERTY CIR,,,,0.00,N,Not at Intersection,N,Non-Junction,None,,,         ,William,Badger,Clear,"Sideswipe, Opposite Direction",no,no,no,no,yes,False
102698063,METROPOLITAN NASHVILLE POLICE DEPT,20200307867,Davidson,Nashville,4/30/2020 10:45:00 PM,2,1,0,36.156480,-86.806440,CHARLOTTE AV,,,,0.00,,,21ST AVN,,,,0.00,Y,T-Intersection,N,Intersection,None,,,         ,Eric,Schaefer,Clear,Front to Rear,no,no,no,no,no,False
102698073,METROPOLITAN NASHVILLE POLICE DEPT,20200308115,Davidson,Nashville,5/1/2020 12:34:00 AM,2,0,0,36.146100,-86.870730,CHARLOTTE PKE,,,,0.00,,,WESTBORO DR,,,,0.00,Y,T-Intersection,Y,Intersection,None,,,         ,Eric,Jackson,Clear,Angle,no,no,no,no,no,False
102698078,METROPOLITAN NASHVILLE POLICE DEPT,20200308195,Davidson,Antioch,5/1/2020 1:30:00 AM,1,1,0,36.013930,-86.620270,,,I24,,100.00,Feet,East,,,,,62.80,N,Not at Intersection,N,Entrance/Exit Ramp Related,None,,,         ,McKenzie,Harper,Clear,Not Collision with Motor Vehicle in Transport,no,no,no,no,no,False
102698106,METROPOLITAN NASHVILLE POLICE DEPT,20200308408,Davidson,Nashville,5/1/2020 3:59:00 AM,2,1,0,36.086090,-86.698650,I24 W EXT RAMP,,,,0.00,Feet,East,I 24,,,,0.00,N,Not at Intersection,N,Non-Junction,None,,,         ,Holly,Davis,Clear,Front to Rear,no,no,no,no,no,False
102698132,METROPOLITAN NASHVILLE POLICE DEPT,20200308558,Davidson,Not in City Limit,5/1/2020 6:05:00 AM,2,0,0,36.077000,-87.015190,I 40,,,,0.00,,,,,,,192.80,N,Not at Intersection, ,Entrance/Exit Ramp Related,None,,,         ,Candice,Soper,Clear,"Sideswipe, Same Direction",no,no,no,no,no,False
102698173,METROPOLITAN NASHVILLE POLICE DEPT,20200308584,Davidson,Nashville,5/1/2020 6:35:00 AM,3,0,0,36.077130,-86.737360,HARDING PL,,,,216.00,Feet,West,SHADESCREST DR,,,,0.00,N,Not at Intersection,N,Non-Junction,None,,,         ,Gregory,Scott,Clear,HeadOn,no,no,no,no,yes,False
102698174,METROPOLITAN NASHVILLE POLICE DEPT,20200308601,Davidson,Nashville,5/1/2020 6:36:00 AM,2,0,0,36.048210,-86.663690,I 24,,,,0.00,,,,,,,59.10,N,Not at Intersection,N,Non-Junction,None,,,         ,Patrick,Martin,Clear,"Sideswipe, Same Direction",no,no,no,no,no,False
102698181,METROPOLITAN NASHVILLE POLICE DEPT,20200308666,Davidson,Nashville,5/1/2020 7:36:00 AM,2,0,0,36.059070,-86.716220,TUSCULUM RD,,,,0.00,,,NOLENSVILLE PKE,,,,0.00,Y,Four-Way, ,Intersection,None,,,         ,Theodore,Flick,Clear,Angle,no,no,no,no,no,False
102698186,METROPOLITAN NASHVILLE POLICE DEPT,20200308630,Davidson,Nashville,5/1/2020 6:55:00 AM,2,0,0,36.167940,-86.761240,SHELBY AVE,,,,303.00,Feet,West,S 6TH ST,,,,0.00,N,Not at Intersection, ,Non-Junction,None,,,         ,Aaron,Brumley,Clear,Angle,no,no,no,no,no,False
102698199,METROPOLITAN NASHVILLE POLICE DEPT,20200308671,Davidson,Nashville,5/1/2020 7:40:00 AM,2,0,0,36.045270,-86.661600,CANE RIDGE RD,,,,181.00,Feet,North,BELL RD,,,,0.00,N,Not at Intersection,N,OtherLocation,None,,,         ,Donald,Davidson,Clear,Other,no,no,no,yes,no,False
102698220,METROPOLITAN NASHVILLE POLICE DEPT,20200308980,Davidson,Nashville,5/1/2020 10:18:00 AM,1,0,0,36.255050,-86.695810,HILLCREST DR,,,,0.00,,,CHERYL AV,,,,0.00,Y,OTHER, ,Non-Junction,None,,,         ,Eric,Richardson,Clear,Not Collision with Motor Vehicle in Transport,no,no,no,no,no,False
102698224,METROPOLITAN NASHVILLE POLICE DEPT,20200308956,Davidson,Nashville,5/1/2020 10:00:00 AM,2,0,0,36.115790,-86.782360,I 440,,,,0.00,,,,,,,4.40,N,Not at Intersection, ,,None,,,         ,Jackson,Smythe,,,no,no,no,no,no,False
102698228,METROPOLITAN NASHVILLE POLICE DEPT,20200308883,Davidson,Nashville,5/1/2020 9:28:00 AM,2,1,0,36.150590,-86.795520,DIVISION ST,,,,70.00,Feet,East,19TH AVS,,,,0.00,N,Not at Intersection,N,"Driveway, Alley Access, etc",None,,,         ,John,Roberson,Clear,Angle,no,no,no,no,no,False
102698237,METROPOLITAN NASHVILLE POLICE DEPT,20200309021,Davidson,Nashville,5/1/2020 10:48:00 AM,2,0,0,36.110940,-86.745220,NOLENSVILLE PKE,,,,0.00,,,THOMPSON LN,,,,0.00,Y,Four-Way, ,Intersection,None,,,         ,Justin,Pinkelton,Clear,Front to Rear,no,no,no,no,no,False
102698270,GOODLETTSVILLE POLICE DEPT,20-14279,Davidson,Goodlettsville,5/1/2020 11:51:00 AM,2,0,0,36.321310,-86.713240,S MAIN ST,,,,68.00,Feet,North,MEMORIAL DR,,,,0.00,N,Not at Intersection, ,Non-Junction,None,,,         ,Jeffery,Hunter,Clear,Front to Rear,no,no,no,no,no,False
102698287,METROPOLITAN NASHVILLE POLICE DEPT,20200308987,Davidson,Nashville,5/1/2020 12:00:00 AM,1,0,0,36.188000,-86.821570,US HWY 41 ALT,,,,9.00,Feet,North,CLARKSVILLE PIKE,,,,0.00,N,Not at Intersection,N,Non-Junction,None,,,         ,Bianca,Crawford,Clear,Not Collision with Motor Vehicle in Transport,no,no,no,no,yes,False
102698298,METROPOLITAN NASHVILLE POLICE DEPT,20200309228,Davidson,Nashville,5/1/2020 12:59:00 PM,2,0,0,36.054490,-86.659140,MT VIEW RD,,,,0.00,,,HICKORY HOLLOW PL,,,,0.00,Y,T-Intersection,N,Intersection,None,,,         ,Patrick,Martin,Clear,Angle,no,no,no,no,yes,False