master_record_number,agency,agency_tracking_number,county,city,collision_date,vehicles_involved,number_injured,number_dead,latitude,longitude,roadway_name,roadway_suffix,roadway_number,roadway_local_id,distance_from_reference,miles-feet_indicator,direction_from_reference,intersection_road_name,intersection_road_name_suffix,intersection_road_number,intersection_local_id,mile_marker,intersection_indicator,intersect_type,interchange_related_indicator,relation_to_junction,work_zone_type,construction_maintenance_zone,construction_maintenance_zone_location,fatal_case_number,officer_first_name,officer_last_name,weather_condition(s),manner_of_crash,pedestrian,bicycle,scooter,parking,hitrun,mou
102698891,METROPOLITAN NASHVILLE POLICE DEPT,20200312316,Davidson,Nashville,5/2/2020 8:00:00 PM,2,1,0,36.145330,-86.740930,I 40,,,,0.00,,,,,,,212.25,N,Not at Intersection,N,Non-Junction,None,,,         ,Evan,Grace,Clear,Front to Rear,no,no,no,no,no,False
102698905,METROPOLITAN NASHVILLE POLICE DEPT,20200312371,Davidson,Nashville,5/2/2020 8:42:00 PM,6,0,0,36.073340,-86.692130,I 24,,,,0.00,,,,,,,56.70,N,Not at Intersection,N,Non-Junction,None,,,         ,Thomas,Parsons,Clear,Front to Rear,no,no,no,no,yes,False
102698907,METROPOLITAN NASHVILLE POLICE DEPT,20200312394,Davidson,Nashville,5/2/2020 8:46:00 PM,2,0,0,36.205970,-86.768820,US HWY 431,,,,83.00,Feet,West,US HWY 31W,,,,0.00,N,Not at Intersection,N,Non-Junction,None,,,         ,Sarah,Cartwright,Clear,"Sideswipe, Same Direction",no,no,no,no,no,False
102698911,METROPOLITAN NASHVILLE POLICE DEPT,20200312275,Davidson,Nashville,5/2/2020 7:00:00 PM,2,0,0,36.082900,-86.646900,MURFREESBORO PKE,,,,79.00,Feet,North,SHUMATE LN,,,,0.00,N,Not at Intersection, ,Non-Junction,None,,,         ,Corey,Reed,Clear,Angle,no,no,no,no,no,False
102698935,METROPOLITAN NASHVILLE POLICE DEPT,20200312508,Davidson,Nashville,5/2/2020 8:21:00 PM,1,0,0,36.034100,-86.678100,CANOE RIDGE PT,,,,248.00,Feet,North,RIDGEFALLS WAY,,,,0.00,N,Not at Intersection, ,,None,,,         ,Gabriel,Hamilton,,,no,no,no,no,no,False
102698938,METROPOLITAN NASHVILLE POLICE DEPT,20200312411,Davidson,Nashville,5/2/2020 8:30:00 PM,2,0,0,36.055920,-86.636380,HAMILTON CHURCH RD,,,,365.00,Feet,North,ZELIDA AV,,,,0.00,N,Not at Intersection,N,Non-Junction,None,,,         ,Luis,Pena,Clear,Front to Rear,no,no,no,yes,yes,False
102698962,METROPOLITAN NASHVILLE POLICE DEPT,20200312620,Davidson,Nashville,5/2/2020 11:21:00 PM,2,1,0,36.064760,-86.628450,HAMILTON CHURCH RD,,,,0.00,,,US HWY 41,,,,0.00,Y,Four-Way,Y,Intersection,None,,,         ,Luke,Steigerwalt,Clear,Unknown,no,no,no,no,no,False
102698965,METROPOLITAN NASHVILLE POLICE DEPT,20200312327,Davidson,Not in City Limit,5/2/2020 8:07:00 PM,2,1,0,36.264100,-86.724180,OLD HICKORY BLVDW,,,,0.00,,,HERITAGE DR,,,,0.00,Y,T-Intersection, ,Intersection-Related,None,,,         ,William,Badger,Clear,Front to Rear,no,no,no,no,no,False
102698966,METROPOLITAN NASHVILLE POLICE DEPT,20200312633,Davidson,Nashville,5/2/2020 11:30:00 PM,1,1,0,36.142920,-86.649970,I 40,,,,0.00,,,,,,,217.45,N,Not at Intersection,N,Non-Junction,None,,,         ,Samuel,Fredericks,Clear,Not Collision with Motor Vehicle in Transport,no,no,no,no,yes,False
102698971,METROPOLITAN NASHVILLE POLICE DEPT,20200312437,Davidson,Nashville,5/2/2020 7:20:00 PM,2,0,0,36.242300,-86.760100,DOVERSIDE DR,,,,0.00,Feet,,SKYLINE COMMONS PVTDR,,,,0.00,Y,Y-Intersection,N,Intersection,None,,,         ,Derrick,Toney,Clear,Front to Rear,no,no,no,no,yes,False
102698972,GOODLETTSVILLE POLICE DEPT,20-14396,Davidson,Goodlettsville,5/2/2020 8:05:00 PM,1,0,0,36.302830,-86.715020,ALTA LOMA RD,,,,500.00,Feet,North,DRAPER DR,,,,0.00,N,Not at Intersection,N,Non-Junction,None,,,         ,Shane,Farrell,Clear,Not Collision with Motor Vehicle in Transport,no,no,no,no,no,False
102698984,METROPOLITAN NASHVILLE POLICE DEPT,20200312623,Davidson,Nashville,5/2/2020 10:16:00 PM,1,0,0,36.149380,-86.828060,37TH AVN,,,,76.00,Feet,South,NEVADA AV,,,,0.00,N,Not at Intersection, ,Non-Junction,None,,,         ,Eric,Jackson,Clear,Not Collision with Motor Vehicle in Transport,no,no,no,no,no,False
102698993,METROPOLITAN NASHVILLE POLICE DEPT,20200312557,Davidson,Nashville,5/2/2020 10:55:00 PM,4,5,0,36.167030,-86.756570,S 7TH ST,,,,460.00,Feet,South,SYLVAN ST,,,,0.00,N,Not at Intersection,N,Non-Junction,None,,,         ,Kiana,Perry,Clear,"Sideswipe, Same Direction",no,no,no,no,yes,False
102699010,METROPOLITAN NASHVILLE POLICE DEPT,20200313140,Davidson,Not in City Limit,5/3/2020 3:33:00 AM,1,0,0,36.008000,-86.665900,OLD HICKORY BLVD,,,,22.00,Feet,North,PETTUS RD,,,,0.00,N,Not at Intersection,N,Non-Junction,None,,,         ,Douglas,Meringer,Clear,Not Collision with Motor Vehicle in Transport,no,no,no,no,yes,False
102699011,METROPOLITAN NASHVILLE POLICE DEPT,20200312672,Davidson,Not in City Limit,5/2/2020 12:00:00 AM,1,2,0,36.287790,-86.809530,I 24,,,,0.00,,,,,,,39.65,N,Not at Intersection,N,Non-Junction,None,,,         ,Joshua,Asbell,Clear,Not Collision with Motor Vehicle in Transport,no,no,no,no,no,False
102699042,Metro Park Police,20200303161,Davidson,Nashville,4/29/2020 6:00:00 AM,2,0,0,36.133790,-86.761450,WALSH RD,,,,0.00,,,,,,,0.00,,, ,Non-Junction,None,,,         ,Jerry,"Moore, Jr.",Clear,Rear to Side,no,no,no,yes,no,False
102699047,METROPOLITAN NASHVILLE POLICE DEPT,20200313253,Davidson,Nashville,5/3/2020 6:45:00 AM,1,0,0,36.136110,-86.792960,WEDGEWOOD AV,,,,88.00,Feet,East,VILLA PL,,,,0.00,N,Not at Intersection,N,Non-Junction,None,,,         ,John,Roberson,Clear,Not Collision with Motor Vehicle in Transport,no,no,no,no,no,False
102699050,METROPOLITAN NASHVILLE POLICE DEPT,20200313308,Davidson,Nashville,5/3/2020 7:40:00 AM,1,0,0,36.072730,-86.871380,PAGE RD,,,,709.00,Feet,North,CHICKERING RD,,,,0.00,N,Not at Intersection, ,Non-Junction,None,,,         ,Douglas,Atwood,Clear,Not Collision with Motor Vehicle in Transport,no,no,no,no,no,False
102699055,METROPOLITAN NASHVILLE POLICE DEPT,20200313344,Davidson,Nashville,5/3/2020 8:13:00 AM,1,0,0,36.034360,-86.982030,HIGHWAY 100,,,,120.00,Feet,East,OLD HARDING PKE,,,,0.00,N,Not at Intersection,N,Non-Junction,None,,,         ,Wesley,Tilley,Clear,Not Collision with Motor Vehicle in Transport,no,no,no,no,no,False
102699057,METROPOLITAN NASHVILLE POLICE DEPT,2020-0313384,Davidson,Nashville,5/3/2020 8:44:00 AM,2,0,0,36.215870,-86.597660,ANDREW JACKSON PKWY,,,,271.00,Feet,North,LEBANON PKE,,,,0.00,N,Not at Intersection, ,,None,,,         ,Calvin,Graham,,,no,no,no,no,no,False
102699058,METROPOLITAN NASHVILLE POLICE DEPT,20200313382,Davidson,Nashville,5/3/2020 8:43:00 AM,1,0,0,36.080330,-86.723430,HARDING PL,,,,893.00,Feet,East,NOLENSVILLE PKE,,,,0.00,N,Not at Intersection,N,Non-Junction,None,,,         ,Jason,Hees,Clear,Not Collision with Motor Vehicle in Transport,no,no,no,no,no,False
102699065,METROPOLITAN NASHVILLE POLICE DEPT,20200313345,Davidson,Nashville,5/3/2020 8:12:00 AM,1,1,0,36.240690,-86.757260,US HWY 31W,,,,0.00,,,RAMP,,,,0.00,Y,T-Intersection,Y,Intersection,None,,,         ,Ruben,Mariano,Clear,Not Collision with Motor Vehicle in Transport,no,no,no,no,no,False
102699076,METROPOLITAN NASHVILLE POLICE DEPT,20200313429,Davidson,Nashville,5/3/2020 12:00:00 AM,1,0,0,36.034360,-86.982030,HIGHWAY 100,,,,120.00,Feet,East,OLD HARDING PKE,,,,0.00,N,Not at Intersection,N,Unknown,Unknown,Unknown,Unknown,         ,Wesley,Tilley,Unknown,Unknown,no,no,no,no,yes,False
102699081,METROPOLITAN NASHVILLE POLICE DEPT,20200313377,Davidson,Nashville,5/3/2020 8:48:00 AM,2,0,0,36.138670,-86.810870,BLAKEMORE AV,,,,0.00,Feet,West,NATCHEZ TRC,,,,0.00,N,Not at Intersection, ,Non-Junction,None,,,         ,Charles,Embry,Clear,HeadOn,no,no,no,no,no,Campus
102699101,METROPOLITAN NASHVILLE POLICE DEPT,20200313503,Davidson,Nashville,5/3/2020 10:19:00 AM,2,0,0,36.145060,-86.812360,WEST END AV,,,,0.00,,,28TH AVN,,,,0.00,Y,T-Intersection, ,Intersection-Related,None,,,         ,John,Roberson,Clear,"Sideswipe, Same Direction",no,no,no,no,no,Campus
102699130,METROPOLITAN NASHVILLE POLICE DEPT,20200313576,Davidson,Nashville,5/3/2020 11:44:00 AM,2,0,0,36.167520,-86.787900,10TH CIRN,,,,60.00,Feet,West,ROSA L PARKS BLVD,,,,0.00,N,Not at Intersection,N,Non-Junction,None,,,         ,Rachel,Susee,Clear,"Sideswipe, Same Direction",no,no,no,no,no,False
102699131,METROPOLITAN NASHVILLE POLICE DEPT,20200313616,Davidson,Nashville,5/3/2020 12:19:00 PM,2,0,0,36.166840,-86.607060,LAKESIDE APT PVTDR,,,,378.00,Feet,North,ALTA LAKE GRNWY,,,,0.00,N,Not at Intersection,N,Non-Junction,None,,,         ,Cassandra,Del Bosco,Clear,Rear to Side,no,no,no,yes,yes,False
102699136,METROPOLITAN NASHVILLE POLICE DEPT,20200313662,Davidson,Nashville,5/3/2020 12:10:00 PM,2,0,0,36.204620,-86.749210,E TRINITY LN,,,,0.00,,,-- UNKNOWN RAMP/ROAD --,,,,0.00,Y,Four-Way,N,Intersection,None,,,         ,Andrew,Ivey,Clear,"Sideswipe, Same Direction",no,no,no,no,yes,False
102699139,METROPOLITAN NASHVILLE POLICE DEPT,20200313624,Davidson,Nashville,5/3/2020 12:32:00 PM,2,0,0,36.064790,-86.628480,HAMILTON CHURCH RD,,,,0.00,,,MURFREESBORO PKE,,,,0.00,Y,Four-Way, ,Intersection-Related,None,,,         ,Gregory,Dixon,Clear,Angle,no,no,no,no,yes,False
102699171,METROPOLITAN NASHVILLE POLICE DEPT,20200313752,Davidson,Nashville,5/3/2020 2:00:00 PM,2,0,0,36.080670,-86.653780,UNA ANTIOCH PIKE,,,,0.00,,,OAK BARREL DR,,,,0.00,Y,T-Intersection,N,Intersection-Related,None,,,         ,Thomas,Parsons,Clear,Front to Rear,no,no,no,no,yes,False
102699176,METROPOLITAN NASHVILLE POLICE DEPT,20200313799,Davidson,Nashville,5/3/2020 2:35:00 PM,2,2,0,36.151750,-86.851520,US HWY 70,,,,99.00,Feet,West,53RD AVE N,,,,0.00,N,Not at Intersection,N,Non-Junction,None,,,         ,Andrew,McCarron,Clear,Angle,no,no,no,no,no,False
102699180,METROPOLITAN NASHVILLE POLICE DEPT,20200313807,Davidson,Nashville,5/3/2020 12:00:00 AM,2,2,0,36.107180,-86.629800,NED SHELTON RD,,,,0.00,,,BELL RD,,,,0.00,Y,Four-Way,Y,Intersection,None,,,         ,Adam,Gartner,Cloudy,Angle,no,no,no,no,no,False
102699183,METROPOLITAN NASHVILLE POLICE DEPT,20200313840,Davidson,Nashville,5/3/2020 12:00:00 AM,1,2,0,36.105350,-86.717780,I 24,,,,0.00,,,,,,,54.10,N,Not at Intersection,N,Non-Junction,None,,,         ,John,Braun,Cloudy,Not Collision with Motor Vehicle in Transport,no,no,no,no,no,False
102699186,METROPOLITAN NASHVILLE POLICE DEPT,20200313848,Davidson,Nashville,5/3/2020 3:15:00 PM,2,0,0,36.170530,-86.768520,INTERSTATE DR,,,,52.00,Feet,North,WOODLAND ST,,,,0.00,N,Not at Intersection, ,,None,,,         ,Garrett,Short,,,no,no,no,no,no,False
102699203,METROPOLITAN NASHVILLE POLICE DEPT,20200313954,Davidson,Nashville,5/3/2020 3:58:00 PM,2,0,0,36.088610,-86.732080,US HWY 31 ALT,,,,721.00,Feet,South,ZOO RD,,,,0.00,N,Not at Intersection,N,Non-Junction,None,,,         ,Molly,Page,Cloudy,"Sideswipe, Same Direction",no,no,no,no,yes,False
102699206,METROPOLITAN NASHVILLE POLICE DEPT,2020-0313974,Davidson,Nashville,5/3/2020 4:30:00 PM,1,0,0,36.255900,-86.738360,I 65,,,,0.00,,,,,,,91.65,N,Not at Intersection, ,Non-Junction,None,,,         ,Arthur,Hipp,Rain,Not Collision with Motor Vehicle in Transport,no,no,no,no,no,False
102699226,METROPOLITAN NASHVILLE POLICE DEPT,20200314022,Davidson,Nashville,5/3/2020 4:47:00 PM,2,1,0,36.079600,-86.726320,HARDING PL,,,,0.00,,,NOLENSVILLE PKE,,,,0.00,Y,Four-Way,N,Intersection,None,,,         ,Garrett,Latham,Rain,Front to Rear,no,no,no,no,yes,False
102699227,METROPOLITAN NASHVILLE POLICE DEPT,20200313913,Davidson,Nashville,5/3/2020 3:55:00 PM,2,0,0,36.193660,-86.831220,CLARKSVILLE PKE,,,,0.00,Feet,West,S HAMILTON RD,,,,0.00,N,Not at Intersection,N,Non-Junction,None,,,         ,Melissa,Flores,Clear,Front to Rear,no,no,no,no,no,False
102699228,METROPOLITAN NASHVILLE POLICE DEPT,20200314109,Davidson,Nashville,5/3/2020 12:00:00 AM,1,0,0,36.189640,-86.584560,OLD LEBANON DIRT RD,,,,348.00,Feet,East,CHESNEY GLEN DR,,,,0.00,N,Not at Intersection, ,,None,,,         ,Zaire,Murray,,,no,no,no,no,no,False
102699238,METROPOLITAN NASHVILLE POLICE DEPT,20200314154,Davidson,Nashville,5/3/2020 5:34:00 PM,2,0,0,36.178400,-86.695500,BRILEY PKWYS,,,,920.00,Feet,West,BRILEY PKWYN,,,,0.00,N,Not at Intersection, ,Non-Junction,None,,,         ,Jason,Milyaro Lucas,Rain,"Sideswipe, Same Direction",no,no,no,no,yes,False
102699241,METROPOLITAN NASHVILLE POLICE DEPT,20200313999,Davidson,Nashville,5/3/2020 4:35:00 PM,1,1,0,36.097000,-86.839120,ESTES RD,,,,866.00,Feet,South,TRIMBLE RD,,,,0.00,N,Not at Intersection,N,Non-Junction,None,,,         ,Matthew,Herod,Severe Cross-Winds,Not Collision with Motor Vehicle in Transport,no,no,no,no,no,False
102699242,METROPOLITAN NASHVILLE POLICE DEPT,20200314168,Davidson,Nashville,5/3/2020 5:15:00 PM,2,1,0,36.148890,-86.746590,I 40,,,,0.00,,,,,,,211.85,N,Not at Intersection,N,Non-Junction,None,,,         ,Reagan,Heath,Rain,Angle,no,no,no,no,no,False
102699246,METROPOLITAN NASHVILLE POLICE DEPT,20200314233,Davidson,Nashville,5/3/2020 5:52:00 PM,2,0,0,36.087370,-86.723700,PARAGON MILLS RD,,,,185.00,Feet,West,VALLEY RIDGE DR,,,,0.00,N,Not at Intersection,N,Non-Junction,None,,,         ,Molly,Page,Severe Cross-Winds,Front to Rear,no,no,no,no,yes,False
102699255,METROPOLITAN NASHVILLE POLICE DEPT,20200314139,Davidson,Nashville,5/3/2020 5:27:00 PM,2,0,0,36.082580,-86.698000,I 24,,,,0.00,,,,,,,56.00,N,Not at Intersection,N,Non-Junction,None,,,         ,Garrett,Latham,Rain,Front to Rear,no,no,no,no,no,False
102699264,METROPOLITAN NASHVILLE POLICE DEPT,20200313995,Davidson,Not in City Limit,5/3/2020 4:37:00 PM,2,1,0,36.329510,-86.895170,I 24,,,,0.00,,,,,,,33.35,N,Not at Intersection,N,Non-Junction,None,,,         ,Cory,Fetner,Rain,Front to Rear,no,no,no,no,no,False
102699265,METROPOLITAN NASHVILLE POLICE DEPT,20200314239,Davidson,Nashville,5/3/2020 6:16:00 PM,2,2,0,36.249950,-86.741340,DUE WEST AVN,,,,3.00,Feet,West,DUE WEST AVW,,,,0.00,N,Not at Intersection,N,Non-Junction,None,,,         ,Brandon,Lopez,Cloudy,Angle,no,no,no,no,no,False
102699266,METROPOLITAN NASHVILLE POLICE DEPT,20200314202,Davidson,Nashville,5/3/2020 5:54:00 PM,1,0,0,36.149510,-86.782780,I 40,,,,0.00,,,,,,,209.65,N,Not at Intersection,Y,Entrance/Exit Ramp Related,None,,,         ,James,Wells Jr.,Rain,Not Collision with Motor Vehicle in Transport,no,no,no,no,no,False
102699277,METROPOLITAN NASHVILLE POLICE DEPT,20200314401,Davidson,Nashville,5/3/2020 7:27:00 PM,2,0,0,36.187510,-86.811380,15TH AVN,,,,30.00,Feet,South,CECILIA AV,,,,0.00,N,Not at Intersection,N,Non-Junction,None,,,         ,Jerica,Gladston,Rain,Angle,no,no,no,no,no,False
102699278,METROPOLITAN NASHVILLE POLICE DEPT,20200314424,Davidson,Nashville,5/3/2020 7:38:00 PM,1,1,0,36.042160,-86.636930,MT VIEW RD,,,,1217.00,Feet,East,BABY RUTH LN,,,,0.00,N,Not at Intersection,N,Non-Junction,None,,,         ,Tyler,Geiger,Rain,Not Collision with Motor Vehicle in Transport,no,no,no,no,no,False
102699279,METROPOLITAN NASHVILLE POLICE DEPT,20200313863,Davidson,Nashville,5/3/2020 12:00:00 AM,1,1,0,36.154280,-86.759420,I 40,,,,0.00,,,,,,,211.00,N,Not at Intersection,Y,OtherLocation,None,,,         ,Douglas,Mann,Clear,Not Collision with Motor Vehicle in Transport,no,no,no,no,no,False
102699280,METROPOLITAN NASHVILLE POLICE DEPT,20200314099,Davidson,Nashville,5/3/2020 5:11:00 PM,1,1,0,36.211790,-86.748880,ELLINGTON PKWYS,,,,1212.00,Feet,South,SLAYDON DR,,,,0.00,N,Not at Intersection,N,Non-Junction,None,,,         ,Ty,Cummings,Rain,Not Collision with Motor Vehicle in Transport,no,no,no,no,no,False
102699281,METROPOLITAN NASHVILLE POLICE DEPT,20200314248,Davidson,Nashville,5/3/2020 12:00:00 AM,2,0,0,36.076010,-86.694010,I 24,,,,0.00,,,,,,,56.50,N,Not at Intersection,N,Non-Junction,None,,,         ,Garrett,Latham,Cloudy,Angle,no,no,no,no,no,False
102699294,METROPOLITAN NASHVILLE POLICE DEPT,20200314347,Davidson,Nashville,5/3/2020 6:59:00 PM,2,1,0,36.054830,-86.695000,TUSCULUM RD,,,,276.00,Feet,West,COLERIDGE DR,,,,0.00,N,Not at Intersection,N,Non-Junction,None,,,         ,Garrett,Latham,Rain,Front to Rear,no,no,no,no,no,False
102699295,METROPOLITAN NASHVILLE POLICE DEPT,20200314301,Davidson,Nashville,5/3/2020 6:48:00 PM,3,0,0,36.149440,-86.782520,I 40,,,,0.00,,,,,,,209.70,N,Not at Intersection,Y,Entrance/Exit Ramp Related,None,,,         ,James,Wells Jr.,Rain,Front to Rear,no,no,no,no,yes,False
102699307,METROPOLITAN NASHVILLE POLICE DEPT,20200314534,Davidson,Nashville,5/3/2020 8:25:00 PM,1,1,0,36.148270,-86.760790,LAFAYETTE ST,,,,125.00,Feet,East,CLAIBORNE ST,,,,0.00,N,Not at Intersection,N,Non-Junction,None,,,         ,Reagan,Heath,Clear,Not Collision with Motor Vehicle in Transport,yes,no,no,no,yes,False
102699309,METROPOLITAN NASHVILLE POLICE DEPT,20200314561,Davidson,Nashville,5/3/2020 8:43:00 PM,1,2,0,36.092970,-86.885640,VAUGHNS GAP RD,,,,175.00,Feet,North,US HWY 70S,,,,0.00,N,Not at Intersection,N,Non-Junction,None,,,         ,Andrew,McCarron,Cloudy,Not Collision with Motor Vehicle in Transport,no,no,no,no,no,False
102699311,METROPOLITAN NASHVILLE POLICE DEPT,20200314593,Davidson,Nashville,5/3/2020 9:00:00 PM,2,1,0,36.172550,-86.601890,OLD HICKORY BLVD,,,,39.00,Feet,South,PRINCETON PL,,,,0.00,N,Not at Intersection,N,Non-Junction,None,,,         ,Evan,Grace,Rain,Front to Rear,no,no,no,no,no,False
102699318,METROPOLITAN NASHVILLE POLICE DEPT,20200314549,Davidson,Nashville,5/3/2020 8:30:00 PM,2,0,0,36.192320,-86.616300,OLD HICKORY BLVD,,,,0.00,,,JUAREZ DR,,,,0.00,Y,Four-Way,N,Intersection,None,,,         ,Zaire,Murray,Rain,Angle,no,no,no,no,no,False
102699321,METROPOLITAN NASHVILLE POLICE DEPT,20200314636,Davidson,Nashville,5/3/2020 9:26:00 PM,3,0,0,36.045740,-86.674350,BELL RD,,,,0.00,Feet,,BLUE HOLE RD,,,,0.00,Y,Four-Way,N,Intersection-Related,None,,,         ,Garrett,Latham,Clear,Front to Rear,no,no,no,no,no,False
102699323,METROPOLITAN NASHVILLE POLICE DEPT,20200314494,Davidson,Nashville,5/3/2020 7:52:00 PM,1,0,0,36.056300,-86.650500,RURAL HILL RD,,,,353.00,Feet,West,TOOK DR,,,,0.00,N,Not at Intersection,N,Non-Junction,None,,,         ,James,Hill,Cloudy,Not Collision with Motor Vehicle in Transport,no,no,no,no,no,False
102699333,METROPOLITAN NASHVILLE POLICE DEPT,20200313908,Davidson,Nashville,5/3/2020 10:45:00 PM,2,0,0,36.139780,-86.879680,CHARLOTTE PKE,,,,189.00,Feet,West,RUSSLEO DR,,,,0.00,N,Not at Intersection,N,Non-Junction,None,,,         ,William,Vanbergen,Clear,Angle,no,no,no,no,yes,False
102699334,METROPOLITAN NASHVILLE POLICE DEPT,20200314712,Davidson,Nashville,5/3/2020 10:10:00 PM,2,1,0,36.045600,-86.658470,I24 W EXT RAMP,,,,0.00,,,I 24,,,,0.00,Y,Four-Way,Y,Intersection,None,,,         ,Timothy,Ward,Clear,HeadOn,no,no,no,no,no,False
102699337,METROPOLITAN NASHVILLE POLICE DEPT,20200314855,Davidson,Nashville,5/3/2020 11:29:00 PM,1,0,0,36.195140,-86.608130,ANDREW JACKSON PKWY,,,,431.00,Feet,South,WEBER RD,,,,0.00,N,Not at Intersection,N,Non-Junction,None,,,         ,Jacob,West,Clear,Not Collision with Motor Vehicle in Transport,no,no,no,no,no,False
102699350,METROPOLITAN NASHVILLE POLICE DEPT,20200314263,Davidson,Nashville,5/3/2020 4:40:00 PM,1,0,0,36.101650,-86.906780,JOCELYN HOLLOW RD,,,,337.00,Feet,East,JOCELYN HOLLOW CT,,,,0.00,N,Not at Intersection,N,Non-Junction,None,,,         ,Michael,Hunnicutt,Rain,Not Collision with Motor Vehicle in Transport,no,no,no,no,no,False
102699352,METROPOLITAN NASHVILLE POLICE DEPT,20200315166,Davidson,Nashville,5/4/2020 12:15:00 AM,1,1,0,36.067630,-86.622170,LONSWAY CIR,,,,159.00,Feet,East,OWENDALE DR,,,,0.00,N,Not at Intersection, ,Non-Junction,None,,,         ,Luis,Pena,Clear,Not Collision with Motor Vehicle in Transport,no,no,no,no,no,False
102699356,METROPOLITAN NASHVILLE POLICE DEPT,20200315089,Davidson,Nashville,5/4/2020 1:42:00 AM,2,0,0,36.205730,-86.600320,DUTCHMANS DR,,,,378.00,Feet,North,HIGHLAND VIEW DR,,,,0.00,N,Not at Intersection, ,,None,,,         ,Torry,Hill,,,no,no,no,no,no,False
102699379,METROPOLITAN NASHVILLE POLICE DEPT,20200315362,Davidson,Nashville,5/4/2020 3:36:00 AM,1,1,0,36.050450,-86.609790,PIN HOOK RD,,,,1023.00,Feet,West,GROVEDALE TRC,,,,0.00,N,Not at Intersection,N,Non-Junction,None,,,         ,Robert,Leverick,Rain,Not Collision with Motor Vehicle in Transport,no,no,no,no,no,False
102699418,METROPOLITAN NASHVILLE POLICE DEPT,20200315620,Davidson,Not in City Limit,5/4/2020 6:55:00 AM,2,0,0,36.265550,-86.739840,I65 S EXT RAMP,,,,0.00,Feet,East,OLD HICKORY BLVDW,,,,0.00,N,Not at Intersection, ,,None,,,         ,Brian,Otto,,,no,no,no,no,no,False
102699429,METROPOLITAN NASHVILLE POLICE DEPT,20200315510,Davidson,Nashville,5/4/2020 5:55:00 AM,2,0,0,36.213170,-86.709970,OLGA AV,,,,275.00,Feet,West,RIVERWOOD DR,,,,0.00,N,Not at Intersection,N,Non-Junction,None,,,         ,Michael,Agee,Cloudy,Not Collision with Motor Vehicle in Transport,no,no,no,no,yes,False
102699431,METROPOLITAN NASHVILLE POLICE DEPT,20200315715,Davidson,Nashville,5/4/2020 7:55:00 AM,2,0,0,36.112460,-86.922790,I40 W EXT RAMP,,,,0.00,,,I 40,,,,0.00,Y,T-Intersection, ,Entrance/Exit Ramp Related,None,,,         ,Curtis,Rich,Cloudy,Front to Rear,no,no,no,no,no,False
102699444,METROPOLITAN NASHVILLE POLICE DEPT,20200315465,Davidson,Nashville,5/4/2020 5:30:00 AM,2,1,0,36.174730,-86.614260,DODSON CHAPEL RD,,,,0.00,,,CENTRAL PKE,,,,0.00,Y,Four-Way,N,Intersection-Related,None,,,         ,Keith,Covert,Clear,Angle,no,no,no,no,no,False
102699451,METROPOLITAN NASHVILLE POLICE DEPT,20200315637,Davidson,Nashville,5/4/2020 6:47:00 AM,1,0,0,36.058830,-86.670450,MT VIEW RD,,,,0.00,,,HICKORY HOLLOW PKWY,,,,0.00,Y,T-Intersection,N,Intersection-Related,None,,,         ,Stanley,Collins,Rain,Not Collision with Motor Vehicle in Transport,no,no,no,no,no,False
102699455,METROPOLITAN NASHVILLE POLICE DEPT,20200315771,Davidson,Nashville,5/4/2020 8:17:00 AM,2,0,0,36.183170,-86.677460,MCGAVOCK PKE,,,,0.00,,,TWO RIVERS PKWY,,,,0.00,Y,T-Intersection,Y,Intersection,None,,,         ,Joshua,Hausman,Clear,Front to Rear,no,no,no,no,yes,False
102699460,METROPOLITAN NASHVILLE POLICE DEPT,20200315837,Davidson,Nashville,5/4/2020 8:50:00 AM,2,0,0,36.167660,-86.663320,LEBANON PKE,,,,0.00,,,DONELSON PKE,,,,0.00,Y,T-Intersection, ,Intersection,None,,,         ,Joshua,Hausman,Clear,"Sideswipe, Same Direction",no,no,no,no,no,False
102699475,METROPOLITAN NASHVILLE POLICE DEPT,20200315768,Davidson,Nashville,5/4/2020 8:15:00 AM,2,0,0,36.079600,-86.726320,NOLENSVILLE PKE,,,,0.00,,,HARDING PL,,,,0.00,Y,Four-Way, ,Intersection,Utility Zone,,,         ,Cynthia,Quirouette,Cloudy,Front to Rear,no,no,no,no,no,False
102699481,GOODLETTSVILLE POLICE DEPT,20-14568,Davidson,Goodlettsville,5/4/2020 10:05:00 AM,2,1,0,36.309540,-86.695690,CONFERENCE DR,,,,24.00,Feet,North,VIETNAM VETERANS BLVD SB EXT R,,,,0.00,N,Not at Intersection,Y,Entrance/Exit Ramp Related,None,,,         ,George,Forbes,Clear,Front to Rear,no,no,no,no,no,False
102699488,METROPOLITAN NASHVILLE POLICE DEPT,2020-0315869,Davidson,Nashville,5/4/2020 8:45:00 AM,3,1,0,36.149260,-86.762420,CHARLES E DAVIS BLVD,,,,0.00,,,J C NAPIER CT,,,,0.00,Y,OTHER,N,Non-Junction,None,,,         ,Charles,Large,Clear,"Sideswipe, Opposite Direction",no,no,no,no,no,False
102699495,METROPOLITAN NASHVILLE POLICE DEPT,20200316123,Davidson,Nashville,5/4/2020 11:00:00 AM,2,1,0,36.158410,-86.799120,CHARLOTTE AV,,,,21.00,Feet,West,FISK ST,,,,0.00,N,Not at Intersection,N,Non-Junction,None,,,         ,Brian,Mclarty,Clear,Front to Rear,no,no,no,no,no,False