master_record_number,agency,agency_tracking_number,county,city,collision_date,vehicles_involved,number_injured,number_dead,latitude,longitude,roadway_name,roadway_suffix,roadway_number,roadway_local_id,distance_from_reference,miles-feet_indicator,direction_from_reference,intersection_road_name,intersection_road_name_suffix,intersection_road_number,intersection_local_id,mile_marker,intersection_indicator,intersect_type,interchange_related_indicator,relation_to_junction,work_zone_type,construction_maintenance_zone,construction_maintenance_zone_location,fatal_case_number,officer_first_name,officer_last_name,weather_condition(s),manner_of_crash,pedestrian,bicycle,scooter,parking,hitrun,mou
102701630,METROPOLITAN NASHVILLE POLICE DEPT,20200326740,Davidson,Not in City Limit,5/8/2020 1:27:00 PM,1,1,0,36.256960,-86.677180,CHEYENNE BLVD,,,,242.00,Feet,South,NEELY MEADOWS PVTDR,,,,0.00,N,Not at Intersection,N,Non-Junction,None,,,         ,Dillon,Hunt,Rain,Not Collision with Motor Vehicle in Transport,no,no,no,no,no,False
102701631,METROPOLITAN NASHVILLE POLICE DEPT,20200326746,Davidson,Nashville,5/8/2020 1:00:00 PM,2,0,0,36.137990,-86.829560,CRAIGHEAD AV,,,,0.00,,,MEADOWBROOK AV,,,,0.00,Y,Four-Way, ,Intersection,None,,,         ,Alexis,Pond,Rain,Angle,no,no,no,no,no,False
102701635,METROPOLITAN NASHVILLE POLICE DEPT,20200326597,Davidson,Nashville,5/8/2020 12:12:00 PM,2,0,0,36.163330,-86.762150,I 24,,,,0.00,,,,,,,49.20,N,Not at Intersection,N,Non-Junction,None,,,         ,Mathew,Clement,Rain,"Sideswipe, Same Direction",no,no,no,no,no,False
102701636,METROPOLITAN NASHVILLE POLICE DEPT,20200326600,Davidson,Nashville,5/8/2020 11:53:00 AM,2,0,0,36.131880,-86.895530,CHARLOTTE PKE,,,,0.00,,,I40 E ENT RAMP,,,,0.00,Y,Four-Way, ,Intersection,None,,,         ,Charles,Boles,Rain,Front to Rear,no,no,no,no,yes,False
102701637,METROPOLITAN NASHVILLE POLICE DEPT,20200326741,Davidson,Nashville,5/8/2020 1:00:00 PM,2,0,0,36.167480,-86.762150,S 5TH ST,,,,48.00,Feet,South,SHELBY AV,,,,0.00,N,Not at Intersection,N,Non-Junction,None,,,         ,Aaron,Brumley,Rain,Front to Rear,no,no,no,no,yes,False
102701642,METROPOLITAN NASHVILLE POLICE DEPT,20200326475,Davidson,Nashville,5/8/2020 11:05:00 AM,2,0,0,36.211130,-86.732950,GALLATIN PKE,,,,87.00,Feet,North,GREENFIELD AV,,,,0.00,N,Not at Intersection, ,Non-Junction,None,,,         ,Jamel,Griffin,Rain,"Sideswipe, Same Direction",no,no,no,no,no,False
102701646,METROPOLITAN NASHVILLE POLICE DEPT,20200326756,Davidson,Nashville,5/8/2020 1:37:00 PM,2,0,0,36.141000,-86.732990,I 40,,,,0.00,,,,,,,213.00,N,Not at Intersection,N,Non-Junction,None,,,         ,Michael,Dance,Rain,"Sideswipe, Same Direction",no,no,no,no,yes,False
102701667,METROPOLITAN NASHVILLE POLICE DEPT,20200326733,Davidson,Nashville,5/8/2020 1:21:00 PM,1,0,0,36.171540,-86.651540,LEBANON PKE,,,,75.00,Feet,West,JENRY DR,,,,0.00,N,Not at Intersection,N,Non-Junction,None,,,         ,Michael,Brooks,Rain,Unknown,no,no,no,no,no,False
102701669,METROPOLITAN NASHVILLE POLICE DEPT,20200326744,Davidson,Nashville,5/8/2020 1:24:00 PM,2,0,0,36.119890,-86.802490,-- UNKNOWN RAMP/ROAD --,,,,0.00,Feet,East,I 440,,,,0.00,N,Not at Intersection,N,Entrance/Exit Ramp Related,Work Zone,Lane Shift-Crossover,Unknown,         ,Michelle,Norris,Rain,Front to Rear,no,no,no,no,no,False
102701670,METROPOLITAN NASHVILLE POLICE DEPT,20200326789,Davidson,Nashville,5/8/2020 1:30:00 PM,2,0,0,36.237410,-86.724260,GALLATIN PKES,,,,178.00,Feet,South,GALLATIN PKE SB EXT RAMP,,,,0.00,N,Not at Intersection,N,OtherLocation,None,,,         ,Spencer,Pittman,Cloudy,Angle,no,no,no,no,no,False
102701694,METROPOLITAN NASHVILLE POLICE DEPT,20200326815,Davidson,Nashville,5/8/2020 1:43:00 PM,2,0,0,36.188400,-86.717850,CARTER AV,,,,0.00,Feet,,PRESTON DR,,,,0.00,Y,Four-Way,N,Intersection,None,,,         ,Douglas,Smith,Cloudy,Angle,no,no,no,no,no,False
102701717,METROPOLITAN NASHVILLE POLICE DEPT,20200326784,Davidson,Nashville,5/8/2020 1:52:00 PM,2,1,0,36.233200,-86.701920,BRILEY PKWYE,,,,678.00,Feet,North,BRILEY PKWYS,,,,0.00,N,Not at Intersection,N,Non-Junction,None,,,         ,Charles,Large,Rain,Not Collision with Motor Vehicle in Transport,no,no,no,no,no,False
102701733,METROPOLITAN NASHVILLE POLICE DEPT,20200326939,Davidson,Nashville,5/8/2020 1:45:00 PM,2,0,0,36.183350,-86.748570,GALLATIN AV,,,,0.00,,,W EASTLAND AV,,,,0.00,Y,T-Intersection, ,Non-Junction,None,,,         ,Marc,Kozen,Rain,Front to Rear,no,no,no,no,no,False
102701735,METROPOLITAN NASHVILLE POLICE DEPT,20200327039,Davidson,Nashville,5/8/2020 2:00:00 PM,1,0,0,36.140470,-86.731730,I 24,,,,0.00,,,,,,,51.60,N,Not at Intersection, ,Non-Junction,None,,,         ,Reagan,Heath,Clear,Not Collision with Motor Vehicle in Transport,no,no,no,no,no,False
102701752,METROPOLITAN NASHVILLE POLICE DEPT,20200327069,Davidson,Nashville,5/8/2020 3:30:00 PM,2,1,0,36.187920,-86.798480,DOMINICAN DR,,,,0.00,,,ROSA L PARKS BLVD,,,,0.00,Y,Four-Way, ,Intersection-Related,None,,,         ,Jonathan,Sharp,Cloudy,Front to Rear,no,no,no,no,no,False
102701753,METROPOLITAN NASHVILLE POLICE DEPT,20200327018,Davidson,Nashville,5/8/2020 3:32:00 PM,2,1,0,36.204640,-86.749680,E TRINITY LN,,,,0.00,,,ELLINGTON PKWY N ENT RAMP,,,,0.00,Y,Four-Way,N,Intersection,None,,,         ,Marc,Kozen,Clear,Front to Rear,no,no,no,no,no,False
102701754,METROPOLITAN NASHVILLE POLICE DEPT,20200327273,Davidson,Nashville,5/8/2020 2:50:00 PM,2,0,0,36.046750,-86.656990,BELL RD,,,,384.00,Feet,East,COLLINS PARK DR,,,,0.00,N,Not at Intersection,N,Non-Junction,None,,,         ,Edward,Starke,Clear,Front to Rear,no,no,no,no,yes,False
102701755,METROPOLITAN NASHVILLE POLICE DEPT,20200327040,Davidson,Nashville,5/8/2020 3:37:00 PM,2,0,0,36.155940,-86.767090,HERMITAGE AV,,,,0.00,,,MIDDLETON ST,,,,0.00,Y,Four-Way,N,Intersection,None,,,         ,Erik,Wagner,Cloudy,Front to Rear,no,no,no,no,no,False
102701756,METROPOLITAN NASHVILLE POLICE DEPT,20200324931,Davidson,Nashville,5/7/2020 6:50:00 PM,2,2,0,36.042430,-86.712890,MILL CREEK WHITTLEMORE GRNWY,,,,17.00,Feet,East,NOLENSVILLE PKE,,,,0.00,N,Not at Intersection,N,Non-Junction,None,,,         ,Edward,Starke,Clear,HeadOn,no,no,no,no,no,False
102701757,METROPOLITAN NASHVILLE POLICE DEPT,20200325076,Davidson,Nashville,5/7/2020 8:00:00 PM,2,1,0,36.044800,-86.668370,ARBOR COMMON,,,,18.00,Feet,South,BEECHWOOD TER,,,,0.00,N,Not at Intersection,N,Non-Junction,None,,,         ,Edward,Starke,Clear,Angle,no,no,no,no,no,False
102701763,METROPOLITAN NASHVILLE POLICE DEPT,20200327031,Davidson,Madison,5/8/2020 3:15:00 PM,2,0,0,36.261750,-86.712360,GALLATIN PKES,,,,173.00,Feet,South,E OLD HICKORY BLVD,,,,0.00,N,Not at Intersection,N,Non-Junction,None,,,         ,William,Badger,Clear,"Sideswipe, Same Direction",no,no,no,no,no,False
102701767,METROPOLITAN NASHVILLE POLICE DEPT,20200326928,Davidson,Nashville,5/8/2020 2:05:00 PM,2,0,0,36.147300,-86.757920,LAFAYETTE ST,,,,0.00,,,FAIRFIELD AV,,,,0.00,Y,Four-Way,Y,Intersection,None,,,         ,Derek,Sibley,Cloudy,Front to Rear,no,no,no,no,no,False
102701782,METROPOLITAN NASHVILLE POLICE DEPT,20200327210,Davidson,Not in City Limit,5/8/2020 4:45:00 PM,2,0,0,36.263020,-86.711920,US HWY 31E,,,,14.00,Feet,South,STATE HWY 45,,,,0.00,N,Not at Intersection,N,Non-Junction,None,,,         ,Kyle,Eicholtz,Clear,Angle,no,no,no,no,yes,False
102701786,METROPOLITAN NASHVILLE POLICE DEPT,20200327237,Davidson,Nashville,5/8/2020 3:57:00 PM,2,0,0,36.175440,-86.792230,MONROE ST,,,,140.00,Feet,East,ROSA L PARKS BLVD,,,,0.00,N,Not at Intersection, ,Non-Junction,None,,,         ,Chad,Connors,Clear,Angle,no,no,no,no,no,False
102701789,METROPOLITAN NASHVILLE POLICE DEPT,20200327290,Davidson,Nashville,5/8/2020 5:28:00 AM,2,1,0,36.167230,-86.759700,S 6TH ST,,,,0.00,,,SYLVAN ST,,,,0.00,Y,Four-Way,Y,Intersection,None,,,         ,Tyler,Manivong,Clear,Angle,no,no,no,no,yes,False
102701794,METROPOLITAN NASHVILLE POLICE DEPT,20200327245,Davidson,Nashville,5/8/2020 4:30:00 PM,2,2,0,36.126630,-86.711380,RAMP,,,,0.00,Feet,East,E THOMPSON LN,,,,0.00,N,Not at Intersection,Y,Non-Junction,None,,,         ,Jonathan,Watch,Clear,Angle,no,no,no,no,no,False
102701805,METROPOLITAN NASHVILLE POLICE DEPT,20200327196,Davidson,Not in City Limit,5/8/2020 4:14:00 PM,2,0,0,36.058500,-86.945110,OLD HARDING PKE,,,,305.00,Feet,South,HARPETH RIV MORTON MILL GRNWY,,,,0.00,N,Not at Intersection,N,Non-Junction,None,,,         ,Devonte,Coleman,Clear,Front to Rear,no,no,no,no,no,False
102701816,GOODLETTSVILLE POLICE DEPT,20-15002,Davidson,Goodlettsville,5/8/2020 6:10:00 PM,2,1,0,36.309570,-86.695710,CONFERENCE DR,,,,36.00,Feet,North,VIETNAM VETERANS BLVD SB EXT R,,,,0.00,N,Not at Intersection,Y,Entrance/Exit Ramp Related,None,,,         ,Marcus,Zugelder,Clear,Front to Rear,no,no,no,no,no,False
102701832,VANDERBILT UNIVERSITY POLICE,20200326989,Davidson,Nashville,5/8/2020 3:15:00 PM,2,0,0,36.148940,-86.798750,BROADWAY,,,,144.00,Feet,West,DIVISION ST,,,,0.00,N,Not at Intersection, ,Non-Junction,None,,,         ,Mark,Clear,Clear,"Sideswipe, Same Direction",no,no,no,no,no,Campus
102701837,METROPOLITAN NASHVILLE POLICE DEPT,20200327441,Davidson,Nashville,5/8/2020 6:30:00 PM,2,0,0,36.173970,-86.602930,CENTRAL PKE,,,,233.00,Feet,South,OLD HICKORY BLVD,,,,0.00,N,Not at Intersection, ,,None,,,         ,Terence,Mitchell,,,no,no,no,no,no,False
102701840,METROPOLITAN NASHVILLE POLICE DEPT,20200327362,Davidson,Nashville,5/8/2020 6:03:00 PM,2,1,0,36.056070,-86.636360,HAMILTON CHURCH RD,,,,422.00,Feet,North,ZELIDA AV,,,,0.00,N,Not at Intersection,N,"Driveway, Alley Access, etc",None,,,         ,Cressie,Prill,Clear,Angle,no,no,no,no,no,False
102701843,METROPOLITAN NASHVILLE POLICE DEPT,20200327298,Davidson,Nashville,5/8/2020 5:35:00 PM,2,0,0,36.046280,-86.660930,I 24,,,,0.00,,,,,,,59.30,N,Not at Intersection,N,Entrance/Exit Ramp Related,None,,,         ,Garrett,Latham,Clear,Front to Rear,no,no,no,no,no,False
102701851,METROPOLITAN NASHVILLE POLICE DEPT,20200327474,Davidson,Nashville,5/8/2020 6:55:00 PM,2,0,0,36.213540,-86.714820,JANIE AV,,,,539.00,Feet,South,ARDEE AV,,,,0.00,N,Not at Intersection, ,Non-Junction,None,,,         ,Christopher,Beery,Clear,Angle,no,no,no,no,no,False
102701865,METROPOLITAN NASHVILLE POLICE DEPT,20200327619,Davidson,Nashville,5/8/2020 8:00:00 PM,2,0,0,36.189140,-86.593260,OLD LEBANON DIRT RD,,,,0.00,,,TULIP GROVE RD,,,,0.00,Y,Four-Way, ,,None,,,         ,Zaire,Murray,,,no,no,no,no,no,False
102701893,METROPOLITAN NASHVILLE POLICE DEPT,20200327735,Davidson,Nashville,5/8/2020 9:00:00 PM,1,2,0,36.200990,-86.617980,LEBANON PKE,,,,111.00,Feet,South,TYLER DR,,,,0.00,N,Not at Intersection,N,Non-Junction,None,,,         ,Jeffrey,Mullins,Clear,Not Collision with Motor Vehicle in Transport,no,yes,no,no,no,False
102701898,METROPOLITAN NASHVILLE POLICE DEPT,2020-0325300,Davidson,Nashville,5/7/2020 10:44:00 PM,1,0,0,36.239490,-86.784830,I24 W ENT RAMP,,,,0.00,,,I 24,,,,0.00,Y,OTHER,Y,Non-Junction,None,,,         ,Khalid,Abbady,Clear,Not Collision with Motor Vehicle in Transport,no,no,no,no,no,False
102701900,METROPOLITAN NASHVILLE POLICE DEPT,20200327698,Davidson,Goodlettsville,5/8/2020 8:48:00 PM,2,2,0,36.302790,-86.691880,CONFERENCE DR,,,,14.00,Feet,North,GALLATIN PKEN,,,,0.00,N,Not at Intersection,Y,Non-Junction,None,,,         ,Jarret,Sonnenberg,Clear,Angle,no,no,no,no,no,False
102701903,THP District 3 - Nashville,320030096,Davidson,Nashville,5/8/2020 1:18:00 PM,2,0,0,36.046430,-86.654700,HICKORY HOLLOW PKWY,,,,0.00,Feet,,HICKORY HOLLOW LN,,,,0.00,Y,Four-Way,Y,Intersection,None,,,         ,Sammy,Allen,Rain,Angle,no,no,no,no,no,False
102701914,METROPOLITAN NASHVILLE POLICE DEPT,20200327625,Davidson,Nashville,5/8/2020 8:06:00 PM,1,1,0,36.041680,-86.816270,GRANNY WHITE PKE,,,,517.00,Feet,North,OLD HICKORY BLVD,,,,0.00,N,Not at Intersection,N,Non-Junction,None,,,         ,FELIKS,ABRAHAMYAN,Clear,Not Collision with Motor Vehicle in Transport,no,no,no,no,no,False
102701918,METROPOLITAN NASHVILLE POLICE DEPT,20200327712,Davidson,Nashville,5/8/2020 8:48:00 PM,1,0,0,36.166100,-86.869280,BRILEY PKWYN,,,,778.00,Feet,South,BRILEY PKWYS,,,,0.00,N,Not at Intersection,N,Non-Junction,None,,,         ,Devonte,Coleman,Clear,Not Collision with Motor Vehicle in Transport,no,no,no,no,no,False
102701920,METROPOLITAN NASHVILLE POLICE DEPT,20200327768,Davidson,Nashville,5/8/2020 9:25:00 PM,2,1,0,36.170400,-86.768430,INTERSTATE DR,,,,19.00,Feet,North,WOODLAND ST,,,,0.00,N,Not at Intersection,N,Non-Junction,None,,,         ,Alexander,Hartle,Clear,Front to Rear,no,no,no,no,no,False
102701922,METROPOLITAN NASHVILLE POLICE DEPT,20200327816,Davidson,Nashville,5/8/2020 9:10:00 PM,2,0,0,36.209770,-86.691000,BRILEY PKWYS,,,,654.00,Feet,West,BRILEY PKWYN,,,,0.00,N,Not at Intersection,N,Non-Junction,None,,,         ,Reagan,Heath,Clear,"Sideswipe, Same Direction",no,no,no,no,yes,False
102701934,METROPOLITAN NASHVILLE POLICE DEPT,20200327787,Davidson,Nashville,5/8/2020 12:00:00 AM,2,1,0,36.216290,-86.692550,BRILEY PKWYS,,,,124.00,Feet,South,BRILEY PKWYN,,,,0.00,N,Not at Intersection,N,Non-Junction,None,,,         ,Douglas,Mann,Clear,Front to Rear,no,no,no,no,yes,False
102701956,METROPOLITAN NASHVILLE POLICE DEPT,20200327903,Davidson,Nashville,5/8/2020 10:42:00 PM,2,0,0,36.101790,-86.740550,NOLENSVILLE PKE,,,,0.00,Feet,,ANTIOCH PKE,,,,0.00,Y,T-Intersection, ,Intersection,None,,,         ,Teresah,Pinho,Clear,"Sideswipe, Same Direction",no,no,no,no,no,False
102701970,METROPOLITAN NASHVILLE POLICE DEPT,20200328066,Davidson,Nashville,5/9/2020 12:03:00 AM,1,1,0,36.133870,-86.725110,I24 W EXT RAMP,,,,267.00,Feet,East,I 24,,,,0.00,N,Not at Intersection,N,Non-Junction,None,,,         ,Teresah,Pinho,Clear,Not Collision with Motor Vehicle in Transport,no,no,no,yes,no,False
102702001,METROPOLITAN NASHVILLE POLICE DEPT,20200328407,Davidson,Not in City Limit,5/9/2020 1:10:00 AM,1,0,0,36.081580,-86.955500,I 40,,,,0.00,,,,,,,196.40,N,Not at Intersection,N,Non-Junction,None,,,         ,Candice,Soper,Clear,Not Collision with Motor Vehicle in Transport,no,no,no,no,no,False
102702028,METROPOLITAN NASHVILLE POLICE DEPT,20200328532,Davidson,Nashville,5/9/2020 5:08:00 AM,2,2,0,36.045420,-86.713170,US HWY 31 ALT,,,,0.00,Feet,,STATE HWY 254,,,,0.00,Y,Four-Way,Y,Intersection,None,,,         ,Robert,Leverick,Clear,Angle,no,no,no,no,no,False
102702033,METROPOLITAN NASHVILLE POLICE DEPT,20200328646,Davidson,Not in City Limit,5/9/2020 7:20:00 AM,1,1,0,36.263000,-86.738050,I 65,,,,0.00,,,,,,,92.15,N,Not at Intersection,N,Non-Junction,None,,,         ,Ricki,Armstrong,Clear,Not Collision with Motor Vehicle in Transport,no,no,no,no,no,False
102702042,METROPOLITAN NASHVILLE POLICE DEPT,20200328637,Davidson,Nashville,5/9/2020 6:33:00 AM,2,1,0,36.085560,-86.701430,I24 E ENT RAMP,,,,0.00,,,I 24,,,,0.00,Y,Four-Way,N,Intersection,None,,,         ,Robert,Higgins,Clear,Front to Rear,no,no,no,no,no,False
102702068,METROPOLITAN NASHVILLE POLICE DEPT,20200328768,Davidson,Nashville,5/9/2020 8:45:00 AM,2,0,0,36.186870,-86.608570,JACKSON PASS,,,,0.00,,,ANDREW JACKSON PKWY,,,,0.00,Y,T-Intersection, ,Intersection-Related,None,,,         ,William,Mckay,Clear,"Sideswipe, Opposite Direction",no,no,no,no,yes,False
102702070,METROPOLITAN NASHVILLE POLICE DEPT,20200328682,Davidson,Not in City Limit,5/9/2020 7:20:00 AM,1,0,0,36.332770,-86.869580,US HWY 431,,,,1381.00,Feet,South,MORGAN RD,,,,0.00,N,Not at Intersection, ,Non-Junction,None,,,         ,Pamela,Caulder,Clear,Not Collision with Motor Vehicle in Transport,no,no,no,no,no,False
102702078,METROPOLITAN NASHVILLE POLICE DEPT,20200328849,Davidson,Nashville,5/9/2020 9:45:00 AM,2,0,0,36.123660,-86.789810,MONTROSE AV,,,,0.00,,,12TH AVS,,,,0.00,Y,T-Intersection,N,Intersection,None,,,         ,Jackson,Smythe,Clear,Angle,no,no,no,no,no,False
102702130,METROPOLITAN NASHVILLE POLICE DEPT,20200328883,Davidson,Nashville,5/9/2020 10:06:00 AM,2,0,0,36.228240,-86.793390,POLK FOREST CIR,,,,206.00,Feet,South,GWYNNWOOD DR,,,,0.00,N,Not at Intersection,N,Non-Junction,None,,,         ,Jedidayah,Merriweather,Clear,Not Collision with Motor Vehicle in Transport,no,no,no,no,no,False
102702163,METROPOLITAN NASHVILLE POLICE DEPT,20200329049,Davidson,Nashville,5/9/2020 12:21:00 PM,2,0,0,36.080050,-86.724830,SEVEN MILE CREEK HARDING MALL,,,,24.00,Feet,North,HARDING PL,,,,0.00,N,Not at Intersection, ,Non-Junction,None,,,         ,Michael,Moss,Clear,Front to Rear,no,no,no,no,yes,False
102702169,METROPOLITAN NASHVILLE POLICE DEPT,20200329095,Davidson,Nashville,5/9/2020 12:48:00 PM,2,0,0,36.196260,-86.738150,CAHAL AV,,,,91.00,Feet,West,NELDIA CT,,,,0.00,N,Not at Intersection,N,Non-Junction,None,,,         ,Torrance,Bennett,Clear,Front to Rear,no,no,no,no,no,False
102702173,METROPOLITAN NASHVILLE POLICE DEPT,20200329106,Davidson,Not in City Limit,5/9/2020 12:30:00 PM,2,0,0,36.095460,-86.530090,COUCHVILLE PKE,,,,0.00,,,S MOUNT JULIET RD,,,,0.00,Y,T-Intersection,N,Non-Junction,None,,,         ,Zachary,Aldrich,Clear,Front to Rear,no,no,no,no,no,False
102702178,METROPOLITAN NASHVILLE POLICE DEPT,20200329101,Davidson,Nashville,5/9/2020 12:55:00 PM,2,2,0,36.086540,-86.691510,ANTIOCH PIKE,,,,377.00,Feet,South,STATE HWY 255,,,,0.00,N,Not at Intersection,N,Non-Junction,None,,,         ,James,Thomas,Clear,Angle,no,no,no,no,no,False
102702179,METROPOLITAN NASHVILLE POLICE DEPT,20200329177,Davidson,Not in City Limit,5/9/2020 1:56:00 PM,2,1,0,36.263690,-86.704790,STATE RT 45,,,,93.00,Feet,West,DELAWARE AV,,,,0.00,N,Not at Intersection,N,Non-Junction,None,,,         ,William,Coy,Clear,Front to Rear,no,no,no,no,no,False
102702181,METROPOLITAN NASHVILLE POLICE DEPT,20200329153,Davidson,Nashville,5/9/2020 1:28:00 PM,3,0,0,36.229410,-86.759480,EWING DR,,,,61.00,Feet,West,DICKERSON PKE,,,,0.00,N,Not at Intersection,N,Non-Junction,None,,,         ,Ryan,Malone,Clear,Front to Rear,no,no,no,no,no,False
102702216,METROPOLITAN NASHVILLE POLICE DEPT,20200329160,Davidson,Nashville,5/9/2020 1:39:00 PM,2,1,0,36.197480,-86.758940,JONES AV,,,,506.00,Feet,North,CROCKETT ST,,,,0.00,N,Not at Intersection,N,Non-Junction,None,,,         ,Jamel,Griffin,Clear,Angle,no,no,no,no,no,False
102702222,GOODLETTSVILLE POLICE DEPT,20-15065,Davidson,Goodlettsville,5/9/2020 2:00:00 PM,2,0,0,36.325420,-86.701390,LONG HOLLOW PKE,,,,156.00,Feet,North,CONFERENCE DR,,,,0.00,N,Not at Intersection, ,Non-Junction,None,,,         ,Daniel,Knalls,Clear,Front to Rear,no,no,no,no,no,False
102702224,METROPOLITAN NASHVILLE POLICE DEPT,20200329209,Davidson,Nashville,5/9/2020 2:35:00 PM,2,1,0,36.088320,-86.791000,LEALAND LN,,,,0.00,Feet,West,BATTERY LN,,,,0.00,N,Not at Intersection,N,Non-Junction,None,,,         ,Citlaly,Juarez,Clear,Front to Rear,no,no,no,no,no,False
102702244,METROPOLITAN NASHVILLE POLICE DEPT,2020-0329222,Davidson,Goodlettsville,5/9/2020 1:41:00 PM,2,0,0,36.302750,-86.691850,GALLATIN PKEN,,,,0.00,,,CONFERENCE DR,,,,0.00,Y,Four-Way,N,Intersection,None,,,         ,Arthur,Hipp,Clear,Front to Rear,no,no,no,no,yes,False
102702247,METROPOLITAN NASHVILLE POLICE DEPT,20200329356,Davidson,Nashville,5/9/2020 3:45:00 PM,1,0,0,36.109520,-86.734640,WINGATE AV,,,,151.00,Feet,South,THOMPSON LN,,,,0.00,N,Not at Intersection,N,Non-Junction,None,,,         ,Eric,Laury,Clear,Not Collision with Motor Vehicle in Transport,no,no,no,yes,no,False
102702254,GOODLETTSVILLE POLICE DEPT,20-15068,Davidson,Goodlettsville,5/9/2020 2:20:00 PM,2,3,0,36.300730,-86.700950,RIVERGATE PKWY,,,,0.00,Feet,,RIVERGATE MALL PVTDR,,,,0.00,Y,Four-Way,N,Intersection,None,,,         ,Hannah,Poole,Clear,Angle,no,no,no,no,no,False
102702263,METROPOLITAN NASHVILLE POLICE DEPT,20200329355,Davidson,Nashville,5/9/2020 3:33:00 PM,1,0,0,36.214450,-86.760190,DELLWAY DR,,,,561.00,Feet,South,WOODYHILL DR,,,,0.00,N,Not at Intersection,N,Non-Junction,None,,,         ,Christopher,Lawson,Clear,Not Collision with Motor Vehicle in Transport,no,no,no,no,yes,False
102702264,METROPOLITAN NASHVILLE POLICE DEPT,20200329338,Davidson,Nashville,5/9/2020 3:25:00 PM,2,1,0,36.176320,-86.809500,DR D B TODD JR BLVD,,,,158.00,Feet,North,WHELESS ST,,,,0.00,N,Not at Intersection,N,Non-Junction,None,,,         ,Jacob,Krispin,Clear,Other,no,no,no,no,no,False
102702267,METROPOLITAN NASHVILLE POLICE DEPT,20200329395,Davidson,Nashville,5/9/2020 3:57:00 PM,2,0,0,36.231510,-86.758920,US HWY 31W,,,,84.00,Feet,North,OAK VALLEY DR,,,,0.00,N,Not at Intersection, ,Non-Junction,None,,,         ,Maryanne,Bartello,Clear,Angle,no,no,no,no,no,False
102702276,METROPOLITAN NASHVILLE POLICE DEPT,20200329404,Davidson,Nashville,5/9/2020 4:00:00 PM,2,0,0,36.051660,-86.859120,US HWY 431,,,,51.00,Feet,North,BRIDLEWAY TRL,,,,0.00,N,Not at Intersection, ,Non-Junction,None,,,         ,John,McDonnell,Clear,Front to Rear,no,no,no,no,no,False
102702277,METROPOLITAN NASHVILLE POLICE DEPT,20200329472,Davidson,Nashville,5/9/2020 4:45:00 PM,2,0,0,36.074430,-86.921010,US HWY 70S,,,,34.00,Feet,West,STATE HWY 251,,,,0.00,N,Not at Intersection, ,,None,,,         ,Brian,DeMarce,,,no,no,no,no,no,False
102702301,METROPOLITAN NASHVILLE POLICE DEPT,20200329552,Davidson,Nashville,5/9/2020 5:35:00 PM,2,0,0,36.166650,-86.761220,SYLVAN ST,,,,127.00,Feet,East,S 5TH ST,,,,0.00,N,Not at Intersection, ,Non-Junction,None,,,         ,Christopher,Beery,Clear,Front to Rear,no,no,no,no,no,False
102702305,METROPOLITAN NASHVILLE POLICE DEPT,20200329601,Davidson,Nashville,5/9/2020 6:12:00 PM,2,1,0,36.140310,-86.829200,MURPHY RD,,,,0.00,,,37TH AVN,,,,0.00,Y,T-Intersection,N,Intersection,None,,,         ,Andrew,Mullen,Clear,"Sideswipe, Same Direction",no,no,no,no,no,False
102702307,METROPOLITAN NASHVILLE POLICE DEPT,20200329612,Davidson,Nashville,5/9/2020 5:45:00 PM,2,1,0,36.145740,-86.764720,2ND AVS,,,,0.00,,,CHESTNUT ST,,,,0.00,Y,Four-Way,N,Intersection,None,,,         ,Eric,Laury,Clear,Angle,no,no,no,no,yes,False
102702312,METROPOLITAN NASHVILLE POLICE DEPT,20200329486,Davidson,Not in City Limit,5/9/2020 4:48:00 PM,2,0,0,36.263340,-86.714600,STATE HWY 45,,,,1.00,Feet,East,DOUGLAS ST,,,,0.00,N,Not at Intersection, ,,None,,,         ,Kyle,Eicholtz,,,no,no,no,no,no,False
102702323,METROPOLITAN NASHVILLE POLICE DEPT,20200329523,Davidson,Nashville,5/9/2020 5:10:00 PM,2,0,0,36.144260,-86.813530,WEST END AV,,,,59.00,Feet,East,29TH AVS,,,,0.00,N,Not at Intersection, ,,None,,,         ,Jacob,Robbins,,,no,no,no,yes,no,Campus
102702328,METROPOLITAN NASHVILLE POLICE DEPT,20200329643,Davidson,Nashville,5/9/2020 6:28:00 PM,2,0,0,36.079370,-86.632570,EDGE O LAKE DR,,,,0.00,,,BELL RD,,,,0.00,Y,Four-Way,N,Intersection,None,,,         ,Steven,Powers,Clear,Angle,no,no,no,no,no,False
102702337,METROPOLITAN NASHVILLE POLICE DEPT,20200329514,Davidson,Nashville,5/9/2020 5:10:00 PM,2,0,0,36.061940,-86.740180,EDMONDSON PKE,,,,94.00,Feet,North,ELLINGTON AG CENTER PVTDR,,,,0.00,N,Not at Intersection,N,Non-Junction,None,,,         ,Darci,Stechman,Clear,"Sideswipe, Same Direction",no,no,no,no,no,False
102702340,METROPOLITAN NASHVILLE POLICE DEPT,20200329641,Davidson,Nashville,5/9/2020 12:00:00 AM,2,1,0,36.156730,-86.630950,I40 W EXT RAMP,,,,0.00,Feet,East,I 40,,,,0.00,N,Not at Intersection,Y,Entrance/Exit Ramp Related,None,,,         ,Douglas,Mann,Clear,Front to Rear,no,no,no,no,yes,False
102702361,METROPOLITAN NASHVILLE POLICE DEPT,20200329652,Davidson,Nashville,5/9/2020 6:48:00 PM,1,1,0,36.152540,-86.777080,7TH AVS,,,,0.00,,,,,,,0.00,,,N,Non-Junction,None,,,         ,James,Hill,Clear,Not Collision with Motor Vehicle in Transport,yes,no,no,yes,no,False