master_record_number,agency,agency_tracking_number,county,city,collision_date,vehicles_involved,number_injured,number_dead,latitude,longitude,roadway_name,roadway_suffix,roadway_number,roadway_local_id,distance_from_reference,miles-feet_indicator,direction_from_reference,intersection_road_name,intersection_road_name_suffix,intersection_road_number,intersection_local_id,mile_marker,intersection_indicator,intersect_type,interchange_related_indicator,relation_to_junction,work_zone_type,construction_maintenance_zone,construction_maintenance_zone_location,fatal_case_number,officer_first_name,officer_last_name,weather_condition(s),manner_of_crash,pedestrian,bicycle,scooter,parking,hitrun,mou
102704978,METROPOLITAN NASHVILLE POLICE DEPT,20200342567,Davidson,Nashville,5/14/2020 8:36:00 PM,2,1,0,36.042850,-86.606550,MURFREESBORO PKE,,,,0.00,Feet,,HOBSON PKE,,,,0.00,Y,Four-Way,N,Intersection,None,,,         ,Joel,Bennett,Clear,Angle,no,no,no,no,no,False
102704979,METROPOLITAN NASHVILLE POLICE DEPT,20200342615,Davidson,Nashville,5/14/2020 9:00:00 PM,2,1,0,36.169890,-86.590070,I 40,,,,0.00,,,,,,,221.45,N,Not at Intersection,N,Non-Junction,None,,,         ,Jeffrey,Mullins,Clear,"Sideswipe, Same Direction",no,no,no,no,yes,False
102705002,METROPOLITAN NASHVILLE POLICE DEPT,20200342750,Davidson,Nashville,5/14/2020 10:25:00 PM,2,1,0,36.107420,-86.922340,OLD HICKORY BLVD,,,,153.00,Feet,South,ROCKY LN,,,,0.00,N,Not at Intersection,N,Non-Junction,None,,,         ,Devonte,Coleman,Clear,Angle,no,no,no,no,no,False
102705006,METROPOLITAN NASHVILLE POLICE DEPT,20200342719,Davidson,Nashville,5/14/2020 9:57:00 PM,2,1,0,36.090330,-86.626500,SMITH SPRINGS RD,,,,0.00,,,BELL RD,,,,0.00,Y,Four-Way,N,Intersection,None,,,         ,Mary,Robinson,Clear,Angle,no,no,no,no,no,False
102705007,METROPOLITAN NASHVILLE POLICE DEPT,20200342691,Davidson,Nashville,5/14/2020 8:25:00 PM,2,0,0,36.116500,-86.625980,HERON POINTE DR,,,,1641.00,Feet,East,BELL RD,,,,0.00,N,Not at Intersection,N,Non-Junction,None,,,         ,Jarrett,Ipox,Clear,Angle,no,no,no,no,yes,False
102705025,METROPOLITAN NASHVILLE POLICE DEPT,20200342810,Davidson,Nashville,5/14/2020 10:57:00 PM,1,0,0,36.092730,-86.676620,STATE HWY 255,,,,168.00,Feet,West,BUSH RD,,,,0.00,N,Not at Intersection,N,Unknown,None,,,         ,Robert,Leverick,Clear,Unknown,no,no,no,no,yes,False
102705026,METROPOLITAN NASHVILLE POLICE DEPT,20200342802,Davidson,Goodlettsville,5/14/2020 10:55:00 PM,2,1,0,36.285110,-86.706210,GALLATIN PKEN,,,,21.00,Feet,South,TENNYSON AV,,,,0.00,N,Not at Intersection,N,Non-Junction,None,,,         ,Derrick,Toney,Clear,"Sideswipe, Same Direction",no,no,no,no,yes,False
102705031,METROPOLITAN NASHVILLE POLICE DEPT,20200342842,Davidson,Nashville,5/14/2020 10:11:00 PM,2,0,0,36.160040,-86.614070,BELL RD,,,,1213.00,Feet,South,DODSON CHAPEL RD,,,,0.00,N,Not at Intersection, ,Non-Junction,None,,,         ,Aimee,Ortiz,Cloudy,Front to Rear,no,no,no,no,no,False
102705038,METROPOLITAN NASHVILLE POLICE DEPT,20200343056,Davidson,Nashville,5/14/2020 11:54:00 PM,2,0,0,36.153740,-86.763860,I 40,,,,0.00,,,,,,,210.75,N,Not at Intersection,N,Non-Junction,None,,,         ,Richard,Luellen,Clear,Not Collision with Motor Vehicle in Transport,no,no,no,no,yes,False
102705039,METROPOLITAN NASHVILLE POLICE DEPT,20200342943,Davidson,Nashville,5/14/2020 11:54:00 PM,2,0,0,36.153500,-86.764370,I 40,,,,0.00,,,,,,,210.75,N,Not at Intersection,N,Non-Junction,None,,,         ,Richard,Luellen,Clear,"Sideswipe, Same Direction",no,no,no,no,yes,False
102705040,METROPOLITAN NASHVILLE POLICE DEPT,20200342965,Davidson,Nashville,5/15/2020 12:05:00 AM,1,0,0,35.989770,-86.626650,BURKITT,RD,,,0.00,,,BATTLE,RD,,,0.00,Y,T-Intersection,Y,Intersection,None,,,         ,McKenzie,Harper,Clear,Not Collision with Motor Vehicle in Transport,no,no,no,no,no,False
102705045,METROPOLITAN NASHVILLE POLICE DEPT,20200342918,Davidson,Nashville,5/15/2020 12:07:00 AM,2,0,0,36.152240,-86.773070,5TH AVS,,,,102.00,Feet,South,LAFAYETTE ST,,,,0.00,N,Not at Intersection,N,Non-Junction,None,,,         ,Stephen,Waterman,Clear,Front to Rear,no,no,no,no,no,False
102705046,METROPOLITAN NASHVILLE POLICE DEPT,20200343022,Davidson,Nashville,5/15/2020 12:00:00 AM,1,0,0,36.080350,-86.703120,WALLACE RD,,,,294.00,Feet,North,WILLARD DR,,,,0.00,N,Not at Intersection,N,OtherLocation,None,,,         ,Jeremy,Spears,Clear,Not Collision with Motor Vehicle in Transport,no,no,no,yes,yes,False
102705052,METROPOLITAN NASHVILLE POLICE DEPT,20200343052,Davidson,Nashville,5/15/2020 1:00:00 AM,1,0,0,36.092960,-86.762440,I 65,,,,0.00,,,,,,,78.55,N,Not at Intersection,N,Non-Junction,None,,,         ,Melvin,Brown III,Clear,Not Collision with Motor Vehicle in Transport,no,no,no,no,no,False
102705058,METROPOLITAN NASHVILLE POLICE DEPT,20200343183,Davidson,Nashville,5/15/2020 2:48:00 AM,2,1,0,36.081870,-86.701890,WALLACE RD,,,,0.00,,,LINBAR DR,,,,0.00,Y,T-Intersection,N,Intersection,None,,,         ,Kaleigh,Pearce,Clear,Angle,no,no,no,no,yes,False
102705062,METROPOLITAN NASHVILLE POLICE DEPT,20200343150,Davidson,Nashville,5/15/2020 2:20:00 AM,2,0,0,36.121920,-86.807210,HILLSBORO PKE,,,,62.00,Feet,South,I440 E EXT RAMP,,,,0.00,N,Not at Intersection, ,OtherLocation,Construction Zone,,,         ,Kenneth,Bray,Clear,Other,no,no,no,no,no,False
102705064,METROPOLITAN NASHVILLE POLICE DEPT,20200343201,Davidson,Nashville,5/15/2020 3:15:00 AM,2,0,0,36.248850,-86.694600,FLORENCE CIR,,,,718.00,Feet,West,TAHLENA AV,,,,0.00,N,Not at Intersection,N,"Driveway, Alley Access, etc",None,,,         ,Reuben,Hewit,Clear,Angle,no,no,no,no,yes,False
102705082,METROPOLITAN NASHVILLE POLICE DEPT,20200343059,Davidson,Nashville,5/15/2020 1:06:00 AM,1,0,0,36.201680,-86.776870,I 65,,,,0.00,,,,,,,87.00,N,Not at Intersection,N,Non-Junction,None,,,         ,Malik,Burriss,Clear,Not Collision with Motor Vehicle in Transport,no,no,no,no,no,False
102705105,METROPOLITAN NASHVILLE POLICE DEPT,20200343509,Davidson,Nashville,5/15/2020 7:04:00 AM,2,1,0,36.183940,-86.610470,ANDREW JACKSON PKWY,,,,119.00,Feet,North,OLD HICKORY BLVD,,,,0.00,N,Not at Intersection,N,Non-Junction,None,,,         ,Michael,Dance,Clear,Angle,no,no,no,no,no,False
102705148,METROPOLITAN NASHVILLE POLICE DEPT,20200341609,Davidson,Nashville,5/14/2020 1:23:00 PM,2,1,0,36.174720,-86.771220,I 24,,,,0.00,,,,,,,48.10,N,Not at Intersection,Y,Entrance/Exit Ramp Related,None,,,         ,Byron,Carter,Clear,Front to Rear,no,no,no,no,no,False
102705152,METROPOLITAN NASHVILLE POLICE DEPT,20200343566,Davidson,Nashville,5/15/2020 7:53:00 AM,2,1,0,36.169530,-86.607340,I40 W ENT RAMP,,,,0.00,Feet,East,I 40,,,,0.00,N,Not at Intersection,N,Entrance/Exit Ramp Related,None,,,         ,Michael,Brooks,Clear,Front to Rear,no,no,no,no,yes,False
102705156,METROPOLITAN NASHVILLE POLICE DEPT,20200343596,Davidson,Nashville,5/15/2020 8:00:00 AM,2,0,0,36.176930,-86.801150,I 65,,,,0.00,,,,,,,84.80,N,Not at Intersection, ,Entrance/Exit Ramp Related,None,,,         ,Wesley,Young,Clear,"Sideswipe, Same Direction",no,no,no,no,no,False
102705186,METROPOLITAN NASHVILLE POLICE DEPT,20200326585,Davidson,Nashville,5/8/2020 12:12:00 PM,2,0,0,36.168420,-86.687960,LEBANON PKE,,,,0.00,,,BRILEY PKWY N ENT RAMP,,,,0.00,Y,Four-Way,N,Intersection,None,,,         ,Carey,Steel,Clear,Angle,no,no,no,no,yes,False
102705189,METROPOLITAN NASHVILLE POLICE DEPT,20200343710,Davidson,Nashville,5/15/2020 9:01:00 AM,1,0,0,36.153300,-86.853200,I 40,,,,0.00,,,,,,,204.25,N,Not at Intersection,N,Non-Junction,None,,,         ,Darren,Key,Clear,Not Collision with Motor Vehicle in Transport,no,no,no,no,no,False
102705193,METROPOLITAN NASHVILLE POLICE DEPT,20200343797,Davidson,Nashville,5/15/2020 9:45:00 AM,2,0,0,36.124680,-86.847350,WOODMONT BLVD,,,,137.00,Feet,South,WHITE BRIDGE PKE,,,,0.00,N,Not at Intersection,N,Non-Junction,None,,,         ,Curtis,Rich,Clear,Front to Rear,no,no,no,no,no,False
102705197,METROPOLITAN NASHVILLE POLICE DEPT,20200343721,Davidson,Nashville,5/15/2020 9:05:00 AM,2,1,0,36.148960,-86.703340,APPLETON DR,,,,0.00,,,ELM HILL PKE,,,,0.00,Y,Four-Way,N,Intersection,None,,,         ,Michael,Brooks,Clear,Angle,no,no,no,no,no,False
102705212,THP District 3 - Nashville,320031340,Davidson,Not in City Limit,5/13/2020 7:55:00 AM,2,0,0,36.350710,-86.935580,I 24,,,,0.00,,,,,,,30.75,N,Not at Intersection,N,Non-Junction,None,,,         ,Robert,Sibal,Cloudy,Front to Rear,no,no,no,no,no,False
102705213,METROPOLITAN NASHVILLE POLICE DEPT,20200343788,Davidson,Not in City Limit,5/15/2020 9:44:00 AM,2,0,0,36.075540,-86.940630,HIGHWAY 70S,,,,71.00,Feet,West,BELLEVUE RD,,,,0.00,N,Not at Intersection, ,Non-Junction,None,,,         ,Brandon,O'Guin,Clear,Front to Rear,no,no,no,no,no,False
102705225,METROPOLITAN NASHVILLE POLICE DEPT,20200343783,Davidson,Nashville,5/15/2020 9:41:00 AM,1,0,0,36.378890,-86.751180,SPRINGFIELD HWY,,,,1046.00,Feet,North,BAKER STATION RD,,,,0.00,N,Not at Intersection, ,,None,,,         ,Ricki,Armstrong,,,no,no,no,no,no,False
102705237,METROPOLITAN NASHVILLE POLICE DEPT,20200343957,Davidson,Nashville,5/15/2020 10:56:00 AM,1,1,0,36.084560,-86.710730,SPARTAN DR,,,,263.00,Feet,East,TAMPA DR,,,,0.00,N,Not at Intersection,N,Non-Junction,None,,,         ,James,Thomas,Clear,Not Collision with Motor Vehicle in Transport,no,no,no,no,no,False
102705250,METROPOLITAN NASHVILLE POLICE DEPT,20200343997,Davidson,Nashville,5/15/2020 11:25:00 AM,2,1,0,36.180340,-86.804480,BUCHANAN ST,,,,0.00,,,11TH AVE N,,,,0.00,Y,T-Intersection,N,Intersection,None,,,         ,Wesley,Young,Clear,"Sideswipe, Same Direction",no,no,no,no,no,False
102705260,METROPOLITAN NASHVILLE POLICE DEPT,20200344036,Davidson,Goodlettsville,5/15/2020 11:33:00 AM,2,1,0,36.306840,-86.694360,CONFERENCE DR,,,,0.00,Feet,,VIETNAM VETERANS BLVD NB ENT R,,,,0.00,Y,T-Intersection, ,Intersection,None,,,         ,Cyretha,Frazier,Clear,Front to Rear,no,no,no,no,no,False
102705261,METROPOLITAN NASHVILLE POLICE DEPT,20200344046,Davidson,Nashville,5/15/2020 11:30:00 AM,2,0,0,36.157460,-86.802090,US HWY 70,,,,172.00,Feet,West,19TH AVE N,,,,0.00,N,Not at Intersection, ,Non-Junction,None,,,         ,Wesley,Young,Clear,Angle,no,no,no,no,no,False
102705285,METROPOLITAN NASHVILLE POLICE DEPT,20200343884,Davidson,Nashville,5/15/2020 10:27:00 AM,2,1,0,36.079600,-86.726320,NOLENSVILLE PKE,,,,0.00,,,HARDING PL,,,,0.00,Y,Four-Way, ,Intersection-Related,None,,,         ,Alex,Moore,Clear,Front to Rear,no,no,no,no,no,False
102705311,METROPOLITAN NASHVILLE POLICE DEPT,2020-0343796,Davidson,Madison,5/15/2020 9:46:00 AM,3,2,0,36.263810,-86.711660,GALLATIN PKEN,,,,0.00,,,OLD TIME VILLAGE PVTDR,,,,0.00,Y,OTHER,N,Non-Junction,None,,,         ,Frederick,Nelson,Clear,HeadOn,no,no,no,no,no,False
102705318,METROPOLITAN NASHVILLE POLICE DEPT,20200344164,Davidson,Nashville,5/15/2020 12:30:00 PM,2,0,0,36.182140,-86.608120,OLD HICKORY BLVD,,,,0.00,,,FRIST BLVD,,,,0.00,Y,Four-Way, ,Intersection,None,,,         ,Michael,Dance,Clear,Front to Rear,no,no,no,no,no,False
102705330,METROPOLITAN NASHVILLE POLICE DEPT,20200344233,Davidson,Nashville,5/15/2020 1:11:00 PM,2,1,0,36.185300,-86.636500,JACKSON DOWNS BLVD,,,,0.00,,,LEBANON PKE,,,,0.00,Y,Four-Way,N,Intersection,None,,,         ,Michael,Dance,Clear,Front to Rear,no,no,no,no,yes,False
102705341,METROPOLITAN NASHVILLE POLICE DEPT,20200344312,Davidson,Nashville,5/15/2020 2:00:00 PM,1,1,0,36.244340,-86.794710,BRICK CHURCH LN,,,,2075.00,Feet,East,KNIGHT DR,,,,0.00,N,Not at Intersection,N,Non-Junction,None,,,         ,Wesley,Young,Clear,Not Collision with Motor Vehicle in Transport,no,no,no,no,no,False
102705358,METROPOLITAN NASHVILLE POLICE DEPT,20200344215,Davidson,Nashville,5/15/2020 1:09:00 PM,2,4,0,36.217360,-86.763230,LORRAINE AV,,,,0.00,,,DICKERSON PKE,,,,0.00,Y,T-Intersection,N,Intersection,None,,,         ,Russell,Freeman,Clear,Angle,no,no,no,no,no,False
102705365,METROPOLITAN NASHVILLE POLICE DEPT,20200344297,Davidson,Nashville,5/15/2020 1:54:00 PM,2,1,0,36.089890,-86.890720,HARDING PKE,,,,169.00,Feet,East,CARNAVON PKWY,,,,0.00,N,Not at Intersection,N,Non-Junction,None,,,         ,Curtis,Rich,Cloudy,Angle,no,no,no,no,no,False
102705397,METROPOLITAN NASHVILLE POLICE DEPT,20200344403,Davidson,Nashville,5/15/2020 2:45:00 PM,1,0,0,36.193860,-86.723450,RIVERSIDE DR,,,,377.00,Feet,North,MCKENNELL DR,,,,0.00,N,Not at Intersection, ,Non-Junction,None,,,         ,Christopher,Beery,Clear,Not Collision with Motor Vehicle in Transport,no,no,no,no,no,False
102705418,METROPOLITAN NASHVILLE POLICE DEPT,20200344428,Davidson,Nashville,5/15/2020 3:03:00 PM,1,1,0,36.132160,-86.898830,I40 W EXT RAMP,,,,0.00,Feet,East,I 40,,,,0.00,N,Not at Intersection,N,Entrance/Exit Ramp Related,None,,,         ,Devonte,Coleman,Clear,Not Collision with Motor Vehicle in Transport,no,no,no,no,no,False
102705420,METROPOLITAN NASHVILLE POLICE DEPT,20200344538,Davidson,Not in City Limit,5/15/2020 3:37:00 PM,2,0,0,36.269260,-86.755740,OLD HICKORY BLVDW,,,,0.00,,,DICKERSON PKE,,,,0.00,Y,Four-Way, ,,None,,,         ,Christopher,Littles,,,no,no,no,no,no,False
102705426,METROPOLITAN NASHVILLE POLICE DEPT,20200344374,Davidson,Nashville,5/15/2020 1:49:00 PM,2,0,0,36.118100,-86.768020,I440 E ENT RAMP,,,,0.00,,,I 440,,,,0.00,Y,OTHER, ,Non-Junction,None,,,         ,FELIKS,ABRAHAMYAN,Clear,"Sideswipe, Same Direction",no,no,no,no,no,False
102705444,METROPOLITAN NASHVILLE POLICE DEPT,20200344293,Davidson,Nashville,5/15/2020 1:44:00 PM,4,2,0,36.120900,-86.750190,NOLENSVILLE PKE,,,,143.00,Feet,North,I440 E ENT RAMP,,,,0.00,N,Not at Intersection,N,Non-Junction,None,,,         ,Joel,Cottrill,Clear,Front to Rear,no,no,no,no,no,False
102705453,METROPOLITAN NASHVILLE POLICE DEPT,20200344593,Davidson,Nashville,5/15/2020 4:00:00 PM,2,0,0,36.101260,-86.870680,HARDING PKE,,,,359.00,Feet,North,PAGE RD,,,,0.00,N,Not at Intersection,N,Non-Junction,None,,,         ,Devonte,Coleman,Clear,Angle,no,no,no,no,no,False
102705457,METROPOLITAN NASHVILLE POLICE DEPT,20200342712,Davidson,Nashville,5/14/2020 9:56:00 PM,1,2,0,36.139610,-86.663750,I40 E ENT RAMP,,,,0.00,,,I 40,,,,0.00,Y,OTHER,Y,Entrance/Exit Ramp Related,None,,,         ,Russell,Ward,Clear,Not Collision with Motor Vehicle in Transport,no,no,no,no,no,False
102705463,METROPOLITAN NASHVILLE POLICE DEPT,20200344644,Davidson,Not in City Limit,5/15/2020 4:24:00 PM,2,0,0,36.263300,-86.711840,GALLATIN PKEN,,,,94.00,Feet,North,STATE RT 45,,,,0.00,N,Not at Intersection, ,,None,,,         ,Christopher,Littles,,,no,no,no,no,no,False
102705464,METROPOLITAN NASHVILLE POLICE DEPT,20200344574,Davidson,Nashville,5/15/2020 12:00:00 AM,2,1,0,36.143940,-86.738590,I 40,,,,0.00,,,,,,,212.40,N,Not at Intersection,N,Non-Junction,None,,,         ,Douglas,Mann,Clear,Front to Rear,no,no,no,no,yes,False
102705467,METROPOLITAN NASHVILLE POLICE DEPT,20200344486,Davidson,Nashville,5/15/2020 3:19:00 PM,2,0,0,36.202850,-86.776850,I 65,,,,0.00,,,,,,,87.05,N,Not at Intersection, ,AccelDecelLane,None,,,         ,Andrey,Volfson,Clear,Front to Rear,no,no,no,no,no,False
102705475,METROPOLITAN NASHVILLE POLICE DEPT,20200344178,Davidson,Nashville,5/15/2020 12:52:00 PM,2,0,0,36.158620,-86.782750,BROADWAY,,,,0.00,,,9TH AVN,,,,0.00,Y,T-Intersection, ,Intersection,Maintenance Zone,,,         ,Michael,Douglas,Cloudy,Angle,no,no,no,no,no,False
102705497,METROPOLITAN NASHVILLE POLICE DEPT,20200344440,Davidson,Nashville,5/15/2020 2:52:00 PM,2,0,0,36.045420,-86.713170,US HWY 31 ALT,,,,0.00,,,STATE HWY 254,,,,0.00,Y,Four-Way,N,Intersection-Related,None,,,         ,John,McDonnell,Clear,Front to Rear,no,no,no,no,no,False
102705510,METROPOLITAN NASHVILLE POLICE DEPT,20200344724,Davidson,Nashville,5/15/2020 5:00:00 PM,2,0,0,36.192300,-86.624330,LEBANON PKE,,,,253.00,Feet,North,BONNABROOK DR,,,,0.00,N,Not at Intersection, ,Non-Junction,None,,,         ,Jeffrey,Mullins,Clear,Angle,no,no,no,no,no,False
102705511,METROPOLITAN NASHVILLE POLICE DEPT,20200344776,Davidson,Nashville,5/15/2020 4:06:00 PM,2,0,0,36.073460,-86.920660,OLD HICKORY BLVD,,,,116.00,Feet,North,BELLEVUE VALLEY PLAZA PVTDR,,,,0.00,N,Not at Intersection, ,Non-Junction,None,,,         ,Devonte,Coleman,Clear,Front to Rear,no,no,no,no,no,False
102705534,METROPOLITAN NASHVILLE POLICE DEPT,20200344750,Davidson,Nashville,5/15/2020 12:00:00 AM,2,0,0,36.081200,-86.715140,HARDING PL,,,,0.00,,,HUMBER DR,,,,0.00,Y,T-Intersection,Y,Intersection,None,,,         ,John,Braun,Clear,Angle,no,no,no,no,no,False
102705535,METROPOLITAN NASHVILLE POLICE DEPT,20200344858,Davidson,Nashville,5/15/2020 6:20:00 PM,2,0,0,36.185200,-86.798250,ROSA L PARKS BLVD,,,,4.00,Feet,North,I65 S EXT RAMP,,,,0.00,N,Not at Intersection, ,,None,,,         ,Eric,McCoy,,,no,no,no,no,no,False
102705536,METROPOLITAN NASHVILLE POLICE DEPT,20200344758,Davidson,Nashville,5/15/2020 5:20:00 PM,2,2,0,36.151050,-86.769850,I 40,,,,0.00,,,,,,,210.45,N,Not at Intersection,N,Non-Junction,None,,,         ,Philip,Claibourne,Clear,Front to Rear,no,no,no,no,no,False
102705538,METROPOLITAN NASHVILLE POLICE DEPT,20200344710,Davidson,Nashville,5/15/2020 4:57:00 PM,2,0,0,36.180020,-86.774070,I 24,,,,0.00,,,,,,,47.70,N,Not at Intersection, ,Non-Junction,None,,,         ,Ty,Cummings,Clear,Front to Rear,no,no,no,no,no,False
102705543,METROPOLITAN NASHVILLE POLICE DEPT,20200344821,Davidson,Nashville,5/15/2020 5:34:00 PM,3,0,0,36.205900,-86.768700,W TRINITY LN,,,,25.00,Feet,West,E TRINITY LN,,,,0.00,N,Not at Intersection,N,Non-Junction,None,,,         ,Zachary,Carter,Clear,Front to Rear,no,no,no,no,yes,False
102705552,METROPOLITAN NASHVILLE POLICE DEPT,20200344677,Davidson,Nashville,5/15/2020 4:43:00 PM,2,0,0,36.163860,-86.762710,I 24,,,,0.00,,,,,,,49.20,N,Not at Intersection, ,Non-Junction,None,,,         ,Roy,Sain Jr.,Clear,Front to Rear,no,no,no,no,no,False
102705553,METROPOLITAN NASHVILLE POLICE DEPT,20200344823,Davidson,Nashville,5/15/2020 5:50:00 PM,2,0,0,36.174590,-86.613600,CENTRAL PKE,,,,200.00,Feet,East,DODSON CHAPEL RD,,,,0.00,N,Not at Intersection, ,,None,,,         ,Zaire,Murray,,,no,no,no,no,no,False
102705563,METROPOLITAN NASHVILLE POLICE DEPT,20200344729,Davidson,Nashville,5/15/2020 5:00:00 PM,3,1,0,36.171050,-86.760370,FATHERLAND ST,,,,401.00,Feet,West,S 7TH ST,,,,0.00,N,Not at Intersection,N,Non-Junction,None,,,         ,Savannah,Starbuck,Clear,Angle,no,no,no,no,no,False
102705566,METROPOLITAN NASHVILLE POLICE DEPT,20200344891,Davidson,Goodlettsville,5/15/2020 6:17:00 PM,2,0,0,36.299650,-86.696750,GALLATIN PKEN,,,,67.00,Feet,South,CUDE LN,,,,0.00,N,Not at Intersection,N,Non-Junction,None,,,         ,Christopher,Littles,Clear,Front to Rear,no,no,no,no,yes,False
102705567,METROPOLITAN NASHVILLE POLICE DEPT,20200344825,Davidson,Not in City Limit,5/15/2020 5:59:00 PM,1,1,0,36.307120,-86.675720,CUMBERLAND HILLS DR,,,,151.00,Feet,South,MANSKER DR,,,,0.00,N,Not at Intersection,N,Non-Junction,None,,,         ,Christopher,Littles,Clear,Not Collision with Motor Vehicle in Transport,yes,no,no,no,no,False
102705568,METROPOLITAN NASHVILLE POLICE DEPT,20200344942,Davidson,Not in City Limit,5/15/2020 6:52:00 PM,1,1,0,36.263310,-86.697200,E OLD HICKORY BLVD,,,,211.00,Feet,West,LANIER DR,,,,0.00,N,Not at Intersection,N,Non-Junction,None,,,         ,Christopher,Littles,Clear,Not Collision with Motor Vehicle in Transport,no,no,no,no,no,False
102705569,METROPOLITAN NASHVILLE POLICE DEPT,20200344985,Davidson,Nashville,5/15/2020 7:13:00 PM,1,1,0,36.244490,-86.747540,I65 S EXT RAMP,,,,0.00,,,I 65,,,,0.00,Y,Y-Intersection,Y,Entrance/Exit Ramp Related,None,,,         ,Benjamin,Williams,Clear,Not Collision with Motor Vehicle in Transport,no,no,no,no,no,False
102705582,METROPOLITAN NASHVILLE POLICE DEPT,20200344997,Davidson,Nashville,5/15/2020 7:20:00 PM,2,1,0,36.231510,-86.781520,BRICK CHURCH PKE,,,,35.00,Feet,South,EWING DR,,,,0.00,N,Not at Intersection,N,Non-Junction,None,,,         ,Jarret,Sonnenberg,Clear,Front to Rear,no,no,no,no,yes,False
102705597,METROPOLITAN NASHVILLE POLICE DEPT,20200345066,Davidson,Nashville,5/15/2020 7:30:00 PM,2,0,0,36.149970,-86.858740,CHARLOTTE PKE,,,,202.00,Feet,East,MIDLAND AV,,,,0.00,N,Not at Intersection, ,Non-Junction,None,,,         ,Devonte,Coleman,Clear,Angle,no,no,no,no,no,False
102705603,METROPOLITAN NASHVILLE POLICE DEPT,20200344899,Davidson,Nashville,5/15/2020 6:25:00 PM,2,1,0,36.185050,-86.798220,ROSA L PARKS BLVD,,,,51.00,Feet,South,I65 S EXT RAMP,,,,0.00,N,Not at Intersection,Y,Entrance/Exit Ramp Related,None,,,         ,Amery,Milligan,Clear,Front to Rear,no,no,no,no,no,False
102705604,METROPOLITAN NASHVILLE POLICE DEPT,20200344967,Davidson,Nashville,5/15/2020 7:00:00 PM,2,1,0,36.135530,-86.725090,I24 W EXT RAMP,,,,0.00,,,SPENCE LN,,,,0.00,Y,Four-Way,Y,Entrance/Exit Ramp Related,None,,,         ,Steven,Begley,Clear,Not Collision with Motor Vehicle in Transport,no,no,no,no,no,False
102705606,METROPOLITAN NASHVILLE POLICE DEPT,20200345159,Davidson,Nashville,5/15/2020 8:47:00 PM,1,1,0,36.221290,-86.804570,REVELS DR,,,,109.00,Feet,East,US HWY 431,,,,0.00,N,Not at Intersection,N,Non-Junction,None,,,         ,Fabjan,Llukaj,Clear,Not Collision with Motor Vehicle in Transport,no,no,no,no,no,False
102705618,METROPOLITAN NASHVILLE POLICE DEPT,20200345114,Davidson,Nashville,5/15/2020 12:00:00 AM,2,0,0,36.192370,-86.829130,CLARKSVILLE PKE,,,,29.00,Feet,West,CLIFF DR,,,,0.00,N,Not at Intersection,N,Non-Junction,None,,,         ,Melvin,Taylor,Clear,Front to Rear,no,no,no,no,no,False
102705634,METROPOLITAN NASHVILLE POLICE DEPT,2020-0345162,Davidson,Not in City Limit,5/15/2020 8:50:00 PM,2,1,0,36.264130,-86.726490,OLD HICKORY BLVDW,,,,10.00,Feet,East,RONNIE RD,,,,0.00,N,Not at Intersection,N,Non-Junction,None,,,         ,Arthur,Hipp,Clear,Angle,no,no,no,no,yes,False
102705643,METROPOLITAN NASHVILLE POLICE DEPT,20200345110,Davidson,Nashville,5/15/2020 8:20:00 PM,1,1,0,36.249450,-86.677800,SIOUX TER,,,,130.00,Feet,East,INDIAN WOODS DR,,,,0.00,N,Not at Intersection,N,Non-Junction,None,,,         ,Christopher,Littles,Clear,Not Collision with Motor Vehicle in Transport,no,no,no,no,no,False
102705652,METROPOLITAN NASHVILLE POLICE DEPT,20200345097,Davidson,Nashville,5/15/2020 8:11:00 PM,2,1,0,36.124290,-86.696340,VULTEE BLVD,,,,0.00,,,BRILEY PKWY,,,,0.00,Y,Four-Way,N,Intersection,None,,,         ,Dontaveous,Eubanks,Clear,Angle,no,no,no,no,no,False
102705653,METROPOLITAN NASHVILLE POLICE DEPT,20200345129,Davidson,Nashville,5/15/2020 8:00:00 PM,2,0,0,36.201010,-86.617390,TYLER DR,,,,135.00,Feet,East,LEBANON PKE,,,,0.00,N,Not at Intersection, ,Non-Junction,None,,,         ,Zaire,Murray,Clear,Angle,no,no,no,no,no,False
102705656,METROPOLITAN NASHVILLE POLICE DEPT,20200345258,Davidson,Nashville,5/15/2020 9:35:00 PM,1,0,0,36.231130,-86.700140,STATE HWY 155,,,,938.00,Feet,South,MUSIC VALLEY DR,,,,0.00,N,Not at Intersection,N,Non-Junction,None,,,         ,Peter,Kinsey,Clear,Not Collision with Motor Vehicle in Transport,no,no,no,no,no,False
102705659,METROPOLITAN NASHVILLE POLICE DEPT,20200345301,Davidson,Nashville,5/15/2020 7:30:00 PM,2,0,0,36.183820,-86.754540,MCFERRIN AVE,,,,182.00,Feet,South,W EASTLAND AVE,,,,0.00,N,Not at Intersection,N,Non-Junction,None,,,         ,Sarah,Cartwright,Clear,"Sideswipe, Same Direction",no,no,no,no,yes,False
102705660,METROPOLITAN NASHVILLE POLICE DEPT,20200345038,Davidson,Nashville,5/15/2020 3:55:00 PM,2,0,0,36.195920,-86.741990,GALLATIN AV,,,,0.00,,,,,,,0.00,,,N,Non-Junction,None,,,         ,Christopher,Beery,Clear,Rear to Rear,no,no,no,yes,yes,False