master_record_number,agency,agency_tracking_number,county,city,collision_date,vehicles_involved,number_injured,number_dead,latitude,longitude,roadway_name,roadway_suffix,roadway_number,roadway_local_id,distance_from_reference,miles-feet_indicator,direction_from_reference,intersection_road_name,intersection_road_name_suffix,intersection_road_number,intersection_local_id,mile_marker,intersection_indicator,intersect_type,interchange_related_indicator,relation_to_junction,work_zone_type,construction_maintenance_zone,construction_maintenance_zone_location,fatal_case_number,officer_first_name,officer_last_name,weather_condition(s),manner_of_crash,pedestrian,bicycle,scooter,parking,hitrun,mou
102705692,METROPOLITAN NASHVILLE POLICE DEPT,20200345360,Davidson,Nashville,5/15/2020 9:35:00 PM,2,0,0,36.089130,-86.614850,SMITH SPRINGS RD,,,,0.00,,,CASTLEGATE DR,,,,0.00,Y,T-Intersection,N,Intersection-Related,None,,,         ,Samuel,Fredericks,Clear,Front to Rear,no,no,no,no,no,False
102705717,METROPOLITAN NASHVILLE POLICE DEPT,20200345503,Davidson,Nashville,5/15/2020 11:55:00 PM,2,1,0,36.207240,-86.783510,US HWY 431,,,,124.00,Feet,East,MONTICELLO DR,,,,0.00,N,Not at Intersection,N,Non-Junction,None,,,         ,Malik,Burriss,Clear,Front to Rear,no,no,no,no,no,False
102705718,METROPOLITAN NASHVILLE POLICE DEPT,20200345641,Davidson,Goodlettsville,5/16/2020 12:58:00 AM,1,0,0,36.291730,-86.721300,I 65,,,,0.00,,,,,,,94.35,N,Not at Intersection,N,Non-Junction,None,,,         ,Joshua,Dodge,Clear,Not Collision with Motor Vehicle in Transport,no,no,no,no,yes,False
102705719,METROPOLITAN NASHVILLE POLICE DEPT,20200345707,Davidson,Nashville,5/15/2020 9:38:00 PM,1,0,0,36.112450,-86.746030,NOLENSVILLE PKE,,,,101.00,Feet,South,MCCLAIN AV,,,,0.00,N,Not at Intersection,N,Non-Junction,None,,,         ,Daryn,Yentes,Clear,Not Collision with Motor Vehicle in Transport,no,no,no,yes,no,False
102705728,METROPOLITAN NASHVILLE POLICE DEPT,20200345511,Davidson,Nashville,5/16/2020 12:05:00 AM,2,0,0,36.037320,-86.786580,FRANKLIN PKE,,,,30.00,Feet,South,OLD HICKORY BLVD,,,,0.00,N,Not at Intersection,N,Non-Junction,None,,,         ,Angeline,Comilla,Clear,Front to Rear,no,no,no,no,no,False
102705754,METROPOLITAN NASHVILLE POLICE DEPT,20200345797,Davidson,Nashville,5/16/2020 2:48:00 AM,2,0,0,36.084560,-86.763810,I65 S EXT RAMP,,,,61.00,Feet,North,I 65,,,,0.00,N,Not at Intersection,N,Non-Junction,None,,,         ,Tony,Mingsing,Clear,Angle,no,no,no,no,yes,False
102705796,METROPOLITAN NASHVILLE POLICE DEPT,20200345977,Davidson,Nashville,5/16/2020 6:08:00 AM,1,0,0,36.141240,-86.716260,I 40,,,,0.00,,,,,,,213.85,N,Not at Intersection,N,Non-Junction,None,,,         ,Corey,Ethridge,Clear,Not Collision with Motor Vehicle in Transport,no,no,no,no,no,False
102705810,METROPOLITAN NASHVILLE POLICE DEPT,20200345970,Davidson,Nashville,5/16/2020 6:03:00 AM,2,2,0,36.018760,-86.619230,OLD HICKORY,BLVD,,,200.00,Feet,East,OWEN,DR,,,0.00,N,Not at Intersection,N,Non-Junction,None,,,         ,McKenzie,Harper,Clear,HeadOn,no,no,no,no,no,False
102705812,METROPOLITAN NASHVILLE POLICE DEPT,20200345377,Davidson,Madison,5/15/2020 10:55:00 PM,1,1,0,36.266850,-86.693390,N DUPONT AV,,,,122.00,Feet,East,NORTH PARK VILLAGE PVTDR,,,,0.00,N,Not at Intersection,N,Non-Junction,None,,,         ,Nelson,Hemingway,Clear,Not Collision with Motor Vehicle in Transport,no,no,no,no,yes,False
102705833,METROPOLITAN NASHVILLE POLICE DEPT,20200346058,Davidson,Not in City Limit,5/16/2020 6:00:00 AM,1,0,0,36.351730,-86.886780,BAXTER RD,,,,2280.00,Feet,East,BIDWELL RD,,,,0.00,N,Not at Intersection,N,Non-Junction,None,,,         ,Garren,Hoskins,Clear,Not Collision with Motor Vehicle in Transport,no,no,no,no,no,False
102705852,METROPOLITAN NASHVILLE POLICE DEPT,20200346173,Davidson,Antioch,5/16/2020 9:09:00 AM,1,0,0,35.991910,-86.654830,BURKITT RD,,,,0.00,,,WHITTEMORE LN,,,,0.00,Y,T-Intersection,N,Non-Junction,None,,,         ,Zachary,Aldrich,Clear,Not Collision with Motor Vehicle in Transport,no,no,no,no,no,False
102705884,METROPOLITAN NASHVILLE POLICE DEPT,20200346206,Davidson,Nashville,5/16/2020 9:32:00 AM,1,0,0,36.036240,-86.641120,CROSSINGS BLVD,,,,862.00,Feet,West,OLD FRANKLIN RD,,,,0.00,N,Not at Intersection,N,Non-Junction,None,,,         ,Gregory,Dixon,Clear,Not Collision with Motor Vehicle in Transport,no,no,no,no,no,False
102705902,METROPOLITAN NASHVILLE POLICE DEPT,20200346115,Davidson,Nashville,5/16/2020 8:15:00 AM,1,1,0,36.128290,-86.900780,I 40,,,,0.00,,,,,,,200.90,N,Not at Intersection,N,Non-Junction,None,,,         ,Jack,Crouch,Clear,Not Collision with Motor Vehicle in Transport,no,no,no,no,no,False
102705904,METROPOLITAN NASHVILLE POLICE DEPT,20200346373,Davidson,Nashville,5/16/2020 11:30:00 AM,2,1,0,36.177300,-86.604180,OLD HICKORY BLVD,,,,0.00,,,HERMITAGE WOODS DR,,,,0.00,Y,T-Intersection,N,Intersection-Related,None,,,         ,William,Mckay,Clear,Front to Rear,no,no,no,no,no,False
102705913,METROPOLITAN NASHVILLE POLICE DEPT,20200346198,Davidson,Nashville,5/16/2020 9:27:00 AM,2,2,0,36.167790,-86.820750,JEFFERSON ST,,,,0.00,Feet,,ED TEMPLE BLVD,,,,0.00,Y,Four-Way,N,Intersection,None,,,         ,Bianca,Crawford,Clear,Front to Rear,no,no,no,no,yes,False
102705916,METROPOLITAN NASHVILLE POLICE DEPT,20200346366,Davidson,Nashville,5/16/2020 11:20:00 AM,2,2,0,36.375980,-86.748030,SPRINGFIELD HWY,,,,288.00,Feet,South,BAKER STATION RD,,,,0.00,N,Not at Intersection,N,Non-Junction,None,,,         ,Ricki,Armstrong,Clear,HeadOn,no,no,no,no,no,False
102705920,METROPOLITAN NASHVILLE POLICE DEPT,20200346396,Davidson,Nashville,5/16/2020 11:10:00 AM,2,0,0,36.149840,-86.784500,I 40,,,,0.00,,,,,,,209.55,N,Not at Intersection,N,Non-Junction,None,,,         ,Jackson,Smythe,Clear,"Sideswipe, Same Direction",no,no,no,no,no,False
102705935,METROPOLITAN NASHVILLE POLICE DEPT,20200346507,Davidson,Nashville,5/16/2020 12:53:00 PM,2,0,0,36.146720,-86.756180,LAFAYETTE ST,,,,556.00,Feet,East,FAIRFIELD AV,,,,0.00,N,Not at Intersection,N,Non-Junction,None,,,         ,Brian,Sherman,Clear,"Sideswipe, Same Direction",no,no,no,no,yes,False
102705947,METROPOLITAN NASHVILLE POLICE DEPT,20200346426,Davidson,Nashville,5/16/2020 11:57:00 AM,2,1,0,36.206950,-86.782140,W TRINITY LN,,,,339.00,Feet,West,SCRUGGS LN,,,,0.00,N,Not at Intersection,N,Non-Junction,None,,,         ,Tyler,Adcock,Clear,Angle,no,no,no,no,no,False
102705951,METROPOLITAN NASHVILLE POLICE DEPT,20200346532,Davidson,Nashville,5/16/2020 11:00:00 AM,2,1,0,36.067750,-86.737580,BRIARWOOD DR,,,,76.00,Feet,West,EDMONDSON PKE,,,,0.00,N,Not at Intersection, ,Non-Junction,None,,,         ,Tony,Folad,Clear,Front to Rear,no,no,no,no,no,False
102705955,METROPOLITAN NASHVILLE POLICE DEPT,20200346566,Davidson,Nashville,5/16/2020 1:46:00 PM,1,1,0,36.140600,-86.724610,I 40,,,,0.00,,,,,,,213.40,N,Not at Intersection,N,Non-Junction,None,,,         ,Jason,Thomas,Cloudy,Not Collision with Motor Vehicle in Transport,no,no,no,no,no,False
102705977,METROPOLITAN NASHVILLE POLICE DEPT,20200346582,Davidson,Nashville,5/16/2020 2:05:00 PM,1,1,0,36.045390,-86.645510,BELL FORGE PKWY,,,,151.00,Feet,West,ASH FORGE DR,,,,0.00,N,Not at Intersection,N,Non-Junction,None,,,         ,Gregory,Dixon,Clear,Not Collision with Motor Vehicle in Transport,no,no,no,no,no,False
102705981,METROPOLITAN NASHVILLE POLICE DEPT,20200346581,Davidson,Nashville,5/16/2020 2:06:00 PM,2,0,0,36.253920,-86.757780,DICKERSON PKE,,,,195.00,Feet,North,BARNETT DR,,,,0.00,N,Not at Intersection,N,Non-Junction,None,,,         ,Ricki,Armstrong,Clear,Front to Rear,no,no,no,no,yes,False
102705982,METROPOLITAN NASHVILLE POLICE DEPT,20200346492,Davidson,Nashville,5/16/2020 12:40:00 PM,1,0,0,36.176640,-86.587180,BROOKE VALLEY DR,,,,0.00,,,VALLEY GROVE DR,,,,0.00,Y,T-Intersection,N,Intersection-Related,None,,,         ,William,Mckay,Clear,Not Collision with Motor Vehicle in Transport,no,no,no,no,yes,False
102706006,METROPOLITAN NASHVILLE POLICE DEPT,20200346679,Davidson,Nashville,5/16/2020 2:40:00 PM,1,0,0,36.044950,-86.659750,I24 E ENT RAMP,,,,0.00,,,I 24,,,,0.00,Y,Four-Way,N,Intersection-Related,None,,,         ,Dalton,Crum,Clear,Not Collision with Motor Vehicle in Transport,no,no,no,no,no,False
102706009,METROPOLITAN NASHVILLE POLICE DEPT,20200346652,Davidson,Nashville,5/16/2020 2:47:00 PM,3,1,0,36.131660,-86.726790,I 24,,,,0.00,,,,,,,52.05,N,Not at Intersection,N,Non-Junction,None,,,         ,Austin,Binner,Clear,"Sideswipe, Same Direction",no,no,no,no,yes,False
102706022,METROPOLITAN NASHVILLE POLICE DEPT,20200346765,Davidson,Nashville,5/16/2020 3:54:00 PM,2,0,0,36.139500,-86.700200,KNIGHTS OF COLUMBUS BLVD,,,,0.00,,,I40 E ENT RAMP,,,,0.00,Y,Four-Way, ,Intersection,None,,,         ,Jarrett,Ipox,Clear,Front to Rear,no,no,no,no,no,False
102706028,METROPOLITAN NASHVILLE POLICE DEPT,20200346536,Davidson,Not in City Limit,5/16/2020 1:21:00 PM,2,0,0,36.264070,-86.690290,STATE RT 45,,,,0.00,,,MYATT DR,,,,0.00,Y,Four-Way,N,Intersection-Related,None,,,         ,William,Coy,Clear,Front to Rear,no,no,no,no,yes,False
102706038,METROPOLITAN NASHVILLE POLICE DEPT,20200346809,Davidson,Nashville,5/16/2020 4:15:00 PM,2,1,0,36.084160,-86.705890,LINBAR DR,,,,0.00,,,HARDING PL,,,,0.00,Y,Four-Way,N,Intersection,None,,,         ,John,Jones,Clear,Front to Rear,no,no,no,no,yes,False
102706040,METROPOLITAN NASHVILLE POLICE DEPT,20200346884,Davidson,Not in City Limit,5/15/2020 5:00:00 PM,2,0,0,36.261220,-86.682650,WYCHEWOOD CV,,,,131.00,Feet,North,BUBBLING WELL RD,,,,0.00,N,Not at Intersection,N,Non-Junction,None,,,         ,Kyle,Eicholtz,Clear,Angle,no,no,no,no,yes,False
102706043,METROPOLITAN NASHVILLE POLICE DEPT,20200346807,Davidson,Nashville,5/16/2020 4:15:00 PM,2,0,0,36.161380,-86.774840,2ND AVS,,,,209.00,Feet,South,BROADWAY,,,,0.00,N,Not at Intersection,N,Non-Junction,None,,,         ,James,Hill,Clear,Angle,no,no,no,no,no,False
102706069,METROPOLITAN NASHVILLE POLICE DEPT,20200346913,Davidson,Nashville,5/16/2020 4:40:00 PM,2,0,0,36.173880,-86.788700,6TH AVN,,,,0.00,Feet,West,JEFFERSON ST,,,,0.00,N,Not at Intersection, ,,None,,,         ,Eric,McCoy,,,no,no,no,no,no,False
102706072,METROPOLITAN NASHVILLE POLICE DEPT,20200346935,Davidson,Nashville,5/16/2020 4:51:00 PM,2,0,0,36.040900,-86.779380,STONE BROOK DR,,,,0.00,,,OLD HICKORY BLVD,,,,0.00,Y,Four-Way,Y,Non-Junction,None,,,         ,Nicholas,Carroll,Clear,Other,no,no,no,no,yes,False
102706076,METROPOLITAN NASHVILLE POLICE DEPT,20200346881,Davidson,Nashville,5/16/2020 4:45:00 PM,2,0,0,36.139510,-86.700310,KAREN DR,,,,0.00,,,BRILEY PKWY,,,,0.00,Y,Four-Way,Y,Intersection,None,,,         ,Jarrett,Ipox,Clear,Front to Rear,no,no,no,no,no,False
102706088,METROPOLITAN NASHVILLE POLICE DEPT,20200347045,Davidson,Goodlettsville,5/16/2020 6:00:00 PM,2,0,0,36.299980,-86.696290,GALLATIN PKEN,,,,116.00,Feet,East,CUDE LN,,,,0.00,N,Not at Intersection, ,Non-Junction,None,,,         ,Zachary,Scott,Clear,Front to Rear,no,no,no,no,no,False
102706089,GOODLETTSVILLE POLICE DEPT,20-15729,Davidson,Goodlettsville,5/16/2020 4:37:00 PM,2,0,0,36.290070,-86.714310,CINDY PL,,,,205.00,Feet,North,KATHY AV,,,,0.00,N,Not at Intersection,N,Non-Junction,None,,,         ,Jessica,Gistarb,Clear,Front to Rear,no,no,no,no,no,False
102706096,METROPOLITAN NASHVILLE POLICE DEPT,20200346816,Davidson,Nashville,5/16/2020 4:00:00 PM,2,0,0,36.082110,-86.761700,SIDCO DR,,,,2.00,Feet,North,HARDING PL,,,,0.00,N,Not at Intersection, ,,None,,,         ,Melissa,Lomax,,,no,no,no,no,no,False
102706097,METROPOLITAN NASHVILLE POLICE DEPT,20200347092,Davidson,Nashville,5/16/2020 7:05:00 PM,2,0,0,36.200100,-86.776650,I 65,,,,0.00,,,,,,,86.90,N,Not at Intersection,N,Non-Junction,None,,,         ,Christopher,Beery,Clear,"Sideswipe, Same Direction",no,no,no,no,yes,False
102706112,VANDERBILT UNIVERSITY POLICE,20200347050,Davidson,Nashville,5/16/2020 6:36:00 PM,1,0,0,36.146070,-86.799550,SCARRITT PL,,,,0.00,,,21ST AVS,,,,0.00,Y,Four-Way, ,Intersection-Related,None,,,         ,Christopher,Dion,Clear,Not Collision with Motor Vehicle in Transport,no,no,no,no,no,Campus
102706115,METROPOLITAN NASHVILLE POLICE DEPT,20200347036,Davidson,Nashville,5/16/2020 6:42:00 PM,2,0,0,36.176910,-86.774580,SPRING ST,,,,0.00,,,N 1ST ST,,,,0.00,Y,Four-Way, ,Intersection,None,,,         ,Roy,Sain Jr.,Clear,"Sideswipe, Same Direction",no,no,no,no,no,False
102706117,METROPOLITAN NASHVILLE POLICE DEPT,20200347157,Davidson,Nashville,5/16/2020 8:01:00 PM,2,0,0,36.170390,-86.741850,SHELBY AV,,,,299.00,Feet,East,S 16TH ST,,,,0.00,N,Not at Intersection,N,Non-Junction,None,,,         ,Randy,Puckett,Clear,Front to Rear,no,no,no,no,yes,False
102706118,METROPOLITAN NASHVILLE POLICE DEPT,20200346733,Davidson,Nashville,5/16/2020 3:29:00 PM,2,0,0,36.055950,-86.715550,APRIL LN,,,,0.00,,,US HWY 31 ALT,,,,0.00,Y,Four-Way,N,Intersection,None,,,         ,John,McDonnell,Clear,Front to Rear,no,no,no,no,yes,False
102706121,METROPOLITAN NASHVILLE POLICE DEPT,20200347115,Davidson,Nashville,5/16/2020 7:00:00 PM,2,0,0,36.175600,-86.757030,S 9TH ST,,,,140.00,Feet,South,MAIN ST,,,,0.00,N,Not at Intersection,N,Non-Junction,None,,,         ,Tyler,Manivong,Clear,Front to Rear,no,no,no,yes,no,False
102706149,METROPOLITAN NASHVILLE POLICE DEPT,20200347063,Davidson,Nashville,5/16/2020 3:59:00 PM,2,0,0,36.151690,-86.627090,BLACKWOOD DR,,,,627.00,Feet,West,BELL RD,,,,0.00,N,Not at Intersection,N,Non-Junction,None,,,         ,Mary,Robinson,Clear,Angle,no,no,no,yes,yes,False
102706152,METROPOLITAN NASHVILLE POLICE DEPT,20200347271,Davidson,Nashville,5/16/2020 9:00:00 PM,2,0,0,36.167010,-86.763730,SHELBY AV,,,,0.00,,,S 4TH ST,,,,0.00,Y,Four-Way,N,Intersection,None,,,         ,Tyler,Manivong,Clear,Angle,no,no,no,no,yes,False
102706153,METROPOLITAN NASHVILLE POLICE DEPT,20200347119,Davidson,Nashville,5/16/2020 7:30:00 PM,3,0,0,36.058500,-86.741590,EDMONDSON PIKE,,,,574.00,Feet,South,ELLINGTON CIR,,,,0.00,N,Not at Intersection,N,"Driveway, Alley Access, etc",None,,,         ,John,McDonnell,Clear,Angle,no,no,no,no,no,False
102706160,METROPOLITAN NASHVILLE POLICE DEPT,20200347091,Davidson,Nashville,5/16/2020 7:05:00 PM,2,0,0,36.151450,-86.627560,BLACKWOOD DR,,,,88.00,Feet,West,CONNECTING ROAD,,,,0.00,N,Not at Intersection, ,Non-Junction,None,,,         ,Michael,Fox,Clear,Front to Rear,no,no,no,no,no,False
102706164,METROPOLITAN NASHVILLE POLICE DEPT,20200347205,Davidson,Nashville,5/16/2020 8:25:00 PM,2,1,0,36.067390,-86.631220,MURFREESBORO PKE,,,,12.00,Feet,South,FOREST VIEW DR,,,,0.00,N,Not at Intersection,N,Non-Junction,None,,,         ,Joshua,Dale,Clear,Angle,no,no,no,no,no,False
102706165,METROPOLITAN NASHVILLE POLICE DEPT,20200346695,Davidson,Nashville,5/16/2020 1:37:00 PM,1,0,0,36.078250,-86.804140,OVERTON LEA RD,,,,328.00,Feet,West,RIDGEVIEW DR,,,,0.00,N,Not at Intersection,N,Non-Junction,None,,,         ,Brady,Reynolds,Clear,Not Collision with Motor Vehicle in Transport,no,no,no,no,no,False
102706187,METROPOLITAN NASHVILLE POLICE DEPT,20200347287,Davidson,Not in City Limit,5/16/2020 8:45:00 PM,2,0,0,36.279690,-86.708680,GALLATIN PKEN,,,,132.00,Feet,North,ONE MILE PKWY,,,,0.00,N,Not at Intersection,N,Non-Junction,None,,,         ,Eric,Wegener,Clear,"Sideswipe, Opposite Direction",no,no,no,no,yes,False
102706194,METROPOLITAN NASHVILLE POLICE DEPT,20200347181,Davidson,Nashville,5/16/2020 8:15:00 PM,2,4,0,36.107180,-86.629800,NED SHELTON RD,,,,0.00,,,BELL RD,,,,0.00,Y,Four-Way,N,Intersection,None,,,         ,Steven,Powers,Clear,HeadOn,no,no,no,no,no,False
102706224,METROPOLITAN NASHVILLE POLICE DEPT,20200347001,Davidson,Nashville,5/16/2020 6:02:00 PM,2,0,0,36.192200,-86.619590,JUAREZ DR,,,,124.00,Feet,East,CORTEZ CT,,,,0.00,N,Not at Intersection, ,,None,,,         ,Terence,Mitchell,,,no,no,no,yes,no,False
102706239,METROPOLITAN NASHVILLE POLICE DEPT,20200347464,Davidson,Not in City Limit,5/16/2020 11:37:00 PM,1,0,0,36.274330,-86.777440,BRICK CHURCH PKE,,,,1123.00,Feet,South,VALLEY TRL,,,,0.00,N,Not at Intersection,N,Non-Junction,None,,,         ,Jonathon,Sheppard,Clear,Not Collision with Motor Vehicle in Transport,no,no,no,no,yes,False
102706240,METROPOLITAN NASHVILLE POLICE DEPT,20200347375,Davidson,Nashville,5/16/2020 10:30:00 PM,2,0,0,36.077010,-86.913350,HIGHWAY 70S,,,,365.00,Feet,West,FOREST PARK APT PVTDR,,,,0.00,N,Not at Intersection,N,Non-Junction,None,,,         ,David,Moser,Clear,HeadOn,no,no,no,no,yes,False
102706245,METROPOLITAN NASHVILLE POLICE DEPT,20200347240,Davidson,Nashville,5/16/2020 8:34:00 PM,2,0,0,36.171200,-86.808840,HEIMAN ST,,,,325.00,Feet,East,21ST AVN,,,,0.00,N,Not at Intersection,N,Non-Junction,None,,,         ,Alec,Pellissier,Clear,"Sideswipe, Opposite Direction",no,no,no,no,yes,False
102706253,METROPOLITAN NASHVILLE POLICE DEPT,20200347589,Davidson,Nashville,5/17/2020 12:25:00 AM,2,0,0,36.176530,-86.772310,I 24,,,,0.00,,,,,,,48.00,N,Not at Intersection,N,Non-Junction,None,,,         ,Richard,Luellen,Clear,"Sideswipe, Same Direction",no,no,no,no,yes,False
102706261,METROPOLITAN NASHVILLE POLICE DEPT,20200347481,Davidson,Nashville,5/16/2020 12:00:00 AM,2,3,0,36.049910,-86.663750,HICKORY HOLLOW PKWY,,,,813.00,Feet,North,CANE RIDGE RD,,,,0.00,N,Not at Intersection,N,Non-Junction,None,,,         ,Jeremy,Spears,Clear,Angle,no,no,no,no,no,False
102706265,METROPOLITAN NASHVILLE POLICE DEPT,20200347451,Davidson,Nashville,5/16/2020 11:29:00 PM,2,1,0,36.071400,-86.664300,UNA ANTIOCH PKE,,,,51.00,Feet,South,APOLLO DR,,,,0.00,N,Not at Intersection,N,Non-Junction,None,,,         ,Jose,Oliveros,Clear,Front to Rear,no,no,no,no,no,False
102706267,METROPOLITAN NASHVILLE POLICE DEPT,20200347643,Davidson,Nashville,5/17/2020 1:10:00 AM,1,0,0,36.137690,-86.890710,I 40,,,,0.00,,,,,,,201.80,N,Not at Intersection,N,Non-Junction,None,,,         ,Juan,Gonzalez,Clear,Not Collision with Motor Vehicle in Transport,no,no,no,no,no,False
102706279,METROPOLITAN NASHVILLE POLICE DEPT,20200347482,Davidson,Nashville,5/16/2020 11:20:00 PM,3,0,0,36.188300,-86.800260,ATHENS WAY,,,,276.00,Feet,North,DOMINICAN DR,,,,0.00,N,Not at Intersection,N,Non-Junction,None,,,         ,Eric,Schaefer,Clear,Angle,no,no,no,yes,no,False
102706290,METROPOLITAN NASHVILLE POLICE DEPT,20200347866,Davidson,Nashville,5/17/2020 3:39:00 AM,1,0,0,36.169190,-86.804130,17TH AVN,,,,243.00,Feet,North,MEHARRY BLVD,,,,0.00,N,Not at Intersection,N,Non-Junction,None,,,         ,Bobby,Samuels,Clear,Not Collision with Motor Vehicle in Transport,no,no,no,no,no,False
102706297,METROPOLITAN NASHVILLE POLICE DEPT,20200347853,Davidson,Nashville,5/17/2020 12:00:00 AM,1,1,0,36.231770,-86.827330,BRILEY PKWYW,,,,693.00,Feet,West,BRILEY PKWYE,,,,0.00,N,Not at Intersection,N,Non-Junction,None,,,         ,Jacob,Dick,Clear,Not Collision with Motor Vehicle in Transport,no,no,no,no,no,False
102706305,METROPOLITAN NASHVILLE POLICE DEPT,20200347863,Davidson,Nashville,5/17/2020 12:00:00 AM,1,0,0,36.231250,-86.771110,CREEKWOOD DR,,,,390.00,Feet,North,EWING DR,,,,0.00,N,Not at Intersection,N,Non-Junction,None,,,         ,Coleman,McKellar,Clear,Not Collision with Motor Vehicle in Transport,no,no,no,no,yes,False
102706307,METROPOLITAN NASHVILLE POLICE DEPT,20200347636,Davidson,Nashville,5/17/2020 1:06:00 AM,1,0,0,36.180940,-86.677920,LINCOYA CT,,,,0.00,,,MCGAVOCK PKE,,,,0.00,Y,T-Intersection,N,Intersection,None,,,         ,Jason,Kedzierski,Clear,Not Collision with Motor Vehicle in Transport,no,no,no,no,no,False
102706308,METROPOLITAN NASHVILLE POLICE DEPT,20200347552,Davidson,Nashville,5/17/2020 12:21:00 AM,2,0,0,36.071020,-86.729340,ADAMWOOD DR,,,,332.00,Feet,East,WHISPERING HILLS DR,,,,0.00,N,Not at Intersection,N,Non-Junction,None,,,         ,Angeline,Comilla,Clear,Not Collision with Motor Vehicle in Transport,no,no,no,no,no,False
102706309,METROPOLITAN NASHVILLE POLICE DEPT,20200347445,Davidson,Nashville,5/16/2020 11:20:00 PM,2,1,0,36.139350,-86.819100,ORLEANS DR,,,,0.00,Feet,,WEST END AV,,,,0.00,Y,Four-Way,N,Intersection-Related,None,,,         ,Landon,Bagwell,Cloudy,Front to Rear,no,no,no,no,no,False
102706335,METROPOLITAN NASHVILLE POLICE DEPT,20200347780,Davidson,Nashville,5/17/2020 12:00:00 AM,2,0,0,36.166260,-86.776530,GAY ST,,,,123.00,Feet,East,DOWNTOWN GRNWY,,,,0.00,N,Not at Intersection,N,Non-Junction,None,,,         ,Damon,Hutcheson,Cloudy,Unknown,no,no,no,no,yes,False
102706383,METROPOLITAN NASHVILLE POLICE DEPT,20200348105,Davidson,Nashville,5/17/2020 7:21:00 AM,1,0,0,36.201680,-86.777220,BRICK CHURCH PKE,,,,589.00,Feet,North,READ AV,,,,0.00,N,Not at Intersection,N,Non-Junction,None,,,         ,Jedidayah,Merriweather,Cloudy,Not Collision with Motor Vehicle in Transport,no,no,no,yes,no,False
102706403,METROPOLITAN NASHVILLE POLICE DEPT,20200348209,Davidson,Not in City Limit,5/17/2020 9:20:00 AM,2,1,0,36.268950,-86.710660,GALLATIN PKEN,,,,136.00,Feet,South,WILEY ST,,,,0.00,N,Not at Intersection,N,Non-Junction,None,,,         ,Michelle,Steidl,Cloudy,"Sideswipe, Same Direction",no,no,no,no,yes,False
102706410,METROPOLITAN NASHVILLE POLICE DEPT,20200348172,Davidson,Nashville,5/17/2020 12:00:00 AM,2,0,0,36.034780,-86.671510,HICKORY PARK DR,,,,390.00,Feet,North,SHIRE DR,,,,0.00,N,Not at Intersection,N,Non-Junction,None,,,         ,Lee,Davis,Unknown,Unknown,no,no,no,no,yes,False
102706418,METROPOLITAN NASHVILLE POLICE DEPT,20200348283,Davidson,Madison,5/17/2020 10:10:00 AM,2,0,0,36.296910,-86.699160,GALLATIN PKEN,,,,0.00,,,RIVERGATE PKWY,,,,0.00,Y,Four-Way, ,Intersection-Related,None,,,         ,Keenan,McCann,Cloudy,Front to Rear,no,no,no,no,no,False
102706429,METROPOLITAN NASHVILLE POLICE DEPT,20200348317,Davidson,Nashville,5/17/2020 10:57:00 AM,1,1,0,36.082610,-86.697800,I 24,,,,0.00,,,,,,,56.00,N,Not at Intersection,N,Non-Junction,None,,,         ,Nicholas,Carter,Cloudy,Not Collision with Motor Vehicle in Transport,no,no,no,no,no,False
102706439,METROPOLITAN NASHVILLE POLICE DEPT,20200348347,Davidson,Nashville,5/17/2020 11:10:00 AM,1,0,0,36.104120,-86.741740,NOLENSVILLE PKE,,,,0.00,Feet,West,MCIVER ST,,,,0.00,N,Not at Intersection,N,Non-Junction,None,,,         ,Gregory,Scott,Clear,Not Collision with Motor Vehicle in Transport,no,no,no,yes,no,False
102706450,METROPOLITAN NASHVILLE POLICE DEPT,20200348401,Davidson,Nashville,5/17/2020 11:51:00 AM,2,0,0,36.059490,-86.754610,OAKLEY DR,,,,0.00,,,STALLWORTH DR,,,,0.00,Y,Four-Way, ,,None,,,         ,Cynthia,Quirouette,,,no,no,no,no,no,False
102706462,METROPOLITAN NASHVILLE POLICE DEPT,20200348422,Davidson,Nashville,5/16/2020 10:30:00 PM,2,0,0,36.122830,-86.627940,HAMPTONS APT PVTDR,,,,234.00,Feet,East,WOODLAND POINTE DR,,,,0.00,N,Not at Intersection,N,Non-Junction,None,,,         ,MIchael,Mihajlov,Unknown,HeadOn,no,no,no,yes,yes,False
102706470,METROPOLITAN NASHVILLE POLICE DEPT,20200348432,Davidson,Nashville,5/17/2020 12:26:00 PM,3,1,0,36.075940,-86.702820,WILLARD DR,,,,153.00,Feet,South,WILLOW LN,,,,0.00,N,Not at Intersection,N,Non-Junction,None,,,         ,Stanley,Collins,,HeadOn,no,no,no,no,yes,False
102706489,METROPOLITAN NASHVILLE POLICE DEPT,20200348194,Davidson,Nashville,5/17/2020 9:00:00 AM,2,1,0,36.184450,-86.775130,I 24,,,,0.00,,,,,,,47.30,N,Not at Intersection,Y,Entrance/Exit Ramp Related,None,,,         ,Andrew,Ivey,Cloudy,"Sideswipe, Same Direction",no,no,no,no,no,False
102706490,METROPOLITAN NASHVILLE POLICE DEPT,20200348450,Davidson,Nashville,5/17/2020 12:40:00 PM,2,1,0,36.242090,-86.757050,DICKERSON PKE,,,,47.00,Feet,North,DICKERSON PKE ENT RAMP,,,,0.00,N,Not at Intersection,N,Non-Junction,None,,,         ,Keenan,McCann,Cloudy,Front to Rear,no,no,no,no,no,False