master_record_number,agency,agency_tracking_number,county,city,collision_date,vehicles_involved,number_injured,number_dead,latitude,longitude,roadway_name,roadway_suffix,roadway_number,roadway_local_id,distance_from_reference,miles-feet_indicator,direction_from_reference,intersection_road_name,intersection_road_name_suffix,intersection_road_number,intersection_local_id,mile_marker,intersection_indicator,intersect_type,interchange_related_indicator,relation_to_junction,work_zone_type,construction_maintenance_zone,construction_maintenance_zone_location,fatal_case_number,officer_first_name,officer_last_name,weather_condition(s),manner_of_crash,pedestrian,bicycle,scooter,parking,hitrun,mou
102709128,METROPOLITAN NASHVILLE POLICE DEPT,20200359415,Davidson,Nashville,5/21/2020 5:27:00 PM,2,0,0,36.152520,-86.765770,I40 E ENT RAMP,,,,0.00,Feet,East,I 40,,,,0.00,N,Not at Intersection, ,Non-Junction,None,,,         ,Jason,Milyaro Lucas,Rain,Front to Rear,no,no,no,no,no,False
102709138,METROPOLITAN NASHVILLE POLICE DEPT,20200359402,Davidson,Nashville,5/21/2020 5:23:00 PM,2,1,0,36.229380,-86.759280,BROADMOOR DR,,,,0.00,,,DICKERSON PKE,,,,0.00,Y,Four-Way,N,Intersection,None,,,         ,Marc,Kozen,Clear,Front to Rear,no,no,no,no,yes,False
102709140,METROPOLITAN NASHVILLE POLICE DEPT,20200359403,Davidson,Nashville,5/21/2020 5:22:00 PM,2,1,0,36.139820,-86.787590,HORTON AV,,,,0.00,,,12TH AVS,,,,0.00,Y,Four-Way, ,Intersection,None,,,         ,FELIKS,ABRAHAMYAN,Rain,Front to Rear,no,no,no,no,no,False
102709145,METROPOLITAN NASHVILLE POLICE DEPT,20200359335,Davidson,Nashville,5/21/2020 4:43:00 PM,2,0,0,36.235920,-86.705510,BRILEY PKWYW,,,,400.00,Feet,South,BRILEY PKWYE,,,,0.00,N,Not at Intersection, ,,None,,,         ,Douglas,Mann,,,no,no,no,no,no,False
102709146,METROPOLITAN NASHVILLE POLICE DEPT,20200359492,Davidson,Nashville,5/21/2020 12:00:00 AM,1,0,0,36.175030,-86.690830,BRILEY PKWYN,,,,426.00,Feet,North,BRILEY PKWYS,,,,0.00,N,Not at Intersection,N,Non-Junction,None,,,         ,Douglas,Mann,Cloudy,Not Collision with Motor Vehicle in Transport,no,no,no,no,no,False
102709152,GOODLETTSVILLE POLICE DEPT,20-16161,Davidson,Goodlettsville,5/21/2020 5:12:00 PM,2,0,0,36.317300,-86.713210,S MAIN ST,,,,0.00,,,ROSCOE ST,,,,0.00,Y,T-Intersection, ,Non-Junction,None,,,         ,Nicholas,Given,Rain,Angle,no,no,no,no,no,False
102709160,METROPOLITAN NASHVILLE POLICE DEPT,20200359602,Davidson,Nashville,5/21/2020 6:57:00 PM,2,0,0,36.101140,-86.712340,I 24,,,,0.00,,,,,,,54.50,N,Not at Intersection,N,Non-Junction,None,,,         ,Edward,Starke,Clear,Front to Rear,no,no,no,no,yes,False
102709179,METROPOLITAN NASHVILLE POLICE DEPT,20200359575,Davidson,Nashville,5/21/2020 6:41:00 PM,2,0,0,36.162220,-86.775390,2ND AVN,,,,136.00,Feet,North,BROADWAY,,,,0.00,N,Not at Intersection, ,Non-Junction,None,,,         ,Cory,West,Cloudy,"Sideswipe, Same Direction",no,no,no,no,no,False
102709192,METROPOLITAN NASHVILLE POLICE DEPT,20200359515,Davidson,Nashville,5/21/2020 6:15:00 PM,1,1,0,36.171260,-86.746010,ALLEY BETWEEN SHELBY AND BOSCO,,,,50.00,Feet,East,S 14TH ST,ST,,,0.00,N,Not at Intersection,N,Non-Junction,None,,,         ,Christopher,Beery,Clear,Not Collision with Motor Vehicle in Transport,no,no,no,no,no,False
102709198,METROPOLITAN NASHVILLE POLICE DEPT,20200359636,Davidson,Nashville,5/21/2020 7:10:00 PM,2,0,0,36.167100,-86.812420,24TH AVN,,,,151.00,Feet,South,MEHARRY BLVD,,,,0.00,N,Not at Intersection,N,Non-Junction,None,,,         ,Jerre,Fly,Clear,Angle,no,no,no,no,yes,False
102709201,METROPOLITAN NASHVILLE POLICE DEPT,20200359465,Davidson,Nashville,5/21/2020 5:50:00 PM,1,1,0,36.167280,-86.781260,4TH AVN,,,,56.00,Feet,West,JAMES ROBERTSON PKWY,,,,0.00,N,Not at Intersection,N,Non-Junction,None,,,         ,Alexander,Hartle,Clear,Not Collision with Motor Vehicle in Transport,yes,no,no,no,no,False
102709204,BERRY HILL POLICE DEPT,20-1874,Davidson,Berry Hill,5/21/2020 6:33:00 PM,2,0,0,36.125080,-86.765880,BRANSFORD AV,,,,0.00,,,ROSEDALE AV,,,,0.00,Y,T-Intersection, ,Rail Grade Crossing,None,,,         ,Roy,Morris,Cloudy,"Sideswipe, Opposite Direction",no,no,no,no,no,False
102709216,METROPOLITAN NASHVILLE POLICE DEPT,20200359423,Davidson,Nashville,5/21/2020 5:17:00 PM,2,0,0,36.090570,-86.649820,BOROWOOD DR,,,,240.00,Feet,West,WILDFLOWER LN,,,,0.00,N,Not at Intersection,N,Non-Junction,None,,,         ,Mary,Robinson,Clear,Other,no,no,no,yes,yes,False
102709217,METROPOLITAN NASHVILLE POLICE DEPT,20200359595,Davidson,Nashville,5/21/2020 6:54:00 PM,1,1,0,36.174930,-86.793770,MONROE ST,,,,0.00,,,9TH AVE N,,,,0.00,Y,OTHER,N,Non-Junction,None,,,         ,Paxton,Montgomery,Clear,Not Collision with Motor Vehicle in Transport,yes,no,no,yes,no,False
102709223,METROPOLITAN NASHVILLE POLICE DEPT,20200359736,Davidson,Nashville,5/21/2020 8:08:00 PM,1,0,0,36.148630,-86.778830,I40 W ENT RAMP,,,,0.00,,,I 40,,,,0.00,Y,Y-Intersection,N,Non-Junction,None,,,         ,FELIKS,ABRAHAMYAN,Rain,Not Collision with Motor Vehicle in Transport,no,no,no,no,no,False
102709231,METROPOLITAN NASHVILLE POLICE DEPT,20200359649,Davidson,Nashville,5/21/2020 7:22:00 PM,2,1,0,36.044960,-86.666430,STATE HWY 254,,,,212.00,Feet,East,CEDAR POINTE PKWY,,,,0.00,N,Not at Intersection,N,Non-Junction,None,,,         ,Edward,Starke,Clear,Angle,no,no,no,no,yes,False
102709281,METROPOLITAN NASHVILLE POLICE DEPT,20200359857,Davidson,Nashville,5/21/2020 9:12:00 PM,2,1,0,36.081000,-86.756310,HARDING PL,,,,605.00,Feet,East,TROUSDALE DR,,,,0.00,N,Not at Intersection,N,Non-Junction,None,,,         ,FELIKS,ABRAHAMYAN,Clear,Front to Rear,no,no,no,no,yes,False
102709294,METROPOLITAN NASHVILLE POLICE DEPT,20200359881,Davidson,Nashville,5/21/2020 9:47:00 PM,3,0,0,36.059380,-86.716390,US HWY 31 ALT,,,,53.00,Feet,West,TUSCULUM RD,,,,0.00,N,Not at Intersection,N,Non-Junction,None,,,         ,Edward,Starke,Clear,Front to Rear,no,no,no,no,yes,False
102709295,METROPOLITAN NASHVILLE POLICE DEPT,20200359511,Davidson,Nashville,5/21/2020 6:15:00 PM,2,5,0,36.144380,-86.696710,I 40,,,,0.00,,,,,,,214.90,N,Not at Intersection,N,Non-Junction,None,,,         ,Mary,Robinson,Rain,HeadOn,no,no,no,no,no,False
102709304,METROPOLITAN NASHVILLE POLICE DEPT,20200359817,Davidson,Nashville,5/21/2020 12:00:00 AM,2,0,0,36.122680,-86.751540,I 440,,,,0.00,,,,,,,6.25,N,Not at Intersection,N,Non-Junction,None,,,         ,Sekou,Samassi,Clear,Front to Rear,no,no,no,no,no,False
102709312,METROPOLITAN NASHVILLE POLICE DEPT,20200359461,Davidson,Nashville,5/21/2020 5:19:00 PM,2,0,0,36.213770,-86.736190,HART LN,,,,82.00,Feet,North,HILLTOP LN,,,,0.00,N,Not at Intersection,N,Non-Junction,None,,,         ,Ty,Cummings,Clear,Angle,no,no,no,no,no,False
102709327,METROPOLITAN NASHVILLE POLICE DEPT,20200359937,Davidson,Nashville,5/21/2020 10:49:00 PM,1,0,0,36.160280,-86.857520,MORROW RD,,,,167.00,Feet,West,57TH AVN,,,,0.00,N,Not at Intersection,N,Non-Junction,None,,,         ,Gary,Anderson,Clear,Not Collision with Motor Vehicle in Transport,no,no,no,no,no,False
102709328,METROPOLITAN NASHVILLE POLICE DEPT,20200359899,Davidson,Nashville,5/21/2020 12:00:00 AM,2,0,0,36.113080,-86.726290,ENNIS RD,,,,0.00,,,,,,,0.00,,,N,Non-Junction,None,,,         ,John,Braun,Clear,Not Collision with Motor Vehicle in Transport,no,no,no,no,no,False
102709331,METROPOLITAN NASHVILLE POLICE DEPT,20200360043,Davidson,Nashville,5/21/2020 11:00:00 PM,2,0,0,36.074230,-86.619051,MOSSDALE,DR,,,0.00,,,BRANTLEY,DR,,,0.00,Y,Four-Way, ,,None,,,         ,Samuel,Fredericks,,,no,no,no,no,no,False
102709345,METROPOLITAN NASHVILLE POLICE DEPT,20200360033,Davidson,Nashville,5/21/2020 11:03:00 PM,3,2,0,36.054340,-86.618790,MURFREESBORO,PIKE,,,0.00,,,MT VIEW,RD,,,0.00,Y,Four-Way,Y,Intersection,None,,,         ,McKenzie,Harper,Clear,Front to Rear,no,no,no,no,yes,False
102709350,METROPOLITAN NASHVILLE POLICE DEPT,20200359931,Davidson,Nashville,5/21/2020 10:46:00 PM,2,1,0,36.059900,-86.640780,BELL RD,,,,142.00,Feet,North,CAMBRIDGE APTS PVTDR,,,,0.00,N,Not at Intersection,N,Non-Junction,None,,,         ,William,Boler,Clear,Angle,no,no,no,no,no,False
102709352,METROPOLITAN NASHVILLE POLICE DEPT,20200360067,Davidson,Nashville,5/21/2020 12:00:00 AM,1,0,0,36.181150,-86.774500,I 24,,,,0.00,,,,,,,47.60,N,Not at Intersection,N,Non-Junction,None,,,         ,Edward,Holden,Clear,Not Collision with Motor Vehicle in Transport,no,no,no,no,yes,False
102709356,METROPOLITAN NASHVILLE POLICE DEPT,20200360165,Davidson,Nashville,5/22/2020 12:24:00 AM,2,1,0,36.087430,-86.701210,I 24,,,,0.00,,,,,,,55.60,N,Not at Intersection,N,Non-Junction,None,,,         ,Blake,Whitaker,Clear,Not Collision with Motor Vehicle in Transport,no,no,no,no,no,False
102709363,METROPOLITAN NASHVILLE POLICE DEPT,20200360156,Davidson,Nashville,5/22/2020 12:40:00 AM,2,0,0,36.110940,-86.745220,NOLENSVILLE PKE,,,,0.00,,,THOMPSON LN,,,,0.00,Y,Four-Way,Y,Intersection,None,,,         ,Melvin,Brown III,Clear,Angle,no,no,no,no,no,False
102709364,METROPOLITAN NASHVILLE POLICE DEPT,20200360394,Davidson,Nashville,5/22/2020 3:25:00 AM,2,0,0,36.238130,-86.782940,BRILEY PKWYE,,,,25.00,Feet,East,I24 W EXT RAMP,,,,0.00,N,Not at Intersection,Y,Entrance/Exit Ramp Related,None,,,         ,Coleman,McKellar,Clear,"Sideswipe, Same Direction",no,no,no,no,yes,False
102709366,METROPOLITAN NASHVILLE POLICE DEPT,20200360313,Davidson,Nashville,5/21/2020 11:11:00 PM,2,0,0,36.033610,-86.666700,SHIRE DR,,,,420.00,Feet,East,WEATHERTOP RD,,,,0.00,N,Not at Intersection,N,Non-Junction,None,,,         ,Robert,Leverick,Clear,"Sideswipe, Same Direction",no,no,no,no,no,False
102709369,METROPOLITAN NASHVILLE POLICE DEPT,20200360437,Davidson,Nashville,5/22/2020 12:00:00 AM,1,1,0,36.172590,-86.821820,ED TEMPLE BLVD,,,,488.00,Feet,South,SCHRADER ACRES DR,,,,0.00,N,Not at Intersection,N,Non-Junction,None,,,         ,Ian,Ward,Clear,Not Collision with Motor Vehicle in Transport,no,no,no,no,no,False
102709381,METROPOLITAN NASHVILLE POLICE DEPT,20200360117,Davidson,Nashville,5/22/2020 12:23:00 AM,2,2,0,36.087270,-86.701090,I 24,,,,0.00,,,,,,,55.60,N,Not at Intersection,Y,Entrance/Exit Ramp Related,None,,,         ,McKenzie,Harper,Clear,Front to Rear,no,no,no,no,no,False
102709393,METROPOLITAN NASHVILLE POLICE DEPT,20200360305,Davidson,Nashville,5/22/2020 2:20:00 AM,2,0,0,36.154420,-86.792530,BROADWAY,,,,120.00,Feet,East,16TH AVS,,,,0.00,N,Not at Intersection,N,Non-Junction,None,,,         ,Ricardo,Cruz,Clear,Not Collision with Motor Vehicle in Transport,no,no,no,no,no,False
102709434,METROPOLITAN NASHVILLE POLICE DEPT,20200360632,Davidson,Hermitage,5/22/2020 6:48:00 AM,2,0,0,36.169000,-86.574390,I 40,,,,0.00,,,,,,,222.30,N,Not at Intersection,N,Non-Junction,None,,,         ,Michael,Dance,Clear,Angle,no,no,no,no,yes,False
102709437,METROPOLITAN NASHVILLE POLICE DEPT,20200360598,Davidson,Nashville,5/22/2020 6:04:00 AM,4,0,0,36.045640,-86.653830,HICKORY HOLLOW PKWY,,,,386.00,Feet,South,HICKORY HOLLOW LN,,,,0.00,N,Not at Intersection,N,Non-Junction,None,,,         ,Blake,Whitaker,Clear,"Sideswipe, Same Direction",no,no,no,yes,no,False
102709438,METROPOLITAN NASHVILLE POLICE DEPT,20200360563,Davidson,Nashville,5/22/2020 5:36:00 AM,3,2,0,36.119080,-86.726280,I 24,,,,0.00,,,,,,,53.00,N,Not at Intersection,N,Non-Junction,None,,,         ,Robert,Leverick,Clear,Front to Rear,no,no,no,no,no,False
102709445,METROPOLITAN NASHVILLE POLICE DEPT,20200358950,Davidson,Antioch,5/21/2020 1:57:00 PM,2,3,0,36.063350,-86.611850,MT VIEW RD,,,,0.72,Miles,West,TRU LONG DR,,,,0.00,N,Not at Intersection,N,Non-Junction,None,,,         ,Patrick,Martin,Cloudy,HeadOn,no,no,no,no,no,False
102709464,METROPOLITAN NASHVILLE POLICE DEPT,20200360793,Davidson,Nashville,5/22/2020 8:10:00 AM,1,0,0,36.115600,-86.916870,I 40,,,,0.00,,,,,,,199.65,N,Not at Intersection,N,Non-Junction,None,,,         ,Curtis,Rich,Rain,Not Collision with Motor Vehicle in Transport,no,no,no,no,no,False
102709481,METROPOLITAN NASHVILLE POLICE DEPT,20200360813,Davidson,Nashville,5/22/2020 8:42:00 AM,2,0,0,36.044950,-86.659750,I24 E ENT RAMP,,,,0.00,Feet,,I 24,,,,0.00,Y,Four-Way,N,Intersection-Related,None,,,         ,Michael,Moss,Rain,Angle,no,no,no,no,yes,False
102709506,METROPOLITAN NASHVILLE POLICE DEPT,20200360844,Davidson,Nashville,5/22/2020 8:59:00 AM,1,1,0,36.158890,-86.821950,I 40,,,,0.00,,,,,,,206.00,N,Not at Intersection,Y,Entrance/Exit Ramp Related,None,,,         ,Wesley,Young,Rain,Not Collision with Motor Vehicle in Transport,no,no,no,no,no,False
102709511,METROPOLITAN NASHVILLE POLICE DEPT,20200360766,Davidson,Nashville,5/22/2020 8:15:00 AM,3,0,0,36.080430,-86.717750,HARDING PL,,,,54.00,Feet,East,JONQUIL DR,,,,0.00,N,Not at Intersection,N,Non-Junction,None,,,         ,Patrick,Martin,Rain,"Sideswipe, Same Direction",no,no,no,no,no,False
102709534,THP District 3 - Nashville,320032810,Davidson,Nashville,5/18/2020 11:00:00 PM,1,0,0,36.032480,-86.783350,I 65,,,,0.00,,,,,,,74.10,N,Not at Intersection,N,Non-Junction,None,,,         ,Bryan,Hawkins,Clear,Not Collision with Motor Vehicle in Transport,no,no,no,no,yes,False
102709566,METROPOLITAN NASHVILLE POLICE DEPT,20200360937,Davidson,Nashville,5/22/2020 10:02:00 AM,1,0,0,36.108320,-86.720250,I24 W EXT RAMP,,,,0.00,Feet,East,I 24,,,,0.00,N,Not at Intersection,Y,Entrance/Exit Ramp Related,None,,,         ,Patrick,Martin,Rain,Not Collision with Motor Vehicle in Transport,no,no,no,no,no,False
102709571,METROPOLITAN NASHVILLE POLICE DEPT,20200361083,Davidson,Nashville,5/22/2020 11:34:00 AM,2,0,0,36.091240,-86.629710,SMITH SPRINGS RD,,,,408.00,Feet,East,OLD SMITH SPRINGS RD,,,,0.00,N,Not at Intersection, ,Non-Junction,None,,,         ,Michael,Dance,Clear,"Sideswipe, Same Direction",no,no,no,no,no,False
102709601,METROPOLITAN NASHVILLE POLICE DEPT,20200361158,Davidson,Madison,5/22/2020 12:15:00 PM,2,1,0,36.279630,-86.708710,GALLATIN PKEN,,,,107.00,Feet,North,ONE MILE PKWY,,,,0.00,N,Not at Intersection, ,Non-Junction,None,,,         ,Brian,Otto,Cloudy,Front to Rear,no,no,no,no,no,False
102709617,METROPOLITAN NASHVILLE POLICE DEPT,20200360742,Davidson,Nashville,5/22/2020 8:00:00 AM,3,2,0,36.259000,-86.738280,I 65,,,,0.00,,,,,,,91.90,N,Not at Intersection,N,Non-Junction,None,,,         ,Ricki,Armstrong,Clear,"Sideswipe, Same Direction",no,no,no,no,no,False
102709633,METROPOLITAN NASHVILLE POLICE DEPT,20200361139,Davidson,Nashville,5/22/2020 12:10:00 PM,2,0,0,36.208920,-86.734540,GALLATIN PKE,,,,15.00,Feet,North,KIRKLAND AV,,,,0.00,N,Not at Intersection,N,Non-Junction,None,,,         ,Megan,Lamon,Clear,Angle,no,no,no,no,yes,False
102709657,METROPOLITAN NASHVILLE POLICE DEPT,20200361104,Davidson,Nashville,5/22/2020 11:40:00 AM,2,0,0,36.074210,-86.627400,ANDERSON RD,,,,350.00,Feet,North,FOREST TRACE DR,,,,0.00,N,Not at Intersection,N,Non-Junction,None,,,         ,Patrick,Lancaster,Cloudy,"Sideswipe, Same Direction",no,no,no,no,yes,False
102709668,METROPOLITAN NASHVILLE POLICE DEPT,20200361099,Davidson,Nashville,5/22/2020 11:00:00 AM,2,0,0,36.107170,-86.813060,HILLSBORO PKE,,,,258.00,Feet,South,GREEN HILLS VILLAGE DR,,,,0.00,N,Not at Intersection, ,Non-Junction,None,,,         ,Justin,Pinkelton,Cloudy,"Sideswipe, Same Direction",no,no,no,no,no,False
102709678,METROPOLITAN NASHVILLE POLICE DEPT,20200360942,Davidson,Nashville,5/22/2020 10:05:00 AM,2,1,0,36.116840,-86.787000,LEALAND LN,,,,5.00,Feet,West,GALE LN,,,,0.00,N,Not at Intersection, ,Non-Junction,None,,,         ,Joel,Cottrill,Cloudy,Front to Rear,no,no,no,no,no,False
102709680,METROPOLITAN NASHVILLE POLICE DEPT,20200360931,Davidson,Not in City Limit,5/22/2020 9:52:00 AM,3,1,0,36.309680,-86.825770,I 24,,,,0.00,,,,,,,37.75,N,Not at Intersection,N,Non-Junction,None,,,         ,Jedidayah,Merriweather,Cloudy,Front to Rear,no,no,no,no,no,False
102709681,METROPOLITAN NASHVILLE POLICE DEPT,20200361121,Davidson,Nashville,5/22/2020 11:56:00 AM,2,0,0,36.216420,-86.775250,I 65,,,,0.00,,,,,,,88.00,N,Not at Intersection, ,Non-Junction,None,,,         ,Jedidayah,Merriweather,Cloudy,Angle,no,no,no,no,no,False
102709694,METROPOLITAN NASHVILLE POLICE DEPT,20200360943,Davidson,Nashville,5/22/2020 10:01:00 AM,1,0,0,36.169810,-86.606480,I40 E EXT RAMP,,,,0.00,,,I 40,,,,0.00,Y,OTHER,N,Entrance/Exit Ramp Related,None,,,         ,Michael,Brooks,Rain,Not Collision with Motor Vehicle in Transport,no,no,no,no,no,False
102709697,METROPOLITAN NASHVILLE POLICE DEPT,20200361186,Davidson,Nashville,5/22/2020 12:30:00 PM,2,0,0,36.125860,-86.752590,NOLENSVILLE PKE,,,,0.00,,,GLENROSE AV,,,,0.00,Y,T-Intersection,N,Intersection,None,,,         ,Todd,Watson,Cloudy,Front to Rear,no,no,no,no,no,False
102709718,METROPOLITAN NASHVILLE POLICE DEPT,20200361230,Davidson,Nashville,5/22/2020 1:05:00 PM,2,0,0,36.164240,-86.793320,JO JOHNSTON AV,,,,0.00,,,GEORGE L DAVIS BLVD,,,,0.00,Y,T-Intersection,N,Intersection,None,,,         ,Charles,Coe,Cloudy,Angle,no,no,no,no,no,False
102709719,METROPOLITAN NASHVILLE POLICE DEPT,20200360854,Davidson,Nashville,5/22/2020 9:08:00 AM,2,1,0,36.226310,-86.603190,SAUNDERSVILLE RD,,,,0.00,,,SHUTE LN,,,,0.00,Y,T-Intersection,N,Intersection,None,,,         ,Michael,Brooks,Rain,Front to Rear,no,no,no,no,no,False
102709720,METROPOLITAN NASHVILLE POLICE DEPT,20200361207,Davidson,Nashville,5/22/2020 12:40:00 PM,2,0,0,36.069870,-86.696870,HAYWOOD LN,,,,296.00,Feet,West,KEELEY DR,,,,0.00,N,Not at Intersection, ,Non-Junction,None,,,         ,Theodore,Flick,Cloudy,Front to Rear,no,no,no,no,no,False
102709721,METROPOLITAN NASHVILLE POLICE DEPT,20200361152,Davidson,Nashville,5/22/2020 12:13:00 PM,2,1,0,36.207530,-86.725900,KIRKLAND AV,,,,758.00,Feet,West,RIVERSIDE DR,,,,0.00,N,Not at Intersection,N,Non-Junction,None,,,         ,Torrance,Bennett,Cloudy,HeadOn,no,no,no,no,yes,False
102709744,METROPOLITAN NASHVILLE POLICE DEPT,20200361193,Davidson,Nashville,5/22/2020 12:37:00 PM,2,0,0,36.184080,-86.775100,I 24,,,,0.00,,,,,,,47.30,N,Not at Intersection, ,,None,,,         ,Russell,Freeman,,,no,no,no,no,no,False
102709746,METROPOLITAN NASHVILLE POLICE DEPT,20200360892,Davidson,Nashville,5/22/2020 9:30:00 AM,2,0,0,36.237980,-86.724090,GALLATIN PKES,,,,34.00,Feet,North,GALLATIN PKE SB EXT RAMP,,,,0.00,N,Not at Intersection, ,Entrance/Exit Ramp Related,None,,,         ,Keenan,McCann,Rain,"Sideswipe, Same Direction",no,no,no,no,no,False
102709752,METROPOLITAN NASHVILLE POLICE DEPT,20200361215,Davidson,Nashville,5/22/2020 12:37:00 PM,2,0,0,36.116680,-86.747690,JOYNER AV,,,,126.00,Feet,East,NOLENSVILLE PKE,,,,0.00,N,Not at Intersection,N,Non-Junction,None,,,         ,Patrick,Martin,Cloudy,Rear to Rear,no,no,no,yes,yes,False
102709754,METROPOLITAN NASHVILLE POLICE DEPT,20200361171,Davidson,Not in City Limit,5/21/2020 8:00:00 AM,2,0,0,36.021270,-86.648960,OHARA DR,,,,0.00,,,ANNALEE DR,,,,0.00,Y,OTHER,N,Non-Junction,None,,,         ,Alex,Moore,Clear,Angle,no,no,no,no,no,False
102709755,METROPOLITAN NASHVILLE POLICE DEPT,20200361281,Davidson,Nashville,5/22/2020 1:26:00 PM,3,4,0,36.099090,-86.660140,MURFREESBORO PKE,,,,285.00,Feet,West,HARDING PL,,,,0.00,N,Not at Intersection,N,Non-Junction,None,,,         ,Michael,Moss,Clear,Front to Rear,no,no,no,no,no,False
102709759,METROPOLITAN NASHVILLE POLICE DEPT,20200361232,Davidson,Nashville,5/22/2020 1:00:00 PM,2,0,0,36.111040,-86.754080,THOMPSON LN,,,,123.00,Feet,East,EUGENIA AV,,,,0.00,N,Not at Intersection,N,Non-Junction,None,,,         ,Brian,Murphy,Cloudy,Angle,no,no,no,no,no,False
102709762,METROPOLITAN NASHVILLE POLICE DEPT,20200361134,Davidson,Goodlettsville,5/22/2020 12:08:00 PM,2,2,0,36.297640,-86.713950,I 65,,,,0.00,,,,,,,94.95,N,Not at Intersection,N,Non-Junction,None,,,         ,Frederick,Nelson,Clear,"Sideswipe, Same Direction",no,no,no,no,no,False
102709782,METROPOLITAN NASHVILLE POLICE DEPT,20200361240,Davidson,Nashville,5/22/2020 12:51:00 PM,2,0,0,36.065260,-86.628970,MURFREESBORO PKE,,,,223.00,Feet,North,HAMILTON CHURCH RD,,,,0.00,N,Not at Intersection,N,Non-Junction,None,,,         ,Patrick,Martin,Clear,Front to Rear,no,no,no,no,no,False
102709788,METROPOLITAN NASHVILLE POLICE DEPT,20200361263,Davidson,Nashville,5/22/2020 1:20:00 PM,3,1,0,36.168750,-86.759220,SHELBY AV,,,,111.00,Feet,East,S 6TH ST,,,,0.00,N,Not at Intersection,N,Non-Junction,None,,,         ,Russell,Freeman,Cloudy,Angle,no,no,no,no,no,False
102709856,METROPOLITAN NASHVILLE POLICE DEPT,20200361465,Davidson,Nashville,5/22/2020 2:09:00 PM,2,0,0,36.151750,-86.798550,WEST END AV,,,,269.00,Feet,East,20TH AVN,,,,0.00,N,Not at Intersection,N,Non-Junction,None,,,         ,FELIKS,ABRAHAMYAN,Clear,"Sideswipe, Same Direction",no,no,no,no,yes,False
102709921,METROPOLITAN NASHVILLE POLICE DEPT,20200361410,Davidson,Antioch,5/22/2020 1:30:00 PM,2,0,0,36.026600,-86.588150,HICKORY WOODS DR,,,,86.00,Feet,North,MURFREESBORO PKE,,,,0.00,N,Not at Intersection, ,Non-Junction,None,,,         ,Matthew,Swindell,Clear,Front to Rear,no,no,no,no,no,False
102709944,METROPOLITAN NASHVILLE POLICE DEPT,20200361501,Davidson,Nashville,5/22/2020 3:00:00 PM,1,0,0,36.185870,-86.772240,JOSEPH AV,,,,530.00,Feet,South,CLEVELAND ST,,,,0.00,N,Not at Intersection,N,"Driveway, Alley Access, etc",None,,,         ,Ty,Cummings,Clear,Not Collision with Motor Vehicle in Transport,no,no,no,no,yes,False
102709945,METROPOLITAN NASHVILLE POLICE DEPT,20200361381,Davidson,Nashville,5/22/2020 2:20:00 PM,2,0,0,36.040840,-86.773470,OLD HICKORY BLVD,,,,0.00,,,HEALTH PARK DR,,,,0.00,Y,Four-Way, ,,None,,,         ,Darci,Stechman,,,no,no,no,no,no,False
102709948,METROPOLITAN NASHVILLE POLICE DEPT,20200361551,Davidson,Nashville,5/22/2020 3:49:00 PM,2,1,0,36.126650,-86.711150,US HWY 41,,,,0.00,,,THOMPSON LN,,,,0.00,Y,Four-Way,N,Intersection,None,,,         ,Thomas,Parsons,Clear,Angle,no,no,no,no,no,False
102709966,METROPOLITAN NASHVILLE POLICE DEPT,20200361594,Davidson,Nashville,5/22/2020 4:07:00 PM,2,0,0,36.112620,-86.811080,HILLSBORO PKE,,,,489.00,Feet,South,WOODMONT BLVD,,,,0.00,N,Not at Intersection, ,,None,,,         ,Devonte,Coleman,,,no,no,no,no,no,False
102709989,METROPOLITAN NASHVILLE POLICE DEPT,20200361445,Davidson,Nashville,5/22/2020 3:03:00 PM,2,0,0,36.206610,-86.777900,US HWY 431,,,,0.00,,,BRICK CHURCH PIKE,,,,0.00,Y,Four-Way, ,Intersection,None,,,         ,Gabriel,Centeno,Clear,HeadOn,no,no,no,no,yes,False
102709999,METROPOLITAN NASHVILLE POLICE DEPT,20200361478,Davidson,Nashville,5/22/2020 3:19:00 PM,2,0,0,36.058420,-86.670160,HICKORY HOLLOW PKWY,,,,160.00,Feet,South,MOUNT VIEW RD,,,,0.00,N,Not at Intersection,N,Non-Junction,None,,,         ,Edward,Starke,Clear,Front to Rear,no,no,no,no,no,False
102710000,GOODLETTSVILLE POLICE DEPT,20-16285,Davidson,Goodlettsville,5/22/2020 4:38:00 PM,3,0,0,36.307150,-86.694540,CONFERENCE DR,,,,91.00,Feet,South,VIETNAM VETERANS BLVDN,,,,0.00,N,Not at Intersection,N,Non-Junction,None,,,         ,Thomas,Eisenbraun,Clear,Front to Rear,no,no,no,no,yes,False
102710008,METROPOLITAN NASHVILLE POLICE DEPT,20200361698,Davidson,Nashville,5/22/2020 4:56:00 PM,2,0,0,36.111700,-86.773000,FRANKLIN PKE NB ENT RAMP,,,,0.00,Feet,East,I 65,,,,0.00,N,Not at Intersection, ,Non-Junction,None,,,         ,Ryan,Sherry,Clear,Angle,no,no,no,no,no,False
102710009,METROPOLITAN NASHVILLE POLICE DEPT,20200361746,Davidson,Not in City Limit,5/22/2020 5:06:00 PM,2,0,0,36.012380,-86.703610,NOLENSVILLE PKE,,,,0.00,,,HOLT RD,,,,0.00,Y,T-Intersection,N,Intersection-Related,None,,,         ,FELIKS,ABRAHAMYAN,Clear,Front to Rear,no,no,no,no,yes,False