master_record_number,agency,agency_tracking_number,county,city,collision_date,vehicles_involved,number_injured,number_dead,latitude,longitude,roadway_name,roadway_suffix,roadway_number,roadway_local_id,distance_from_reference,miles-feet_indicator,direction_from_reference,intersection_road_name,intersection_road_name_suffix,intersection_road_number,intersection_local_id,mile_marker,intersection_indicator,intersect_type,interchange_related_indicator,relation_to_junction,work_zone_type,construction_maintenance_zone,construction_maintenance_zone_location,fatal_case_number,officer_first_name,officer_last_name,weather_condition(s),manner_of_crash,pedestrian,bicycle,scooter,parking,hitrun,mou
102710012,METROPOLITAN NASHVILLE POLICE DEPT,20200361639,Davidson,Nashville,5/22/2020 4:07:00 PM,2,0,0,36.107610,-86.741080,TIMMONS ST,,,,0.00,,,SIMMONS AVE,,,,0.00,Y,Four-Way, ,Intersection-Related,None,,,         ,Edward,Starke,Clear,Angle,no,no,no,no,no,False
102710053,METROPOLITAN NASHVILLE POLICE DEPT,20200361716,Davidson,Nashville,5/22/2020 12:00:00 AM,2,0,0,36.030410,-86.584070,FIRELIGHT TRL,,,,168.00,Feet,North,FIRELIGHT CT,,,,0.00,N,Not at Intersection,N,Non-Junction,None,,,         ,Luis,Pena,Unknown,"Sideswipe, Same Direction",no,no,no,no,yes,False
102710055,METROPOLITAN NASHVILLE POLICE DEPT,20200361494,Davidson,Nashville,5/22/2020 1:48:00 PM,3,1,0,36.239250,-86.768530,VAILVIEW DR,,,,82.00,Feet,North,SPEARS RD,,,,0.00,N,Not at Intersection,N,Non-Junction,None,,,         ,Bradley,Fort,Clear,Not Collision with Motor Vehicle in Transport,no,no,no,no,no,False
102710059,METROPOLITAN NASHVILLE POLICE DEPT,20200361766,Davidson,Nashville,5/22/2020 4:50:00 PM,2,0,0,36.216470,-86.599430,LEBANON PKE,,,,0.00,,,,,,,0.00,,Not at Intersection,N,Non-Junction,None,,,         ,Jeffrey,Mullins,Clear,Angle,no,no,no,yes,yes,False
102710062,METROPOLITAN NASHVILLE POLICE DEPT,20200361626,Davidson,Nashville,5/22/2020 4:28:00 PM,2,0,0,36.070960,-86.635170,MURFREESBORO PKE,,,,446.00,Feet,South,BELL RD,,,,0.00,N,Not at Intersection,N,Non-Junction,None,,,         ,Matthew,Swindell,Clear,Angle,no,no,no,no,no,False
102710077,METROPOLITAN NASHVILLE POLICE DEPT,20200361801,Davidson,Not in City Limit,5/22/2020 5:44:00 PM,2,1,0,36.266000,-86.741390,OLD HICKORY BLVDW,,,,0.00,,,PORT DR,,,,0.00,Y,T-Intersection,N,Intersection,None,,,         ,Arthur,Hipp,Clear,Not Collision with Motor Vehicle in Transport,no,no,no,no,yes,False
102710101,METROPOLITAN NASHVILLE POLICE DEPT,20200361930,Davidson,Antioch,5/22/2020 6:37:00 PM,2,0,0,36.012870,-86.620840,I24 E EXT RAMP,,,,0.00,,,I 24,,,,0.00,Y,Y-Intersection, ,Entrance/Exit Ramp Related,None,,,         ,Cooper,HIll,Clear,Front to Rear,no,no,no,no,no,False
102710102,METROPOLITAN NASHVILLE POLICE DEPT,20200361937,Davidson,Nashville,5/22/2020 6:45:00 PM,1,1,0,36.149300,-86.767010,US HWY 31 ALT,,,,110.00,Feet,North,CRENSHAW ST,,,,0.00,N,Not at Intersection,N,Non-Junction,None,,,         ,Austin,Binner,Cloudy,Not Collision with Motor Vehicle in Transport,no,no,no,no,no,False
102710111,METROPOLITAN NASHVILLE POLICE DEPT,20200361571,Davidson,Nashville,5/22/2020 4:00:00 PM,3,0,0,36.133640,-86.702390,GLASTONBURY RD,,,,0.00,,,MASSMAN DR,,,,0.00,Y,Four-Way,N,Intersection,None,,,         ,Mary,Robinson,Clear,Angle,no,no,no,no,no,False
102710125,METROPOLITAN NASHVILLE POLICE DEPT,20200361992,Davidson,Nashville,5/22/2020 6:05:00 PM,2,0,0,36.080460,-86.717470,STATE HWY 255,,,,137.00,Feet,East,JONQUIL DR,,,,0.00,N,Not at Intersection, ,,None,,,         ,Edward,Starke,,,no,no,no,no,no,False
102710136,METROPOLITAN NASHVILLE POLICE DEPT,20200362068,Davidson,Nashville,5/22/2020 7:53:00 PM,2,0,0,36.071510,-86.636310,BELL RD,,,,137.00,Feet,South,MURFREESBORO PKE,,,,0.00,N,Not at Intersection,N,Non-Junction,None,,,         ,Cooper,HIll,Clear,Front to Rear,no,no,no,no,yes,False
102710148,METROPOLITAN NASHVILLE POLICE DEPT,20200362044,Davidson,Nashville,5/22/2020 7:42:00 PM,3,3,0,36.068500,-86.688690,I 24,,,,0.00,,,,,,,57.10,N,Not at Intersection,N,Non-Junction,None,,,         ,Edward,Starke,Clear,"Sideswipe, Same Direction",no,no,no,no,yes,False
102710149,METROPOLITAN NASHVILLE POLICE DEPT,20200362095,Davidson,Nashville,5/22/2020 8:06:00 PM,2,2,0,36.043910,-86.780940,I 65,,,,0.00,,,,,,,75.00,N,Not at Intersection,N,Non-Junction,None,,,         ,FELIKS,ABRAHAMYAN,Rain,Angle,no,no,no,no,no,False
102710157,METROPOLITAN NASHVILLE POLICE DEPT,20200361917,Davidson,Nashville,5/22/2020 6:36:00 PM,2,2,0,36.125360,-86.696190,BRILEY PKWY,,,,0.00,Feet,,KERMIT DR,,,,0.00,Y,T-Intersection,N,Intersection,None,,,         ,Mary,Robinson,Clear,Angle,no,no,no,no,no,False
102710160,METROPOLITAN NASHVILLE POLICE DEPT,20200362210,Davidson,Nashville,5/22/2020 8:55:00 PM,2,0,0,36.171840,-86.764770,S 5TH ST,,,,0.00,,,WOODLAND ST,,,,0.00,Y,Four-Way,N,Intersection,None,,,         ,Christopher,Beery,Rain,Angle,no,no,no,no,yes,False
102710170,METROPOLITAN NASHVILLE POLICE DEPT,20200361816,Davidson,Nashville,5/22/2020 5:52:00 PM,2,0,0,36.163250,-86.776070,2ND AVN,,,,0.00,,,COMMERCE ST,,,,0.00,Y,T-Intersection, ,Intersection,None,,,         ,Erik,Wagner,Clear,Angle,no,no,no,no,no,False
102710178,METROPOLITAN NASHVILLE POLICE DEPT,20200362174,Davidson,Nashville,5/22/2020 8:44:00 PM,2,5,0,36.159620,-86.796200,MCMILLAN ST,,,,0.00,,,US HWY 70,,,,0.00,Y,Four-Way,N,Intersection,None,,,         ,Zachary,Plese,Rain,Angle,no,no,no,no,yes,False
102710185,METROPOLITAN NASHVILLE POLICE DEPT,20200362146,Davidson,Nashville,5/22/2020 8:31:00 PM,2,0,0,36.136430,-86.893510,CABOT DR,,,,435.00,Feet,South,UPTON LN,,,,0.00,N,Not at Intersection, ,Non-Junction,None,,,         ,Devonte,Coleman,Rain,Front to Rear,no,no,no,no,no,False
102710186,METROPOLITAN NASHVILLE POLICE DEPT,20200362177,Davidson,Nashville,5/22/2020 8:45:00 PM,1,1,0,36.148200,-86.760580,LAFAYETTE ST,,,,45.00,Feet,West,LINCOLN ST,,,,0.00,N,Not at Intersection,N,Non-Junction,None,,,         ,Andrew,Brazee,Rain,Not Collision with Motor Vehicle in Transport,yes,no,no,no,no,False
102710189,METROPOLITAN NASHVILLE POLICE DEPT,20200362250,Davidson,Nashville,5/22/2020 9:22:00 PM,2,1,0,36.055040,-86.642420,STATE HWY 254,,,,0.00,,,ZELIDA AVE,,,,0.00,Y,T-Intersection,N,Intersection-Related,None,,,         ,Edward,Starke,Rain,Angle,no,no,no,no,no,False
102710195,METROPOLITAN NASHVILLE POLICE DEPT,20200361705,Davidson,Nashville,5/22/2020 5:00:00 PM,2,1,0,36.175500,-86.603050,OLD HICKORY BLVD,,,,391.00,Feet,North,BURNING TREE DR,,,,0.00,N,Not at Intersection,N,"Driveway, Alley Access, etc",None,,,         ,Destiny,Zunic,Clear,Angle,no,no,no,yes,yes,False
102710198,METROPOLITAN NASHVILLE POLICE DEPT,20200362274,Davidson,Not in City Limit,5/22/2020 9:43:00 PM,2,1,0,36.259350,-86.757780,DICKERSON PKE,,,,12.00,Feet,North,VILLAGE HILLS PVTDR,,,,0.00,N,Not at Intersection,N,Non-Junction,None,,,         ,Jarret,Sonnenberg,Rain,Angle,no,no,no,no,yes,False
102710204,METROPOLITAN NASHVILLE POLICE DEPT,20200361808,Davidson,Not in City Limit,5/22/2020 5:36:00 PM,2,0,0,36.325310,-86.887030,BINKLEY RD,,,,0.00,Feet,West,BIDWELL RD,,,,0.00,N,Not at Intersection, ,,None,,,         ,Melvin,Taylor,,,no,no,no,no,no,False
102710224,METROPOLITAN NASHVILLE POLICE DEPT,20200362231,Davidson,Nashville,5/22/2020 8:40:00 PM,2,1,0,36.090960,-86.651100,MURFREESBORO PKE,,,,0.00,Feet,,BOROWOOD DR,,,,0.00,Y,T-Intersection,N,Intersection,None,,,         ,Steven,Powers,Rain,Front to Rear,no,no,no,no,yes,False
102710231,METROPOLITAN NASHVILLE POLICE DEPT,20200361621,Davidson,Nashville,5/22/2020 4:21:00 PM,2,0,0,36.063320,-86.637390,BELL CREST DR,,,,0.00,Feet,,BELL RD,,,,0.00,Y,Four-Way,N,Intersection,None,,,         ,Joel,Bennett,Clear,Angle,no,no,no,no,no,False
102710232,METROPOLITAN NASHVILLE POLICE DEPT,20200361852,Davidson,Nashville,5/22/2020 6:07:00 PM,3,2,0,36.044960,-86.665050,BELL RD,,,,518.00,Feet,North,CEDAR POINTE PKWY,,,,0.00,N,Not at Intersection,N,Non-Junction,None,,,         ,Joel,Bennett,Rain,Angle,no,no,no,no,no,False
102710259,METROPOLITAN NASHVILLE POLICE DEPT,20200361986,Davidson,Nashville,5/22/2020 7:08:00 PM,2,1,0,36.047450,-86.662900,I 24,,,,0.00,,,,,,,59.15,N,Not at Intersection,N,Non-Junction,None,,,         ,Joel,Bennett,Clear,Front to Rear,no,no,no,no,no,False
102710262,METROPOLITAN NASHVILLE POLICE DEPT,20200362141,Davidson,Nashville,5/22/2020 8:28:00 PM,1,0,1,36.138460,-86.726660,I 24,,,,0.00,,,,,,,52.40,N,Not at Intersection,N,Non-Junction,None,,,20-0347  ,Cressie,Prill,Rain,Not Collision with Motor Vehicle in Transport,no,no,no,no,no,False
102710276,METROPOLITAN NASHVILLE POLICE DEPT,20200362435,Davidson,Nashville,5/22/2020 11:30:00 PM,2,0,0,36.084830,-86.726530,TRAVIS DR,,,,260.00,Feet,South,PARAGON MILLS RD,,,,0.00,N,Not at Intersection,N,Non-Junction,None,,,         ,Angeline,Comilla,Clear,Rear to Side,no,no,no,yes,yes,False
102710296,METROPOLITAN NASHVILLE POLICE DEPT,20200362463,Davidson,Nashville,5/22/2020 11:30:00 PM,2,0,0,36.176580,-86.770320,SPRING ST,,,,0.00,Feet,,DICKERSON PKE,,,,0.00,Y,Y-Intersection,N,Intersection-Related,None,,,         ,Jackson,Sanders,Clear,Front to Rear,no,no,no,no,yes,False
102710321,METROPOLITAN NASHVILLE POLICE DEPT,20200362459,Davidson,Nashville,5/22/2020 11:00:00 PM,1,0,0,36.055310,-86.704050,EULALA DR,,,,0.00,,,BREWER DR,,,,0.00,Y,T-Intersection,N,Intersection,None,,,         ,Ramiz,Becic,Rain,Not Collision with Motor Vehicle in Transport,no,no,no,no,yes,False
102710377,METROPOLITAN NASHVILLE POLICE DEPT,20200362828,Davidson,Nashville,5/23/2020 2:58:00 AM,1,0,0,36.110580,-86.716520,STATE HWY 155,,,,1011.00,Feet,West,RAMP,,,,0.00,N,Not at Intersection,N,Non-Junction,None,,,         ,Garrett,Reingardt,Clear,Unknown,no,no,no,no,yes,False
102710421,METROPOLITAN NASHVILLE POLICE DEPT,20200362964,Davidson,Nashville,5/23/2020 4:45:00 AM,2,0,0,36.191370,-86.787750,I 65,,,,0.00,,,,,,,85.90,N,Not at Intersection,N,Non-Junction,None,,,         ,Erik,Schall,Clear,Angle,no,no,no,no,yes,False
102710433,METROPOLITAN NASHVILLE POLICE DEPT,20200362982,Davidson,Nashville,5/23/2020 5:00:00 AM,1,0,0,36.108670,-86.720250,I24 W EXT RAMP,,,,0.00,Feet,East,I 24,,,,0.00,N,Not at Intersection,N,Non-Junction,None,,,         ,Teresah,Pinho,Clear,Not Collision with Motor Vehicle in Transport,no,no,no,no,no,False
102710462,METROPOLITAN NASHVILLE POLICE DEPT,20200363012,Davidson,Nashville,5/23/2020 5:40:00 AM,1,1,0,36.154320,-86.759550,I 40,,,,0.00,,,,,,,211.00,N,Not at Intersection,Y,Non-Junction,None,,,         ,Amy,Hirschmann,Clear,Not Collision with Motor Vehicle in Transport,no,no,no,no,no,False
102710484,METROPOLITAN NASHVILLE POLICE DEPT,20200363050,Davidson,Nashville,5/23/2020 5:20:00 AM,2,0,0,36.025220,-86.716420,BRADFORD HILLS DR,,,,246.00,Feet,East,BRADFORD HILLS CV,,,,0.00,N,Not at Intersection,N,"Driveway, Alley Access, etc",None,,,         ,Cynthia,Quirouette,Clear,Angle,no,no,no,no,no,False
102710489,METROPOLITAN NASHVILLE POLICE DEPT,20200363118,Davidson,Nashville,5/23/2020 7:30:00 AM,2,0,0,36.123520,-86.877860,DARDEN PL,,,,492.00,Feet,North,GEORGETOWN DR,,,,0.00,N,Not at Intersection, ,,None,,,         ,Alexis,Pond,,,no,no,no,no,no,False
102710504,METROPOLITAN NASHVILLE POLICE DEPT,20200363149,Davidson,Nashville,5/23/2020 8:08:00 AM,1,0,0,36.252940,-86.844420,CLARKSVILLE PKE,,,,764.00,Feet,West,DRY FORK RD,,,,0.00,N,Not at Intersection, ,Non-Junction,None,,,         ,Royce,McLester,Cloudy,Not Collision with Motor Vehicle in Transport,no,no,no,no,no,False
102710565,METROPOLITAN NASHVILLE POLICE DEPT,20200363349,Davidson,Nashville,5/23/2020 10:21:00 AM,2,0,0,36.182750,-86.797960,-- UNKNOWN RAMP/ROAD --,,,,0.00,,East,I 65,,,,0.00,N,Not at Intersection, ,,None,,,         ,Bianca,Crawford,,,no,no,no,no,no,False
102710588,METROPOLITAN NASHVILLE POLICE DEPT,20200363331,Davidson,Nashville,5/23/2020 10:05:00 AM,2,0,0,36.294960,-86.693690,SPRING BRANCH DR,,,,1.00,Feet,South,SPRING BRANCH APTS PVTDR,,,,0.00,N,Not at Intersection, ,Non-Junction,None,,,         ,Ian,Wilson,Clear,Angle,no,no,no,no,no,False
102710640,METROPOLITAN NASHVILLE POLICE DEPT,20200363375,Davidson,Nashville,5/23/2020 10:35:00 AM,2,0,0,36.232290,-86.624730,SHUTE LN,,,,0.00,,,OLD HICKORY BLVD,,,,0.00,Y,T-Intersection,N,Intersection,None,,,         ,Patrick,Lancaster,Clear,Front to Rear,no,no,no,no,no,False
102710675,METROPOLITAN NASHVILLE POLICE DEPT,20200363509,Davidson,Nashville,5/23/2020 11:52:00 AM,2,0,0,36.150430,-86.856780,CHARLOTTE PKE,,,,182.00,Feet,East,ORLANDO AV,,,,0.00,N,Not at Intersection, ,,None,,,         ,Darren,Key,,,no,no,no,no,no,False
102710723,METROPOLITAN NASHVILLE POLICE DEPT,20200363304,Davidson,Nashville,5/23/2020 7:00:00 AM,2,0,0,36.072870,-86.671150,XAVIER DR,,,,0.00,,,XAVIER CT,,,,0.00,Y,T-Intersection,N,Non-Junction,None,,,         ,Zachary,Aldrich,Clear,Angle,no,no,no,no,yes,False
102710725,METROPOLITAN NASHVILLE POLICE DEPT,20200363473,Davidson,Nashville,5/23/2020 11:45:00 AM,2,1,0,36.081380,-86.646230,MURFREESBORO PKE,,,,62.00,Feet,South,SHIAWAY DR,,,,0.00,N,Not at Intersection,N,Non-Junction,None,,,         ,Lynsie,Smith,Clear,Front to Rear,no,no,no,no,no,False
102710756,METROPOLITAN NASHVILLE POLICE DEPT,20200363481,Davidson,Nashville,5/23/2020 11:45:00 AM,2,0,0,36.281810,-86.703800,WELWORTH ST,,,,217.00,Feet,West,FLORENCE AV,,,,0.00,N,Not at Intersection,N,Non-Junction,None,,,         ,Keenan,McCann,Clear,Front to Rear,no,no,no,no,yes,False
102710757,METROPOLITAN NASHVILLE POLICE DEPT,20200363485,Davidson,Nashville,5/23/2020 11:20:00 AM,1,0,0,36.184060,-86.819100,26TH AVN,,,,846.00,Feet,South,CLARKSVILLE PKE,,,,0.00,N,Not at Intersection,N,Non-Junction,None,,,         ,Royce,McLester,Cloudy,Not Collision with Motor Vehicle in Transport,no,no,no,yes,no,False
102710774,METROPOLITAN NASHVILLE POLICE DEPT,20200363558,Davidson,Goodlettsville,5/23/2020 12:57:00 PM,2,0,0,36.393940,-86.763990,EAST END RD,,,,48.00,Feet,East,SPRINGFIELD HWY,,,,0.00,N,Not at Intersection,N,Non-Junction,None,,,         ,Ricki,Armstrong,Clear,"Sideswipe, Opposite Direction",no,no,no,no,yes,False
102710775,METROPOLITAN NASHVILLE POLICE DEPT,20200363619,Davidson,Nashville,5/23/2020 1:30:00 PM,1,0,0,36.196400,-86.776120,I 65,,,,0.00,,,,,,,86.60,N,Not at Intersection, ,Non-Junction,None,,,         ,Darren,Key,Clear,Not Collision with Motor Vehicle in Transport,no,no,no,no,no,False
102710795,METROPOLITAN NASHVILLE POLICE DEPT,20200363609,Davidson,Nashville,5/23/2020 1:32:00 PM,3,1,0,36.081190,-86.715130,HUMBER DR,,,,0.00,,,STATE HWY 255,,,,0.00,Y,Four-Way,N,Intersection,None,,,         ,Robert,Higgins,Clear,Front to Rear,no,no,no,no,no,False
102710796,METROPOLITAN NASHVILLE POLICE DEPT,20200363536,Davidson,Nashville,5/23/2020 12:30:00 PM,2,0,0,36.164010,-86.698970,LEBANON PKE,,,,510.00,Feet,South,MILL CREEK MEADOW DR,,,,0.00,N,Not at Intersection,N,Non-Junction,None,,,         ,Roger,Luther,Clear,"Sideswipe, Opposite Direction",no,no,no,no,yes,False
102710803,METROPOLITAN NASHVILLE POLICE DEPT,20200363597,Davidson,Nashville,5/23/2020 1:18:00 PM,2,1,0,36.193660,-86.831220,CLARKSVILLE PKE,,,,0.00,Feet,West,S HAMILTON RD,,,,0.00,N,Not at Intersection,N,Non-Junction,None,,,         ,Jedidayah,Merriweather,Cloudy,Front to Rear,no,no,no,no,no,False
102710828,METROPOLITAN NASHVILLE POLICE DEPT,20200363622,Davidson,Not in City Limit,5/23/2020 1:45:00 PM,2,0,0,36.259890,-86.713050,WOODRUFF ST,,,,0.00,,,GALLATIN PKES,,,,0.00,Y,T-Intersection, ,Intersection,None,,,         ,William,Coy,Clear,Angle,no,no,no,no,no,False
102710843,METROPOLITAN NASHVILLE POLICE DEPT,20200363618,Davidson,Nashville,5/23/2020 1:46:00 PM,1,0,0,36.202810,-86.689200,BRILEY PKWYN,,,,425.00,Feet,South,BRILEY PKWYS,,,,0.00,N,Not at Intersection, ,,None,,,         ,Mark,Sydenstricker,,,no,no,no,no,no,False
102710863,METROPOLITAN NASHVILLE POLICE DEPT,20200363698,Davidson,Nashville,5/23/2020 12:00:00 AM,2,0,0,36.141130,-86.664960,I 40,,,,0.00,,,,,,,218.00,N,Not at Intersection,N,Non-Junction,None,,,         ,Douglas,Mann,Clear,Angle,no,no,no,no,yes,False
102710876,VANDERBILT UNIVERSITY POLICE,20200362082,Davidson,Nashville,5/22/2020 7:44:00 PM,2,0,0,36.137880,-86.803290,BLAKEMORE AV,,,,0.00,,,23RD AVS,,,,0.00,Y,T-Intersection,N,Non-Junction,None,,,         ,V,Greene,Rain,Angle,no,no,no,no,no,Campus
102710880,METROPOLITAN NASHVILLE POLICE DEPT,20200363763,Davidson,Nashville,5/23/2020 3:23:00 PM,1,1,0,36.223110,-86.746540,ELLINGTON PKWYS,,,,396.00,Feet,North,BEN ALLEN RD,,,,0.00,N,Not at Intersection,N,Non-Junction,None,,,         ,Jeremy,Smith,Clear,Not Collision with Motor Vehicle in Transport,no,no,no,no,no,False
102710889,METROPOLITAN NASHVILLE POLICE DEPT,20200363678,Davidson,Nashville,5/23/2020 2:19:00 PM,2,1,0,36.066300,-86.774230,HOGAN RD,,,,0.00,,,FRANKLIN PKE,,,,0.00,Y,Four-Way,N,Non-Junction,None,,,         ,Brady,Reynolds,Clear,Angle,no,no,no,no,no,False
102710915,METROPOLITAN NASHVILLE POLICE DEPT,20200359818,Davidson,Nashville,5/21/2020 8:36:00 PM,2,0,0,36.180490,-86.791400,5TH AVE N,,,,0.00,,,HUME ST,,,,0.00,Y,Four-Way,N,Intersection,None,,,         ,Jacob,Krispin,Clear,Front to Rear,no,no,no,no,yes,False
102710943,METROPOLITAN NASHVILLE POLICE DEPT,20200363692,Davidson,Nashville,5/23/2020 2:33:00 PM,2,0,0,36.069820,-86.897360,HIGHWAY 100,,,,0.00,,,HARPETH TRACE DR,,,,0.00,Y,T-Intersection, ,,None,,,         ,Lawrence,Whited,,,no,no,no,no,no,False
102710965,METROPOLITAN NASHVILLE POLICE DEPT,20200362237,Davidson,Nashville,5/22/2020 9:15:00 PM,2,0,0,36.083480,-86.714870,TANGLEWOOD CT,,,,417.00,Feet,North,WHISPERING OAKS PL,,,,0.00,N,Not at Intersection,Y,Non-Junction,None,,,         ,Jonathan,Watch,Rain,"Sideswipe, Same Direction",no,no,no,yes,yes,False
102710966,METROPOLITAN NASHVILLE POLICE DEPT,20200363732,Davidson,Nashville,5/23/2020 3:00:00 PM,2,2,0,36.134020,-86.722560,MURFREESBORO PKE,,,,0.00,,,PLUS PARK BLVD,,,,0.00,Y,T-Intersection,Y,Intersection,None,,,         ,Timothy,Ward,Clear,Angle,no,no,no,no,yes,False
102710988,BERRY HILL POLICE DEPT,20-1897,Davidson,Berry Hill,5/22/2020 8:45:00 PM,2,0,0,36.121370,-86.775450,FRANKLIN PKE,,,,0.00,,,KIRKWOOD AV,,,,0.00,Y,T-Intersection,N,Intersection,None,,,         ,Yamil,Jimenez,Rain,Angle,no,no,no,no,no,False
102711027,METROPOLITAN NASHVILLE POLICE DEPT,20200363939,Davidson,Nashville,5/23/2020 4:06:00 PM,2,0,0,36.229820,-86.733700,BROADMOOR DR,,,,302.00,Feet,East,GRA MAR DR,,,,0.00,N,Not at Intersection, ,Non-Junction,None,,,         ,Maryanne,Bartello,Clear,Rear to Side,no,no,no,no,no,False
102711029,METROPOLITAN NASHVILLE POLICE DEPT,20200363697,Davidson,Nashville,5/23/2020 1:50:00 PM,2,0,0,36.041410,-86.648960,I24 W EXT RAMP,,,,0.00,Feet,East,I 24,,,,0.00,N,Not at Intersection, ,,None,,,         ,Joshua,Dale,,,no,no,no,no,no,False
102711035,METROPOLITAN NASHVILLE POLICE DEPT,20200363989,Davidson,Nashville,5/23/2020 4:35:00 PM,2,0,0,36.199470,-86.620670,STATE HWY 45,,,,45.00,Feet,West,RAMP,,,,0.00,N,Not at Intersection,N,Non-Junction,None,,,         ,Heather,Fox,Clear,"Sideswipe, Same Direction",no,no,no,no,yes,False
102711037,METROPOLITAN NASHVILLE POLICE DEPT,20200363825,Davidson,Nashville,5/23/2020 3:12:00 PM,1,0,0,36.162020,-86.784390,ROSA L PARKS BLVD,,,,192.00,Feet,North,ROSA L PARKS AV,,,,0.00,N,Not at Intersection, ,Non-Junction,None,,,         ,Philip,Claibourne,Clear,Not Collision with Motor Vehicle in Transport,no,no,no,no,no,False
102711051,METROPOLITAN NASHVILLE POLICE DEPT,20200363676,Davidson,Nashville,5/23/2020 2:45:00 PM,1,1,0,36.166320,-86.777220,UNION ST,,,,84.00,Feet,West,1ST AVN,,,,0.00,N,Not at Intersection,N,Non-Junction,None,,,         ,Alexander,Hartle,Clear,Not Collision with Motor Vehicle in Transport,no,no,no,no,no,False
102711065,METROPOLITAN NASHVILLE POLICE DEPT,20200364001,Davidson,Nashville,5/23/2020 5:25:00 PM,2,1,0,36.127830,-86.712560,MURFREESBORO PKE,,,,183.00,Feet,East,PHILFRE CT,,,,0.00,N,Not at Intersection,N,Non-Junction,None,,,         ,Timothy,Ward,Clear,Front to Rear,no,no,no,no,yes,False
102711072,METROPOLITAN NASHVILLE POLICE DEPT,20200363796,Davidson,Nashville,5/23/2020 3:40:00 PM,2,0,0,36.176430,-86.815210,24TH AVN,,,,0.00,Feet,East,OSAGE ST,,,,0.00,N,Not at Intersection,Y,Non-Junction,None,,,         ,Brian,Warstadt,Clear,Angle,no,no,no,no,no,False
102711075,METROPOLITAN NASHVILLE POLICE DEPT,20200364013,Davidson,Nashville,5/23/2020 5:30:00 PM,2,0,0,36.169000,-86.757720,S 7TH ST,,,,102.00,Feet,South,SHELBY AV,,,,0.00,N,Not at Intersection,N,Non-Junction,None,,,         ,Christopher,Beery,Clear,Angle,no,no,no,no,no,False
102711076,METROPOLITAN NASHVILLE POLICE DEPT,20200363971,Davidson,Nashville,5/23/2020 5:14:00 PM,1,1,0,36.171530,-86.788760,7TH AVN,,,,266.00,Feet,East,ROSA L PARKS BLVD,,,,0.00,N,Not at Intersection,N,Non-Junction,None,,,         ,Garrett,Short,Clear,Not Collision with Motor Vehicle in Transport,yes,no,no,yes,no,False
102711077,METROPOLITAN NASHVILLE POLICE DEPT,20200364114,Davidson,Nashville,5/23/2020 12:00:00 AM,1,0,0,36.162300,-86.814600,HERMAN ST,,,,6.00,Feet,West,25TH AVN,,,,0.00,N,Not at Intersection,N,Non-Junction,None,,,         ,Brian,Warstadt,Clear,Not Collision with Motor Vehicle in Transport,no,no,no,no,yes,False
102711082,METROPOLITAN NASHVILLE POLICE DEPT,20200364072,Davidson,Nashville,5/23/2020 6:05:00 PM,2,0,0,36.159230,-86.791890,-- UNKNOWN RAMP/ROAD --,,,,0.00,Feet,East,I 40,,,,0.00,N,Not at Intersection, ,Non-Junction,None,,,         ,Brent,Morris,Clear,"Sideswipe, Same Direction",no,no,no,no,no,False
102711115,METROPOLITAN NASHVILLE POLICE DEPT,20200363925,Davidson,Nashville,5/23/2020 12:00:00 AM,2,2,0,36.140140,-86.700260,BRILEY PKWY,,,,228.00,Feet,East,BRILEY PKWYN,,,,0.00,N,Not at Intersection,N,Non-Junction,None,,,         ,Adam,Gartner,Clear,"Sideswipe, Same Direction",no,no,no,no,no,False
102711116,METROPOLITAN NASHVILLE POLICE DEPT,20200364104,Davidson,Nashville,5/23/2020 6:23:00 PM,1,1,0,36.141840,-86.841670,46TH AVN,,,,165.00,Feet,South,COLORADO AV,,,,0.00,N,Not at Intersection,N,Non-Junction,None,,,         ,Andrew,Mullen,Clear,Not Collision with Motor Vehicle in Transport,no,no,no,no,no,False
102711153,METROPOLITAN NASHVILLE POLICE DEPT,20200364123,Davidson,Nashville,5/23/2020 6:37:00 PM,2,0,0,36.151800,-86.771250,LAFAYETTE ST,,,,0.00,,,4TH AVS,,,,0.00,Y,Four-Way,N,Intersection,None,,,         ,James,Hill,Clear,Angle,no,no,no,no,no,False
102711161,TENNESSEE STATE UNIVERSITY ,20-TSU-18990,Davidson,Nashville,5/23/2020 6:13:00 PM,1,0,0,36.162430,-86.830470,ALBION ST,,,,0.00,,,CLARE,,,,0.00,Y,OTHER,N,Non-Junction,None,,,         ,Inice,Wagner,Clear,Not Collision with Motor Vehicle in Transport,no,no,no,no,yes,False
102711164,METROPOLITAN NASHVILLE POLICE DEPT,20200364255,Davidson,Nashville,5/23/2020 7:45:00 PM,2,0,0,36.151470,-86.751350,I40 W EXT RAMP,,,,0.00,Feet,East,I 40,,,,0.00,N,Not at Intersection, ,Non-Junction,None,,,         ,Reagan,Heath,Clear,"Sideswipe, Same Direction",no,no,no,no,no,False
102711177,METROPOLITAN NASHVILLE POLICE DEPT,20200364222,Davidson,Nashville,5/23/2020 7:38:00 PM,2,1,0,36.237910,-86.757830,US HWY 31W,,,,0.00,Feet,,US HWY 31W,,,,0.00,Y,OTHER,N,OtherLocation,None,,,         ,Kyle,Eicholtz,Clear,"Sideswipe, Same Direction",no,no,no,no,no,False