master_record_number,agency,agency_tracking_number,county,city,collision_date,vehicles_involved,number_injured,number_dead,latitude,longitude,roadway_name,roadway_suffix,roadway_number,roadway_local_id,distance_from_reference,miles-feet_indicator,direction_from_reference,intersection_road_name,intersection_road_name_suffix,intersection_road_number,intersection_local_id,mile_marker,intersection_indicator,intersect_type,interchange_related_indicator,relation_to_junction,work_zone_type,construction_maintenance_zone,construction_maintenance_zone_location,fatal_case_number,officer_first_name,officer_last_name,weather_condition(s),manner_of_crash,pedestrian,bicycle,scooter,parking,hitrun,mou
102715434,METROPOLITAN NASHVILLE POLICE DEPT,20200375447,Davidson,Nashville,5/28/2020 12:14:00 PM,2,0,0,36.085100,-86.653170,BLACK MOUNTAIN DR,,,,243.00,Feet,East,MOUNT HOOD DR,,,,0.00,N,Not at Intersection,N,Non-Junction,None,,,         ,Edward,Starke,Clear,"Sideswipe, Opposite Direction",no,no,no,no,yes,False
102715445,VANDERBILT UNIVERSITY POLICE,200375631,Davidson,Nashville,5/28/2020 12:00:00 AM,2,0,0,36.107500,-86.765250,POWELL AVE,,,,415.00,Feet,North,POWELL PL,,,,0.00,N,Not at Intersection, ,Unknown,None,,,         ,Joseph,Bishop,Clear,Unknown,no,no,no,yes,yes,False
102715447,METROPOLITAN NASHVILLE POLICE DEPT,20200375645,Davidson,Nashville,5/28/2020 4:40:00 PM,3,1,0,36.099480,-86.710960,I 24,,,,0.00,,,,,,,54.60,N,Not at Intersection,N,Non-Junction,None,,,         ,Eric,Laury,Clear,Front to Rear,no,no,no,no,no,False
102715450,METROPOLITAN NASHVILLE POLICE DEPT,20200375638,Davidson,Nashville,5/28/2020 4:49:00 PM,3,0,0,36.046540,-86.661240,EXIT 59,,,,0.00,Feet,East,I 24,,,,0.00,N,Not at Intersection,N,Non-Junction,None,,,         ,Edward,Starke,Clear,Front to Rear,no,no,no,no,yes,False
102715454,METROPOLITAN NASHVILLE POLICE DEPT,20200375723,Davidson,Not in City Limit,5/28/2020 5:28:00 PM,2,0,0,36.325920,-86.868970,WHITES CREEK PKE,,,,3.00,Feet,North,I24 W EXT RAMP,,,,0.00,N,Not at Intersection, ,Non-Junction,None,,,         ,Brian,Woodard,Cloudy,Front to Rear,no,no,no,no,no,False
102715485,METROPOLITAN NASHVILLE POLICE DEPT,20200375730,Davidson,Nashville,5/28/2020 5:22:00 PM,2,0,0,36.165120,-86.602820,BELL RD,,,,11.00,Feet,West,MILLS RD,,,,0.00,N,Not at Intersection,N,Non-Junction,None,,,         ,David,Stanley,Rain,Angle,no,no,no,no,no,False
102715494,METROPOLITAN NASHVILLE POLICE DEPT,20200375816,Davidson,Nashville,5/28/2020 12:00:00 AM,2,1,0,36.071030,-86.635210,US HWY 41,,,,229.00,Feet,South,RAMP,,,,0.00,N,Not at Intersection,N,Non-Junction,None,,,         ,Luis,Pena,Clear,Front to Rear,no,no,no,no,no,False
102715495,METROPOLITAN NASHVILLE POLICE DEPT,20200375918,Davidson,Nashville,5/28/2020 7:12:00 PM,2,1,0,36.055040,-86.642420,STATE HWY 254,,,,0.00,,,ZELIDA AVE,,,,0.00,Y,Four-Way,N,Intersection-Related,None,,,         ,Edward,Starke,Clear,Angle,no,no,no,no,no,False
102715502,METROPOLITAN NASHVILLE POLICE DEPT,20200375956,Davidson,Nashville,5/28/2020 7:32:00 PM,3,0,0,36.144310,-86.697600,I 40,,,,0.00,,,,,,,214.85,N,Not at Intersection,N,Non-Junction,None,,,         ,Jason,Milyaro Lucas,Rain,Front to Rear,no,no,no,no,yes,False
102715513,METROPOLITAN NASHVILLE POLICE DEPT,20200375970,Davidson,Nashville,5/28/2020 7:38:00 PM,1,1,0,36.147930,-86.653560,MCCRORY CREEK RD,,,,30.00,Feet,South,HONEYBROOK DR,,,,0.00,N,Not at Intersection,N,Non-Junction,None,,,         ,Adam,Warren,Rain,Not Collision with Motor Vehicle in Transport,no,no,no,no,no,False
102715523,METROPOLITAN NASHVILLE POLICE DEPT,20200375975,Davidson,Antioch,5/28/2020 7:40:00 PM,2,1,0,36.012940,-86.620860,I24 E EXT RAMP,,,,0.00,,,I 24,,,,0.00,Y,Y-Intersection,N,Entrance/Exit Ramp Related,None,,,         ,Cooper,HIll,Clear,Front to Rear,no,no,no,no,no,False
102715541,METROPOLITAN NASHVILLE POLICE DEPT,20200375827,Davidson,Not in City Limit,5/28/2020 6:20:00 PM,2,0,0,36.081600,-86.956940,HIGHWAY 70S,,,,64.00,Feet,East,I40 W EXT RAMP,,,,0.00,N,Not at Intersection,Y,Entrance/Exit Ramp Related,None,,,         ,Devonte,Coleman,Rain,"Sideswipe, Same Direction",no,no,no,no,no,False
102715542,METROPOLITAN NASHVILLE POLICE DEPT,20200376095,Davidson,Nashville,5/28/2020 8:49:00 PM,2,1,0,36.116070,-86.790960,I 440,,,,0.00,,,,,,,3.90,N,Not at Intersection,N,Non-Junction,None,,,         ,FELIKS,ABRAHAMYAN,Rain,"Sideswipe, Same Direction",no,no,no,no,yes,False
102715576,METROPOLITAN NASHVILLE POLICE DEPT,20200376048,Davidson,Nashville,5/28/2020 4:37:00 PM,2,0,0,36.199580,-86.620610,OLD HICKORY BLVD,,,,30.00,Feet,North,LEBANON PKE WB EXT RAMP,,,,0.00,N,Not at Intersection,Y,Non-Junction,None,,,         ,Joseph,Simon,Rain,Angle,no,no,no,no,no,False
102715600,VANDERBILT UNIVERSITY POLICE,20200375613,Davidson,Nashville,5/28/2020 4:42:00 PM,2,0,0,36.141670,-86.812730,VANDERBILT PL,,,,0.00,,,,,,,0.00,,, ,Non-Junction,None,,,         ,Robert,Gibson,Clear,Rear to Side,no,no,no,yes,no,Campus
102715616,METROPOLITAN NASHVILLE POLICE DEPT,20200376081,Davidson,Not in City Limit,5/28/2020 8:42:00 PM,2,2,0,36.263820,-86.704460,STATE RT 45,,,,0.00,,,DELAWARE AV,,,,0.00,Y,Four-Way,N,Intersection,None,,,         ,Christopher,Littles,Cloudy,Angle,no,no,no,no,no,False
102715642,METROPOLITAN NASHVILLE POLICE DEPT,20200376206,Davidson,Nashville,5/28/2020 9:51:00 PM,2,0,0,36.143360,-86.793130,EDGEHILL AV,,,,0.00,,,16TH AVS,,,,0.00,Y,Four-Way,N,Intersection,None,,,         ,Sekou,Samassi,Clear,Angle,no,no,no,no,yes,False
102715644,METROPOLITAN NASHVILLE POLICE DEPT,20200376126,Davidson,Nashville,5/28/2020 9:09:00 PM,2,1,0,36.219400,-86.816920,ROWAN DR,,,,71.00,Feet,East,DUNBAR DR,,,,0.00,N,Not at Intersection,N,Non-Junction,None,,,         ,Andrey,Volfson,Clear,Not Collision with Motor Vehicle in Transport,no,no,no,no,no,False
102715651,METROPOLITAN NASHVILLE POLICE DEPT,20200376078,Davidson,Nashville,5/28/2020 8:20:00 PM,2,0,0,36.157650,-86.789970,GEORGE L DAVIS BLVD,,,,56.00,Feet,North,I40 W EXT RAMP,,,,0.00,N,Not at Intersection,N,Non-Junction,None,,,         ,Mandi,Maska,Clear,Front to Rear,no,no,no,no,yes,False
102715679,METROPOLITAN NASHVILLE POLICE DEPT,20200376078,Davidson,Nashville,5/28/2020 8:20:00 PM,2,0,0,36.157650,-86.789970,GEORGE L DAVIS BLVD,,,,56.00,Feet,North,I40 W EXT RAMP,,,,0.00,N,Not at Intersection,N,Non-Junction,None,,,         ,Mandi,Maska,Clear,Front to Rear,no,no,no,no,yes,False
102715681,METROPOLITAN NASHVILLE POLICE DEPT,20200376297,Davidson,Nashville,5/28/2020 10:30:00 PM,2,0,0,36.153250,-86.794010,BROADWAY,,,,0.00,Feet,,17TH AVS,,,,0.00,Y,Four-Way, ,Intersection,None,,,         ,Denarius,Lawson,Clear,Angle,no,no,no,no,no,False
102715694,METROPOLITAN NASHVILLE POLICE DEPT,20200376333,Davidson,Nashville,5/28/2020 11:31:00 PM,2,2,0,36.077090,-86.725560,NOLENSVILLE PKE,,,,0.00,,,WALLACE RD,,,,0.00,Y,Four-Way,N,Intersection,None,,,         ,Douglas,Meringer,Clear,Front to Rear,no,no,no,no,no,False
102715706,METROPOLITAN NASHVILLE POLICE DEPT,20200376421,Davidson,Nashville,5/29/2020 12:20:00 AM,2,1,0,36.203180,-86.840550,US HWY 41 ALT,,,,0.00,,,ABERNATHY RD,,,,0.00,Y,Y-Intersection,N,OtherLocation,None,,,         ,Joseph,Gawlowski,Clear,Angle,no,no,no,no,no,False
102715715,METROPOLITAN NASHVILLE POLICE DEPT,20200376568,Davidson,Nashville,5/29/2020 2:04:00 AM,1,1,0,36.154630,-86.779160,8TH AVS,,,,0.00,Feet,East,LAFAYETTE ST,,,,0.00,N,Not at Intersection,N,Non-Junction,None,,,         ,William,Erickson,Clear,Not Collision with Motor Vehicle in Transport,no,no,no,no,no,False
102715749,METROPOLITAN NASHVILLE POLICE DEPT,2020-0376763,Davidson,Nashville,5/29/2020 1:30:00 AM,2,0,0,36.072240,-86.660550,COUNTRYSIDE DR,,,,405.00,Feet,South,PEBBLE CREEK DR,,,,0.00,N,Not at Intersection,N,Non-Junction,None,,,         ,Holly,Davis,Clear,"Sideswipe, Opposite Direction",no,no,no,no,yes,False
102715769,METROPOLITAN NASHVILLE POLICE DEPT,20200376911,Davidson,Not in City Limit,5/29/2020 6:33:00 AM,2,0,0,36.076860,-86.965310,I 40,,,,0.00,,,,,,,195.75,N,Not at Intersection, ,Non-Junction,None,,,         ,Curtis,Rich,Cloudy,Angle,no,no,no,no,no,False
102715792,METROPOLITAN NASHVILLE POLICE DEPT,2020-0375252,Davidson,Nashville,5/28/2020 1:30:00 PM,2,0,0,36.142300,-86.785410,EDGEHILL AV,,,,0.00,Feet,North,11TH AVS,,,,0.00,N,Not at Intersection,N,Non-Junction,None,,,         ,Gregory,Scott,Clear,Front to Rear,no,no,no,no,no,False
102715798,METROPOLITAN NASHVILLE POLICE DEPT,20200377083,Davidson,Nashville,5/29/2020 8:30:00 AM,2,0,0,36.155290,-86.809400,23RD AVN,,,,191.00,Feet,South,CHARLOTTE AV,,,,0.00,N,Not at Intersection, ,Non-Junction,None,,,         ,Shawn,Kaelin,Clear,"Sideswipe, Same Direction",no,no,no,no,no,False
102715810,METROPOLITAN NASHVILLE POLICE DEPT,20200377015,Davidson,Nashville,5/29/2020 8:20:00 AM,2,0,0,36.149110,-86.862830,CHARLOTTE PKE,,,,393.00,Feet,South,LELLYETT ST,,,,0.00,N,Not at Intersection, ,Non-Junction,None,,,         ,George,Spencer,Clear,"Sideswipe, Same Direction",no,no,no,no,no,False
102715820,METROPOLITAN NASHVILLE POLICE DEPT,20200377064,Davidson,Nashville,5/29/2020 8:12:00 AM,1,0,0,36.227010,-86.625280,OLD HICKORY BLVD,,,,405.00,Feet,South,CLEVELAND HALL BLVD,,,,0.00,N,Not at Intersection, ,Non-Junction,None,,,         ,Donald,Davidson,Clear,Not Collision with Motor Vehicle in Transport,no,no,no,no,no,False
102715841,METROPOLITAN NASHVILLE POLICE DEPT,20200377222,Davidson,Nashville,5/29/2020 9:45:00 AM,1,3,0,36.134190,-86.722150,MURFREESBORO PKE,,,,135.00,Feet,East,PLUS PARK BLVD,,,,0.00,N,Not at Intersection,N,Non-Junction,None,,,         ,Michael,Dance,Clear,Not Collision with Motor Vehicle in Transport,yes,no,no,yes,no,False
102715864,METROPOLITAN NASHVILLE POLICE DEPT,20200377267,Davidson,Not in City Limit,5/29/2020 10:00:00 AM,2,0,0,35.996870,-86.689890,CONCORD RD,,,,0.00,Feet,,NOLENSVILLE PKE,,,,0.00,Y,Four-Way,N,Intersection,None,,,         ,Jacob,Ross,Clear,Front to Rear,no,no,no,no,no,False
102715880,METROPOLITAN NASHVILLE POLICE DEPT,20200376907,Davidson,Nashville,5/29/2020 6:28:00 AM,2,0,0,36.195590,-86.776150,I 65,,,,0.00,,,,,,,86.55,N,Not at Intersection,N,Non-Junction,None,,,         ,James,Wray,Clear,Front to Rear,no,no,no,no,no,False
102715895,METROPOLITAN NASHVILLE POLICE DEPT,20200377354,Davidson,Nashville,5/29/2020 11:12:00 AM,2,1,0,36.172930,-86.600940,CENTRAL PKE,,,,0.00,,,BURNING TREE DR,,,,0.00,Y,T-Intersection, ,Intersection,None,,,         ,Michael,Dance,Clear,Angle,no,no,no,no,no,False
102715896,METROPOLITAN NASHVILLE POLICE DEPT,20200376902,Davidson,Not in City Limit,5/29/2020 7:08:00 AM,2,1,0,36.326810,-86.889120,I 24,,,,0.00,,,,,,,33.80,N,Not at Intersection,N,Non-Junction,None,,,         ,Garren,Hoskins,Clear,Front to Rear,no,no,no,no,no,False
102715901,METROPOLITAN NASHVILLE POLICE DEPT,20200377375,Davidson,Nashville,5/29/2020 11:25:00 AM,1,0,0,36.121930,-86.900130,SPARTA RD,,,,258.00,Feet,South,SHAWNEE DR,,,,0.00,N,Not at Intersection,N,Non-Junction,None,,,         ,Jack,Crouch,Cloudy,Not Collision with Motor Vehicle in Transport,no,no,no,no,yes,False
102715907,METROPOLITAN NASHVILLE POLICE DEPT,20200377460,Davidson,Nashville,5/29/2020 12:17:00 PM,2,0,0,36.149780,-86.859530,CHARLOTTE PKE,,,,41.00,Feet,West,MIDLAND AV,,,,0.00,N,Not at Intersection, ,,None,,,         ,Curtis,Rich,,,no,no,no,no,no,False
102715917,METROPOLITAN NASHVILLE POLICE DEPT,20200377411,Davidson,Nashville,5/29/2020 11:45:00 AM,1,1,0,36.151050,-86.750380,I 40,,,,0.00,,,,,,,211.60,N,Not at Intersection,N,Non-Junction,None,,,         ,Mary,Hall,Clear,Not Collision with Motor Vehicle in Transport,no,no,no,no,no,False
102715919,METROPOLITAN NASHVILLE POLICE DEPT,20200377090,Davidson,Not in City Limit,5/29/2020 8:30:00 AM,2,0,0,36.311590,-86.882740,RAWLINGS RD,,,,0.00,,,CLARKSVILLE PKE,,,,0.00,Y,Four-Way,N,Intersection-Related,None,,,         ,Garren,Hoskins,Clear,Front to Rear,no,no,no,no,yes,False
102715929,METROPOLITAN NASHVILLE POLICE DEPT,20200376899,Davidson,Not in City Limit,5/29/2020 6:39:00 AM,2,1,0,36.327750,-86.892730,I 24,,,,0.00,,,,,,,33.60,N,Not at Intersection,N,Non-Junction,None,,,         ,Royce,McLester,Cloudy,"Sideswipe, Same Direction",no,no,no,no,yes,False
102715951,METROPOLITAN NASHVILLE POLICE DEPT,20200377406,Davidson,Nashville,5/29/2020 11:40:00 AM,2,0,0,36.188940,-86.754390,ELLINGTON PKWYS,,,,1136.00,Feet,South,ELLINGTON PKWY S ENT RAMP,,,,0.00,N,Not at Intersection, ,Non-Junction,None,,,         ,Russell,Freeman,Clear,Not Collision with Motor Vehicle in Transport,no,no,no,no,no,False
102715986,METROPOLITAN NASHVILLE POLICE DEPT,20200377472,Davidson,Nashville,5/29/2020 12:32:00 PM,2,0,0,36.134280,-86.741380,FOSTER AV,,,,155.00,Feet,South,TPS COMPLEX PVTDR,,,,0.00,N,Not at Intersection, ,Non-Junction,None,,,         ,Patrick,Martin,Cloudy,Front to Rear,no,no,no,no,no,False
102716006,METROPOLITAN NASHVILLE POLICE DEPT,20200377440,Davidson,Nashville,5/29/2020 12:14:00 PM,2,0,0,36.198830,-86.776450,I 65,,,,0.00,,,,,,,86.80,N,Not at Intersection, ,Non-Junction,None,,,         ,James,Wray,Clear,"Sideswipe, Same Direction",no,no,no,no,no,False
102716007,METROPOLITAN NASHVILLE POLICE DEPT,20200377459,Davidson,Nashville,5/29/2020 12:10:00 PM,2,0,0,36.207410,-86.839850,CLARKSVILLE PKE,,,,0.00,,,W HAMILTON AV,,,,0.00,Y,T-Intersection,N,Intersection,None,,,         ,Keith,Parlato,Clear,Front to Rear,no,no,no,no,yes,False
102716025,METROPOLITAN NASHVILLE POLICE DEPT,20200377546,Davidson,Nashville,5/29/2020 11:25:00 AM,2,0,0,36.112330,-86.767020,THOMPSON LN,,,,0.00,,,BRANSFORD AV,,,,0.00,Y,Four-Way,N,Intersection,None,,,         ,Michael,Schlegel,Clear,"Sideswipe, Same Direction",no,no,no,no,yes,False
102716030,METROPOLITAN NASHVILLE POLICE DEPT,20200377582,Davidson,Nashville,5/29/2020 1:19:00 PM,2,0,0,36.150230,-86.857610,CHARLOTTE PKE,,,,73.00,Feet,West,ORLANDO AV,,,,0.00,N,Not at Intersection, ,Non-Junction,None,,,         ,Curtis,Rich,Clear,Front to Rear,no,no,no,no,no,False
102716053,METROPOLITAN NASHVILLE POLICE DEPT,20200377583,Davidson,Nashville,5/29/2020 1:38:00 PM,2,0,0,36.141290,-86.715930,I 40,,,,0.00,,,,,,,213.85,N,Not at Intersection,N,Non-Junction,None,,,         ,Michael,Dance,Clear,"Sideswipe, Same Direction",no,no,no,no,no,False
102716058,METROPOLITAN NASHVILLE POLICE DEPT,20200377594,Davidson,Nashville,5/29/2020 1:30:00 PM,2,1,0,36.155090,-86.785050,11TH AVS,,,,0.00,,,DEMONBREUN ST,,,,0.00,Y,OTHER,N,Non-Junction,None,,,         ,Charles,Coe,Clear,Angle,no,no,no,no,no,False
102716101,GOODLETTSVILLE POLICE DEPT,20-16941,Davidson,Goodlettsville,5/29/2020 1:08:00 PM,2,0,0,36.327500,-86.699480,LONG HOLLOW PKE,,,,141.00,Feet,South,LONG HOLLOW PIKE,,,,0.00,N,Not at Intersection, ,Non-Junction,None,,,         ,Brandon,Wright,Clear,Angle,no,no,no,no,no,False
102716135,METROPOLITAN NASHVILLE POLICE DEPT,20200377688,Davidson,Nashville,5/29/2020 2:00:00 PM,2,0,0,36.109240,-86.744330,NOLENSVILLE PKE,,,,205.00,Feet,South,COLLIER AV,,,,0.00,N,Not at Intersection, ,,None,,,         ,Melissa,Lomax,,,no,no,no,no,no,False
102716206,METROPOLITAN NASHVILLE POLICE DEPT,20200377766,Davidson,Nashville,5/29/2020 3:15:00 PM,2,0,0,36.138360,-86.730900,MURFREESBORO PKE,,,,22.00,Feet,West,MAPLE AV,,,,0.00,N,Not at Intersection, ,Non-Junction,None,,,         ,Eric,Laury,Clear,Angle,no,no,no,no,no,False
102716212,METROPOLITAN NASHVILLE POLICE DEPT,20200377435,Davidson,Nashville,5/29/2020 11:05:00 AM,1,0,0,36.038210,-86.800900,OLD HICKORY BLVD,,,,0.00,,,WESTPARK DR,,,,0.00,Y,T-Intersection,N,Intersection,None,,,         ,Colin,Feeney,Clear,Not Collision with Motor Vehicle in Transport,no,no,no,no,no,False
102716234,METROPOLITAN NASHVILLE POLICE DEPT,2020374995,Davidson,Nashville,5/28/2020 11:20:00 AM,2,0,0,36.155480,-86.765800,HERMITAGE AV,,,,0.00,,,ACADEMY PL,,,,0.00,Y,Four-Way,N,Intersection,None,,,         ,Cory,West,Clear,Angle,no,no,no,no,no,False
102716243,METROPOLITAN NASHVILLE POLICE DEPT,20200377947,Davidson,Nashville,5/29/2020 4:46:00 PM,2,4,0,36.192320,-86.829050,CLARKSVILLE PKE,,,,0.00,,,CLIFF DR,,,,0.00,Y,T-Intersection,N,Intersection,None,,,         ,Andrey,Volfson,Clear,Angle,no,no,no,no,no,False
102716248,METROPOLITAN NASHVILLE POLICE DEPT,20200377992,Davidson,Nashville,5/29/2020 4:50:00 PM,2,1,0,36.091360,-86.828510,HARDING PL,,,,0.00,,,HILLSBORO PKE,,,,0.00,Y,Four-Way,N,Intersection-Related,None,,,         ,Matthew,Turppa,Cloudy,Front to Rear,no,no,no,no,no,False
102716260,METROPOLITAN NASHVILLE POLICE DEPT,20200377762,Davidson,Nashville,5/29/2020 3:07:00 PM,3,1,0,36.158890,-86.782110,8TH AVS,,,,0.00,,,BROADWAY,,,,0.00,Y,Four-Way,N,Intersection,None,,,         ,Michael,Douglas,Cloudy,"Sideswipe, Same Direction",no,no,no,no,no,False
102716267,METROPOLITAN NASHVILLE POLICE DEPT,20200377750,Davidson,Nashville,5/29/2020 3:08:00 PM,3,1,0,36.142310,-86.680850,I 40,,,,0.00,,,,,,,215.80,N,Not at Intersection,N,Non-Junction,None,,,         ,Dontaveous,Eubanks,Cloudy,"Sideswipe, Same Direction",no,no,no,no,yes,False
102716275,METROPOLITAN NASHVILLE POLICE DEPT,20200377963,Davidson,Nashville,5/29/2020 4:53:00 PM,4,4,0,36.044820,-86.662670,STATE HWY 254,,,,342.00,Feet,West,CANE RIDGE RD,,,,0.00,N,Not at Intersection,N,Non-Junction,None,,,         ,Edward,Starke,Clear,Front to Rear,no,no,no,no,no,False
102716280,METROPOLITAN NASHVILLE POLICE DEPT,20200378110,Davidson,Not in City Limit,5/29/2020 6:03:00 PM,2,0,0,36.281480,-86.707840,MCKINLEY ST,,,,0.00,,,GALLATIN PKEN,,,,0.00,Y,T-Intersection,N,Intersection,None,,,         ,Christopher,Littles,Rain,Angle,no,no,no,no,no,False
102716284,METROPOLITAN NASHVILLE POLICE DEPT,20200378066,Davidson,Nashville,5/29/2020 4:05:00 PM,2,0,0,36.072130,-86.732890,WHISPERING HILLS DR,,,,0.00,,,EDMONDSON PKE,,,,0.00,Y,Four-Way, ,,None,,,         ,Dallas,Johnson,,,no,no,no,no,no,False
102716302,METROPOLITAN NASHVILLE POLICE DEPT,20200378088,Davidson,Nashville,5/29/2020 5:48:00 PM,2,0,0,36.068920,-86.680430,RICHARDS RD,,,,172.00,Feet,West,DELIA DR,,,,0.00,N,Not at Intersection,N,Non-Junction,None,,,         ,Edward,Starke,Clear,Front to Rear,no,no,no,no,yes,False
102716304,METROPOLITAN NASHVILLE POLICE DEPT,20200377970,Davidson,Nashville,5/29/2020 12:00:00 AM,2,0,0,36.163320,-86.613120,BELL RD,,,,0.00,,,DODSON CHAPEL RD,,,,0.00,Y,T-Intersection,N,Intersection,None,,,         ,Zaire,Murray,Clear,Front to Rear,no,no,no,no,no,False
102716317,METROPOLITAN NASHVILLE POLICE DEPT,20200377646,Davidson,Nashville,5/29/2020 2:14:00 PM,2,1,0,36.148330,-86.745640,I 40,,,,0.00,,,,,,,211.90,N,Not at Intersection,N,Non-Junction,None,,,         ,Mary,Robinson,Clear,Angle,no,no,no,no,no,False
102716325,METROPOLITAN NASHVILLE POLICE DEPT,20200373673,Davidson,Nashville,5/27/2020 9:33:00 PM,3,0,0,36.136070,-86.727100,I 24,,,,0.00,,,,,,,52.25,N,Not at Intersection,N,Non-Junction,None,,,         ,Joel,Bennett,Rain,Front to Rear,no,no,no,no,no,False
102716326,METROPOLITAN NASHVILLE POLICE DEPT,20200375375,Davidson,Nashville,5/28/2020 1:58:00 PM,3,0,0,36.040270,-86.743550,EDMONDSON PKE,,,,96.00,Feet,North,OLD HICKORY BLVD,,,,0.00,N,Not at Intersection, ,Non-Junction,None,,,         ,Joel,Bennett,Clear,Front to Rear,no,no,no,no,no,False
102716327,METROPOLITAN NASHVILLE POLICE DEPT,20200375574,Davidson,Antioch,5/28/2020 4:18:00 PM,1,1,0,36.013960,-86.681600,CULBERTSON RD,,,,675.00,Feet,North,CALDERWOOD DR,,,,0.00,N,Not at Intersection,N,Non-Junction,None,,,         ,Joel,Bennett,Clear,Not Collision with Motor Vehicle in Transport,no,no,no,no,no,False
102716332,METROPOLITAN NASHVILLE POLICE DEPT,20200378204,Davidson,Nashville,5/29/2020 6:55:00 PM,2,0,0,36.042230,-86.782270,I 65,,,,0.00,,,,,,,74.80,N,Not at Intersection,N,Non-Junction,None,,,         ,Darci,Stechman,Rain,"Sideswipe, Same Direction",no,no,no,no,yes,False
102716334,METROPOLITAN NASHVILLE POLICE DEPT,20200377884,Davidson,Nashville,5/29/2020 4:12:00 PM,1,1,0,36.197830,-86.827400,BUENA VISTA PIKE,,,,206.00,Feet,South,CURTIS ST,,,,0.00,N,Not at Intersection,N,Non-Junction,None,,,         ,Chase,Harriman,Clear,Not Collision with Motor Vehicle in Transport,no,no,no,no,no,False
102716335,METROPOLITAN NASHVILLE POLICE DEPT,20200378255,Davidson,Not in City Limit,5/29/2020 6:24:00 PM,2,1,0,36.261840,-86.712330,GALLATIN PKES,,,,145.00,Feet,South,E OLD HICKORY BLVD,,,,0.00,N,Not at Intersection,N,Non-Junction,None,,,         ,Christopher,Littles,Clear,HeadOn,no,no,no,no,no,False
102716343,METROPOLITAN NASHVILLE POLICE DEPT,20200377857,Davidson,Nashville,5/29/2020 3:56:00 PM,2,0,0,36.206250,-86.774080,-- UNKNOWN RAMP/ROAD --,,,,0.00,,,US HWY 431,,,,0.00,Y,T-Intersection, ,Entrance/Exit Ramp Related,None,,,         ,Sarah,Cartwright,Clear,Front to Rear,no,no,no,no,no,False
102716351,METROPOLITAN NASHVILLE POLICE DEPT,20200377708,Davidson,Nashville,5/29/2020 2:55:00 PM,2,0,0,36.146440,-86.742720,I 40,,,,0.00,,,,,,,212.10,N,Not at Intersection,N,Non-Junction,None,,,         ,Mary,Robinson,Clear,Front to Rear,no,no,no,no,no,False
102716368,METROPOLITAN NASHVILLE POLICE DEPT,20200378216,Davidson,Goodlettsville,5/29/2020 7:00:00 PM,2,1,0,36.306800,-86.694590,VIETNAM VETERANS BLVD NB EXT R,,,,0.00,Feet,East,VIETNAM VETERANS BLVD NB ENT R,,,,0.00,N,Not at Intersection,N,Non-Junction,None,,,         ,Sara,Lober,Clear,Angle,no,no,no,no,yes,False
102716395,METROPOLITAN NASHVILLE POLICE DEPT,20200378264,Davidson,Nashville,5/29/2020 7:30:00 PM,2,0,0,36.096920,-86.738060,NOLENSVILLE PKE,,,,300.00,Feet,North,ALLIED DR,,,,0.00,N,Not at Intersection,N,Non-Junction,None,,,         ,Dallas,Johnson,Rain,Front to Rear,no,no,no,no,yes,False
102716417,METROPOLITAN NASHVILLE POLICE DEPT,20200378464,Davidson,Nashville,5/29/2020 9:09:00 PM,1,0,0,36.127260,-86.844340,HARDING PKE,,,,175.00,Feet,West,WOODLAWN DR,,,,0.00,N,Not at Intersection,N,Non-Junction,None,,,         ,Hillary,Sherman,Clear,Not Collision with Motor Vehicle in Transport,no,no,no,no,yes,False
102716419,METROPOLITAN NASHVILLE POLICE DEPT,20200378364,Davidson,Nashville,5/29/2020 8:18:00 PM,2,0,0,36.035200,-86.675990,W OAK HIGHLAND DR,,,,0.00,,,BLUE HOLE RD,,,,0.00,Y,Four-Way,N,Intersection-Related,None,,,         ,Edward,Starke,Rain,Angle,no,no,no,no,yes,False
102716430,METROPOLITAN NASHVILLE POLICE DEPT,20200378399,Davidson,Nashville,5/29/2020 8:38:00 PM,1,0,0,36.044900,-86.728200,VILLAGE WAY,,,,6.00,Feet,West,ENGLISH IVY DR,,,,0.00,N,Not at Intersection,N,Non-Junction,None,,,         ,John,McDonnell,Cloudy,Not Collision with Motor Vehicle in Transport,no,no,no,no,no,False
102716432,METROPOLITAN NASHVILLE POLICE DEPT,20200378281,Davidson,Nashville,5/29/2020 7:39:00 PM,2,0,0,36.082780,-86.628700,MOSSDALE DR,,,,0.00,Feet,,BELL RD,,,,0.00,Y,Four-Way, ,Intersection,None,,,         ,Dontaveous,Eubanks,Rain,Angle,no,no,no,no,no,False
102716435,METROPOLITAN NASHVILLE POLICE DEPT,20200378461,Davidson,Antioch,5/29/2020 9:00:00 PM,2,1,0,36.047840,-86.612050,MURFREESBORO PKE,,,,1284.00,Feet,North,MOUNTAIN SPRINGS RD,,,,0.00,N,Not at Intersection,N,Non-Junction,None,,,         ,Cooper,HIll,Rain,Front to Rear,no,no,no,no,no,False
102716438,METROPOLITAN NASHVILLE POLICE DEPT,20200378528,Davidson,Not in City Limit,5/29/2020 8:24:00 PM,2,0,0,36.271040,-86.709820,ROOSEVELT AV,,,,165.00,Feet,East,GALLATIN PKEN,,,,0.00,N,Not at Intersection, ,,None,,,         ,Christopher,Littles,,,no,no,no,no,no,False