master_record_number,agency,agency_tracking_number,county,city,collision_date,vehicles_involved,number_injured,number_dead,latitude,longitude,roadway_name,roadway_suffix,roadway_number,roadway_local_id,distance_from_reference,miles-feet_indicator,direction_from_reference,intersection_road_name,intersection_road_name_suffix,intersection_road_number,intersection_local_id,mile_marker,intersection_indicator,intersect_type,interchange_related_indicator,relation_to_junction,work_zone_type,construction_maintenance_zone,construction_maintenance_zone_location,fatal_case_number,officer_first_name,officer_last_name,weather_condition(s),manner_of_crash,pedestrian,bicycle,scooter,parking,hitrun,mou
102716440,METROPOLITAN NASHVILLE POLICE DEPT,20200378442,Davidson,Nashville,5/29/2020 8:53:00 PM,2,0,0,36.053920,-86.898690,OLD HICKORY BLVD,,,,0.00,,,GAUCHO ROAD PVTDR,,,,0.00,Y,Four-Way,Y,Intersection,None,,,         ,Devonte,Coleman,Clear,Angle,no,no,no,no,yes,False
102716441,METROPOLITAN NASHVILLE POLICE DEPT,20200378405,Davidson,Nashville,5/29/2020 8:40:00 PM,2,0,0,36.094640,-86.653280,OLD MURFREESBORO PIKE,,,,82.00,Feet,North,US HWY 41,,,,0.00,N,Not at Intersection,N,Non-Junction,None,,,         ,Edward,Starke,Clear,Front to Rear,no,no,no,no,no,False
102716442,METROPOLITAN NASHVILLE POLICE DEPT,20200378482,Davidson,Nashville,5/29/2020 8:50:00 PM,3,0,0,36.078220,-86.656900,UNA ANTIOCH PKE,,,,60.00,Feet,East,OAKWOOD FOREST DR,,,,0.00,N,Not at Intersection,N,Non-Junction,None,,,         ,Marcus,Darden,Rain,Front to Rear,no,no,no,no,yes,False
102716443,METROPOLITAN NASHVILLE POLICE DEPT,20200378532,Davidson,Nashville,5/29/2020 9:51:00 PM,1,0,0,36.087530,-86.701060,I 24,,,,0.00,,,,,,,55.60,N,Not at Intersection,N,Non-Junction,None,,,         ,Laura,Williams,Cloudy,Not Collision with Motor Vehicle in Transport,no,no,no,no,no,False
102716445,METROPOLITAN NASHVILLE POLICE DEPT,20200378444,Davidson,Nashville,5/29/2020 9:00:00 PM,2,0,0,36.045860,-86.660530,I24 E EXT RAMP,,,,0.00,Feet,East,I 24,,,,0.00,N,Not at Intersection,N,Non-Junction,None,,,         ,Tyler,Geiger,Clear,Front to Rear,no,no,no,no,yes,False
102716449,METROPOLITAN NASHVILLE POLICE DEPT,20200378439,Davidson,Nashville,5/29/2020 8:53:00 PM,2,0,0,36.135810,-86.885150,BROOK HOLLOW RD,,,,0.00,Feet,,CHARLOTTE PKE,,,,0.00,Y,Four-Way,N,Intersection-Related,None,,,         ,Theodore,Meskers,Clear,Angle,no,no,no,no,yes,False
102716451,METROPOLITAN NASHVILLE POLICE DEPT,20200378500,Davidson,Nashville,5/29/2020 9:32:00 PM,1,1,0,36.168160,-86.764980,S 4TH ST,,,,0.00,,,,,,,0.00,,,N,OtherLocation,None,,,         ,Christopher,Beery,Clear,Not Collision with Motor Vehicle in Transport,yes,no,no,yes,yes,False
102716455,METROPOLITAN NASHVILLE POLICE DEPT,20200378563,Davidson,Nashville,5/29/2020 10:02:00 PM,2,0,0,36.088000,-86.701400,I 24,,,,0.00,,,,,,,55.60,N,Not at Intersection,N,Non-Junction,None,,,         ,Thomas,Parsons,Clear,Angle,no,no,no,no,yes,False
102716474,METROPOLITAN NASHVILLE POLICE DEPT,20200378505,Davidson,Nashville,5/29/2020 9:30:00 PM,2,1,0,36.120100,-86.773910,I440 ENT RAMP,,,,0.00,Feet,East,I 65,,,,0.00,N,Not at Intersection,N,Non-Junction,None,,,         ,Melissa,Lomax,Clear,Rear to Rear,no,no,no,no,no,False
102716475,METROPOLITAN NASHVILLE POLICE DEPT,20200378325,Davidson,Nashville,5/29/2020 8:00:00 PM,1,0,0,36.079240,-86.664050,PICCADILLY ROW,,,,94.00,Feet,North,PICCADILLY SAC,,,,0.00,N,Not at Intersection,N,Non-Junction,None,,,         ,Joel,Bennett,Clear,Not Collision with Motor Vehicle in Transport,no,no,no,no,yes,False
102716514,METROPOLITAN NASHVILLE POLICE DEPT,20200378524,Davidson,Nashville,5/29/2020 9:40:00 PM,5,2,0,36.148240,-86.760700,LAFAYETTE ST,,,,83.00,Feet,West,LINCOLN ST,,,,0.00,N,Not at Intersection,Y,Non-Junction,None,,,         ,Jonathan,Watch,Clear,"Sideswipe, Same Direction",no,no,no,no,yes,False
102716556,METROPOLITAN NASHVILLE POLICE DEPT,20200377952,Davidson,Nashville,5/29/2020 4:30:00 PM,2,0,0,36.181590,-86.774670,I 24,,,,0.00,,,,,,,47.60,N,Not at Intersection,N,Non-Junction,None,,,         ,Joshua,Asbell,Unknown,Front to Rear,no,no,no,no,yes,False
102716559,METROPOLITAN NASHVILLE POLICE DEPT,20200378822,Davidson,Nashville,5/30/2020 12:45:00 AM,1,0,0,36.154100,-86.837200,I 40,,,,0.00,,,,,,,205.10,N,Not at Intersection,N,Non-Junction,None,,,         ,Gary,Anderson,Clear,Not Collision with Motor Vehicle in Transport,no,no,no,no,no,False
102716565,METROPOLITAN NASHVILLE POLICE DEPT,20200378820,Davidson,Nashville,5/29/2020 11:10:00 PM,2,0,0,36.212560,-86.778960,BRICK CHURCH PIKE,,,,194.00,Feet,North,BROOKLYN AVE,,,,0.00,N,Not at Intersection,N,Non-Junction,None,,,         ,David,Crisman,Clear,"Sideswipe, Same Direction",no,no,no,no,yes,False
102716568,METROPOLITAN NASHVILLE POLICE DEPT,20200378823,Davidson,Nashville,5/30/2020 12:39:00 AM,2,0,0,36.138690,-86.786840,SUMMIT AV,,,,198.00,Feet,West,11TH AVS,,,,0.00,N,Not at Intersection,N,Non-Junction,None,,,         ,Tony,Mingsing,Clear,Unknown,no,no,no,yes,yes,False
102716581,METROPOLITAN NASHVILLE POLICE DEPT,20200378844,Davidson,Nashville,5/30/2020 1:00:00 AM,1,0,0,36.074080,-86.717730,LANE WOOD CT,,,,373.00,Feet,East,HOPEWOOD DR,,,,0.00,N,Not at Intersection,N,Non-Junction,None,,,         ,Alex,DiBernardo,Clear,Not Collision with Motor Vehicle in Transport,no,no,no,no,yes,False
102716583,METROPOLITAN NASHVILLE POLICE DEPT,20200378718,Davidson,Nashville,5/28/2020 10:30:00 PM,2,0,0,36.220290,-86.802370,HIGHLAND TRACE CV,,,,127.00,Feet,South,HIGHLAND TRACE DR,,,,0.00,N,Not at Intersection,N,Non-Junction,None,,,         ,Juan,Gonzalez,Unknown,Unknown,no,no,no,yes,yes,False
102716584,METROPOLITAN NASHVILLE POLICE DEPT,20200378720,Davidson,Nashville,5/29/2020 11:55:00 PM,2,0,0,36.180520,-86.774460,I 24,,,,0.00,,,,,,,47.65,N,Not at Intersection,N,Non-Junction,None,,,         ,Kelcey,Bell,Clear,"Sideswipe, Same Direction",no,no,no,no,yes,False
102716592,METROPOLITAN NASHVILLE POLICE DEPT,2020-0378711,Davidson,Nashville,5/29/2020 11:45:00 PM,2,0,0,36.151880,-86.767940,I 40,,,,0.00,,,,,,,210.50,N,Not at Intersection,N,Non-Junction,None,,,         ,Coleman,Womack,Clear,"Sideswipe, Same Direction",no,no,no,no,yes,False
102716593,METROPOLITAN NASHVILLE POLICE DEPT,20200378853,Davidson,Nashville,5/30/2020 1:11:00 AM,2,0,0,36.153260,-86.794020,17TH AVE S,,,,14.00,Feet,North,US HWY 431,,,,0.00,N,Not at Intersection, ,Non-Junction,None,,,         ,John,Frazier,Clear,Other,no,no,no,no,no,False
102716595,METROPOLITAN NASHVILLE POLICE DEPT,20200378893,Davidson,Nashville,5/30/2020 1:40:00 AM,2,0,0,36.134430,-86.727110,I 24,,,,0.00,,,,,,,52.10,N,Not at Intersection,N,Non-Junction,None,,,         ,Garrett,Reingardt,Clear,"Sideswipe, Same Direction",no,no,no,no,yes,False
102716606,METROPOLITAN NASHVILLE POLICE DEPT,20200378645,Davidson,Nashville,5/29/2020 11:10:00 PM,2,0,0,36.066670,-86.717940,NORTHCREST DR,,,,0.00,Feet,,NOLENSVILLE PKE,,,,0.00,Y,Four-Way,Y,Intersection,None,,,         ,Ricardo,Cruz,Clear,Angle,no,no,no,no,yes,False
102716607,METROPOLITAN NASHVILLE POLICE DEPT,20200378843,Davidson,Nashville,5/30/2020 1:00:00 AM,1,1,0,36.039740,-86.755680,OLD HICKORY BLVD,,,,484.00,Feet,West,BARRINGTON PLACE DR,,,,0.00,N,Not at Intersection,N,Non-Junction,None,,,         ,Ricardo,Cruz,Clear,Not Collision with Motor Vehicle in Transport,no,no,no,no,no,False
102716609,METROPOLITAN NASHVILLE POLICE DEPT,20200373791,Davidson,Nashville,5/27/2020 11:00:00 PM,1,0,0,36.028650,-86.678410,DEER VALLEY TRL,,,,193.00,Feet,North,PETTUS RD,,,,0.00,N,Not at Intersection,N,Non-Junction,None,,,         ,William,Boler,Clear,Not Collision with Motor Vehicle in Transport,no,no,no,no,yes,False
102716618,METROPOLITAN NASHVILLE POLICE DEPT,20200379027,Davidson,Nashville,5/30/2020 1:45:00 AM,2,0,0,36.167940,-86.818370,JEFFERSON ST,,,,88.00,Feet,East,27TH AVN,,,,0.00,N,Not at Intersection,N,Non-Junction,None,,,         ,Ian,Ward,Clear,"Sideswipe, Same Direction",no,no,no,yes,yes,False
102716667,METROPOLITAN NASHVILLE POLICE DEPT,20200379279,Davidson,Nashville,5/30/2020 12:00:00 AM,2,0,0,36.077080,-86.725590,EDMONDSON PKE,,,,10.00,Feet,West,WALLACE RD,,,,0.00,N,Not at Intersection, ,Non-Junction,None,,,         ,Joel,Cottrill,Clear,Angle,no,no,no,no,yes,False
102716669,BELLE MEADE POLICE DEPT,20-0102,Davidson,Belle Meade,5/29/2020 3:15:00 PM,2,0,0,36.090500,-86.860030,BELLE MEADE BLVD,,,,20.00,Feet,West,TYNE BLVD,,,,0.00,N,Not at Intersection, ,,None,,,         ,Wes,Bowker,,,no,no,no,no,no,False
102716680,METROPOLITAN NASHVILLE POLICE DEPT,20200379224,Davidson,Nashville,5/30/2020 7:05:00 AM,2,0,0,36.237710,-86.785890,I 24,,,,0.00,,,,,,,43.60,N,Not at Intersection,Y,Entrance/Exit Ramp Related,None,,,         ,Broderick,Jones,Clear,Angle,no,no,no,no,yes,False
102716712,METROPOLITAN NASHVILLE POLICE DEPT,20200379396,Davidson,Nashville,5/30/2020 9:16:00 AM,2,0,0,36.187040,-86.631110,CENTRAL PKE,,,,0.00,,,LEBANON PKE,,,,0.00,Y,Four-Way, ,Intersection,None,,,         ,Roger,Luther,Clear,Front to Rear,no,no,no,no,no,False
102716719,METROPOLITAN NASHVILLE POLICE DEPT,20200379366,Davidson,Nashville,5/30/2020 8:57:00 AM,3,2,0,36.082110,-86.761700,SIDCO DR,,,,2.00,Feet,North,HARDING PL,,,,0.00,N,Not at Intersection,N,Entrance/Exit Ramp Related,None,,,         ,Devin,Mabry,Clear,Other,no,no,no,no,no,False
102716724,METROPOLITAN NASHVILLE POLICE DEPT,20200379454,Davidson,Nashville,5/30/2020 9:22:00 AM,1,0,0,36.234390,-86.801120,BRILEY PKWYW,,,,703.00,Feet,East,BRILEY PKWYE,,,,0.00,N,Not at Intersection,N,Non-Junction,None,,,         ,James,Wray,Clear,Not Collision with Motor Vehicle in Transport,no,no,no,no,no,False
102716729,METROPOLITAN NASHVILLE POLICE DEPT,20200379491,Davidson,Nashville,5/30/2020 9:30:00 AM,2,0,0,36.113390,-86.773610,I440 W ENT RAMP,,,,0.00,,,I65 S ENT RAMP,,,,0.00,Y,OTHER,Y,Entrance/Exit Ramp Related,None,,,         ,Jackson,Smythe,Clear,"Sideswipe, Same Direction",no,no,no,no,yes,False
102716758,METROPOLITAN NASHVILLE POLICE DEPT,20200379498,Davidson,Nashville,5/30/2020 10:38:00 AM,2,0,0,36.153210,-86.769530,2ND AVS,,,,22.00,Feet,South,ASH ST,,,,0.00,N,Not at Intersection, ,,None,,,         ,Shedie,Herbert III,,,no,no,no,no,no,False
102716781,METROPOLITAN NASHVILLE POLICE DEPT,20200379436,Davidson,Nashville,5/30/2020 9:53:00 AM,2,0,0,36.082100,-86.761700,HARDING PL,,,,0.00,Feet,,SIDCO DR,,,,0.00,Y,Four-Way,Y,Intersection-Related,None,,,         ,Joel,Cottrill,Clear,Front to Rear,no,no,no,no,no,False
102716782,METROPOLITAN NASHVILLE POLICE DEPT,20200379317,Davidson,Not in City Limit,5/29/2020 1:07:00 AM,1,0,0,36.257320,-86.699550,CARMEL AV,,,,0.00,,,LANIER DR,,,,0.00,Y,OTHER,N,Non-Junction,None,,,         ,Eric,Richardson,Clear,Not Collision with Motor Vehicle in Transport,no,no,no,no,yes,False
102716806,METROPOLITAN NASHVILLE POLICE DEPT,20200379641,Davidson,Nashville,5/30/2020 11:45:00 AM,2,0,0,36.161280,-86.792490,CHARLOTTE AV,,,,61.00,Feet,East,GEORGE L DAVIS BLVD,,,,0.00,N,Not at Intersection, ,Non-Junction,None,,,         ,Rachel,Susee,Clear,"Sideswipe, Same Direction",no,no,no,no,yes,False
102716809,METROPOLITAN NASHVILLE POLICE DEPT,20200379637,Davidson,Nashville,5/30/2020 12:00:00 PM,2,1,0,36.063750,-86.717060,US HWY 31 ALT,,,,325.00,Feet,North,FAIRLANE DR,,,,0.00,N,Not at Intersection,N,Non-Junction,None,,,         ,William,Burnett,Clear,Angle,no,no,no,no,no,False
102716813,METROPOLITAN NASHVILLE POLICE DEPT,20200379212,Davidson,Not in City Limit,5/30/2020 6:00:00 AM,2,0,0,36.261600,-86.677850,SANDHURST DR,,,,0.00,,,E OLD HICKORY BLVD,,,,0.00,Y,OTHER,N,Non-Junction,None,,,         ,Nathan,Mayo,Clear,"Sideswipe, Opposite Direction",no,no,no,no,no,False
102716836,METROPOLITAN NASHVILLE POLICE DEPT,20200379621,Davidson,Nashville,5/30/2020 12:03:00 PM,2,0,0,36.245220,-86.761640,SKYLINE COMMONS PVTDR,,,,0.00,Feet,East,DOVERSIDE DR,,,,0.00,N,Not at Intersection,N,Non-Junction,None,,,         ,Broderick,Jones,Clear,Angle,no,no,no,yes,yes,False
102716837,METROPOLITAN NASHVILLE POLICE DEPT,20200379638,Davidson,Nashville,5/30/2020 12:27:00 PM,2,0,0,36.072300,-86.636600,MURFREESBORO PKE,,,,200.00,Feet,North,BELL RD,,,,0.00,N,Not at Intersection, ,Non-Junction,None,,,         ,MIchael,Mihajlov,Clear,"Sideswipe, Same Direction",no,no,no,no,no,False
102716838,METROPOLITAN NASHVILLE POLICE DEPT,20200379684,Davidson,Nashville,5/30/2020 12:24:00 PM,2,0,0,36.192710,-86.744370,DOUGLAS AV,,,,0.00,,,GALLATIN AV,,,,0.00,Y,OTHER, ,Non-Junction,None,,,         ,Torrance,Bennett,Clear,Front to Rear,no,no,no,no,no,False
102716846,METROPOLITAN NASHVILLE POLICE DEPT,20200379648,Davidson,Nashville,5/30/2020 12:38:00 PM,2,0,0,36.152450,-86.771330,ASH ST,,,,83.00,Feet,East,4TH AVS,,,,0.00,N,Not at Intersection,N,Non-Junction,None,,,         ,Harold,Wells,Clear,Front to Rear,no,no,no,no,yes,False
102716859,METROPOLITAN NASHVILLE POLICE DEPT,20200379260,Davidson,Nashville,5/30/2020 7:33:00 AM,1,1,0,36.146450,-86.763050,TRIMBLE ST,,,,8.00,Feet,East,WHARF AVE,,,,0.00,N,Not at Intersection,N,Non-Junction,None,,,         ,James,Thomas,Clear,Not Collision with Motor Vehicle in Transport,no,no,no,no,no,False
102716888,METROPOLITAN NASHVILLE POLICE DEPT,20200379642,Davidson,Nashville,5/30/2020 12:13:00 PM,2,0,0,36.045510,-86.711820,OLD HICKORY BLVD,,,,500.00,Feet,East,NOLENSVILLE PKE,,,,0.00,N,Not at Intersection,N,Non-Junction,None,,,         ,Caleb,Jernigan,Clear,Angle,no,no,no,yes,no,False
102716916,METROPOLITAN NASHVILLE POLICE DEPT,20200379652,Davidson,Nashville,5/30/2020 12:38:00 PM,4,2,0,36.147010,-86.757040,LAFAYETTE ST,,,,281.00,Feet,East,FAIRFIELD AV,,,,0.00,N,Not at Intersection,N,Non-Junction,None,,,         ,Brian,Sherman,Clear,Front to Rear,no,no,no,no,no,False
102716932,METROPOLITAN NASHVILLE POLICE DEPT,20200379805,Davidson,Nashville,5/30/2020 2:45:00 PM,2,0,0,36.142400,-86.709300,I 40,,,,0.00,,,,,,,214.25,N,Not at Intersection,N,Non-Junction,None,,,         ,Reagan,Heath,Clear,Front to Rear,no,no,no,no,yes,False
102716933,METROPOLITAN NASHVILLE POLICE DEPT,20200379823,Davidson,Nashville,5/30/2020 2:09:00 PM,2,0,0,36.188400,-86.614080,OLD HICKORY BLVD,,,,569.00,Feet,West,OLD LEBANON DIRT RD,,,,0.00,N,Not at Intersection, ,,None,,,         ,Terence,Mitchell,,,no,no,no,no,no,False
102716938,METROPOLITAN NASHVILLE POLICE DEPT,20200379846,Davidson,Nashville,5/30/2020 3:27:00 PM,1,1,0,36.244570,-86.760400,SKYLINE COMMONS PVTDR,,,,0.00,Feet,East,DOVERSIDE DR,,,,0.00,N,Not at Intersection,N,Non-Junction,None,,,         ,Jarret,Sonnenberg,Clear,Not Collision with Motor Vehicle in Transport,yes,no,no,yes,no,False
102716939,METROPOLITAN NASHVILLE POLICE DEPT,20200379739,Davidson,Nashville,5/30/2020 2:00:00 PM,2,0,0,36.252280,-86.717440,GALLATIN PKES,,,,149.00,Feet,North,E WEBSTER ST,,,,0.00,N,Not at Intersection, ,,None,,,         ,William,Badger,,,no,no,no,no,no,False
102716942,METROPOLITAN NASHVILLE POLICE DEPT,20200379814,Davidson,Nashville,5/30/2020 3:00:00 PM,2,0,0,36.206310,-86.768450,DICKERSON PKE,,,,160.00,Feet,North,E TRINITY LN,,,,0.00,N,Not at Intersection,N,Non-Junction,None,,,         ,Donovan,Coble,Clear,Front to Rear,no,no,no,no,no,False
102716943,METROPOLITAN NASHVILLE POLICE DEPT,20200379834,Davidson,Nashville,5/30/2020 12:00:00 AM,2,0,0,36.213330,-86.711560,GREENLAND AV,,,,82.00,Feet,North,MCGAVOCK PKE,,,,0.00,N,Not at Intersection,N,Non-Junction,None,,,         ,Christopher,Beery,Unknown,Unknown,no,no,no,no,yes,False
102716944,METROPOLITAN NASHVILLE POLICE DEPT,20200379840,Davidson,Nashville,5/30/2020 2:06:00 PM,2,2,0,36.253220,-86.716800,GALLATIN PKES,,,,0.00,,,MADISON SQ,,,,0.00,Y,Four-Way,Y,Intersection-Related,None,,,         ,Benjamin,Williams,Clear,Front to Rear,no,no,no,no,no,False
102716959,METROPOLITAN NASHVILLE POLICE DEPT,20200379836,Davidson,Nashville,5/30/2020 3:20:00 PM,2,0,0,36.166230,-86.765790,I24 E EXT RAMP,,,,0.00,Feet,East,I 24,,,,0.00,N,Not at Intersection,Y,Non-Junction,None,,,         ,Alexander,Hartle,Clear,Angle,no,no,no,no,no,False
102716985,METROPOLITAN NASHVILLE POLICE DEPT,20200379706,Davidson,Nashville,5/30/2020 1:30:00 PM,3,2,0,36.194970,-86.830050,BUENA VISTA PKE,,,,173.00,Feet,North,RESHA LN,,,,0.00,N,Not at Intersection,N,Non-Junction,None,,,         ,James,Wray,Clear,Front to Rear,no,no,no,no,yes,False
102716988,METROPOLITAN NASHVILLE POLICE DEPT,20200379871,Davidson,Nashville,5/30/2020 3:35:00 PM,2,0,0,36.130650,-86.898750,CHARLOTTE PKE,,,,634.00,Feet,East,CABOT DR,,,,0.00,N,Not at Intersection, ,Non-Junction,None,,,         ,Michael,Sipos,Clear,Front to Rear,no,no,no,no,no,False
102716995,METROPOLITAN NASHVILLE POLICE DEPT,20200379907,Davidson,Nashville,5/30/2020 4:00:00 PM,2,1,0,36.209520,-86.713660,MCGAVOCK PKE,,,,33.00,Feet,South,ARDEE AV,,,,0.00,N,Not at Intersection,N,Non-Junction,None,,,         ,Christopher,Beery,Clear,Front to Rear,no,no,no,no,no,False
102717001,METROPOLITAN NASHVILLE POLICE DEPT,20200379972,Davidson,Nashville,5/30/2020 4:55:00 PM,1,1,0,36.151240,-86.804770,LOUISE AV,,,,126.00,Feet,North,ELLISTON PL,,,,0.00,N,Not at Intersection,N,Non-Junction,None,,,         ,FELIKS,ABRAHAMYAN,Clear,Not Collision with Motor Vehicle in Transport,no,no,no,no,no,False
102717002,METROPOLITAN NASHVILLE POLICE DEPT,20200379975,Davidson,Nashville,5/30/2020 3:56:00 PM,2,0,0,36.180050,-86.810330,BUCHANAN ST,,,,163.00,Feet,West,16TH AVN,,,,0.00,N,Not at Intersection,N,Non-Junction,None,,,         ,Anna,Clayton,Clear,Rear to Side,no,no,no,no,yes,False
102717044,METROPOLITAN NASHVILLE POLICE DEPT,20200380063,Davidson,Antioch,5/30/2020 3:45:00 PM,3,0,0,36.047840,-86.612050,MURFREESBORO PKE,,,,1284.00,Feet,North,MOUNTAIN SPRINGS RD,,,,0.00,N,Not at Intersection, ,Non-Junction,None,,,         ,Joshua,Dale,Clear,Front to Rear,no,no,no,no,no,False
102717046,METROPOLITAN NASHVILLE POLICE DEPT,20200380056,Davidson,Nashville,5/30/2020 5:56:00 PM,1,0,0,36.203770,-86.740190,E TRINITY LN,,,,273.00,Feet,East,CASPER AV,,,,0.00,N,Not at Intersection,N,Non-Junction,None,,,         ,Marc,Kozen,Clear,Not Collision with Motor Vehicle in Transport,no,no,no,no,yes,False
102717052,METROPOLITAN NASHVILLE POLICE DEPT,20200379923,Davidson,Nashville,5/30/2020 4:18:00 PM,3,3,0,36.221890,-86.805090,US HWY 431,,,,280.00,Feet,North,REVELS DR,,,,0.00,N,Not at Intersection,N,Non-Junction,None,,,         ,Chase,Harriman,Clear,HeadOn,no,no,no,no,no,False
102717072,METROPOLITAN NASHVILLE POLICE DEPT,20200380094,Davidson,Not in City Limit,5/30/2020 5:10:00 PM,2,0,0,36.260890,-86.712660,GALLATIN PKES,,,,133.00,Feet,South,MAPLE ST,,,,0.00,N,Not at Intersection, ,Non-Junction,None,,,         ,Dylan,Bradley,Clear,Angle,no,no,no,no,no,False
102717076,METROPOLITAN NASHVILLE POLICE DEPT,20200380060,Davidson,Nashville,5/30/2020 5:50:00 PM,2,1,0,36.150750,-86.800670,WEST END AV,,,,190.00,Feet,East,21ST AVN,,,,0.00,N,Not at Intersection,N,Non-Junction,Construction Zone,,,         ,Melissa,Lomax,Clear,"Sideswipe, Same Direction",no,no,no,no,no,Campus
102717125,METROPOLITAN NASHVILLE POLICE DEPT,20200380059,Davidson,Nashville,5/30/2020 5:57:00 PM,2,1,0,36.135540,-86.724720,MURFREESBORO PKE,,,,133.00,Feet,East,I24 W EXT RAMP,,,,0.00,N,Not at Intersection,N,Non-Junction,None,,,         ,Michael,Fox,Clear,"Sideswipe, Same Direction",no,no,no,no,yes,False
102717136,METROPOLITAN NASHVILLE POLICE DEPT,20200380027,Davidson,Nashville,5/30/2020 5:30:00 PM,2,0,0,36.147660,-86.758260,LEWIS ST,,,,0.00,,,,,,,0.00,,,N,Non-Junction,None,,,         ,Peter,Kinsey,Clear,Rear to Side,no,no,no,yes,yes,False
102717164,METROPOLITAN NASHVILLE POLICE DEPT,20200380197,Davidson,Nashville,5/30/2020 7:58:00 PM,1,1,0,36.125840,-86.826380,BOWLING AV,,,,0.00,,,BRIGHTON RD,,,,0.00,Y,T-Intersection,N,Intersection,None,,,         ,Matthew,Turppa,Clear,Not Collision with Motor Vehicle in Transport,no,no,no,no,no,False
102717180,METROPOLITAN NASHVILLE POLICE DEPT,20200380276,Davidson,Nashville,5/30/2020 9:10:00 PM,2,1,0,36.248320,-86.720140,GALLATIN PKES,,,,111.00,Feet,North,DUE WEST AVE,,,,0.00,N,Not at Intersection,N,Non-Junction,None,,,         ,Dylan,Bradley,Clear,Front to Rear,no,no,no,no,no,False
102717181,METROPOLITAN NASHVILLE POLICE DEPT,20200380189,Davidson,Nashville,5/30/2020 6:12:00 PM,3,1,0,36.172980,-86.764980,MAIN ST,,,,117.00,Feet,East,SPRING ST,,,,0.00,N,Not at Intersection,N,Non-Junction,None,,,         ,Tyler,Manivong,Clear,Front to Rear,no,no,no,no,yes,False
102717182,METROPOLITAN NASHVILLE POLICE DEPT,20200380243,Davidson,Nashville,5/30/2020 8:45:00 PM,2,1,0,36.263820,-86.704460,STATE RT 45,,,,0.00,,,DELAWARE AV,,,,0.00,Y,Four-Way,Y,Intersection,None,,,         ,Zachary,Scott,Clear,Angle,no,no,no,no,no,False
102717206,METROPOLITAN NASHVILLE POLICE DEPT,20200380271,Davidson,Nashville,5/30/2020 8:45:00 PM,2,0,0,36.150410,-86.762240,CHARLES E DAVIS BLVD,,,,207.00,Feet,South,CANNON ST,,,,0.00,N,Not at Intersection,N,Non-Junction,None,,,         ,Peter,Kinsey,Clear,"Sideswipe, Same Direction",no,no,no,no,yes,False
102717212,METROPOLITAN NASHVILLE POLICE DEPT,20200380215,Davidson,Nashville,5/30/2020 8:15:00 PM,2,1,0,36.233500,-86.758590,DICKERSON PKE,,,,132.00,Feet,North,MAPLEWOOD TRC,,,,0.00,N,Not at Intersection,N,Non-Junction,None,,,         ,Donovan,Coble,Clear,"Sideswipe, Same Direction",no,no,no,no,yes,False
102717274,METROPOLITAN NASHVILLE POLICE DEPT,20200380526,Davidson,Nashville,5/31/2020 1:07:00 AM,1,1,0,36.062320,-86.904630,HIGHWAY 100,,,,0.00,,,OLD HICKORY BLVD,,,,0.00,Y,Four-Way,N,Intersection,None,,,         ,Matthew,Turppa,Clear,Not Collision with Motor Vehicle in Transport,no,no,no,no,no,False
102717284,METROPOLITAN NASHVILLE POLICE DEPT,20200380176,Davidson,Nashville,5/30/2020 12:00:00 AM,3,1,0,36.142800,-86.744360,MURFREESBORO PKE,,,,0.00,Feet,,FESSLERS LN,,,,0.00,Y,Four-Way,Y,Intersection,None,,,         ,Douglas,Mann,Clear,Angle,no,no,no,no,no,False
102717305,METROPOLITAN NASHVILLE POLICE DEPT,20200380539,Davidson,Nashville,5/31/2020 12:00:00 AM,1,0,0,36.077550,-86.725150,WALLACE RD,,,,0.00,,,,,,,0.00,,,N,Non-Junction,None,,,         ,John,Braun,Clear,Not Collision with Motor Vehicle in Transport,no,no,no,yes,no,False
102717345,METROPOLITAN NASHVILLE POLICE DEPT,20200380667,Davidson,Nashville,5/31/2020 3:34:00 AM,2,1,0,36.109430,-86.728120,SOUTHLAKE DR,,,,0.00,,,STATE HWY 155,,,,0.00,Y,Four-Way,N,Intersection,None,,,         ,Robert,Leverick,Clear,Angle,no,no,no,no,no,False
102717355,METROPOLITAN NASHVILLE POLICE DEPT,20200379538,Davidson,Nashville,5/30/2020 10:51:00 AM,2,0,0,36.188140,-86.797510,DOMINICAN DR,,,,206.00,Feet,West,FRENCH LANDING DR,,,,0.00,N,Not at Intersection, ,"Driveway, Alley Access, etc",None,,,         ,Royce,McLester,Clear,"Sideswipe, Opposite Direction",no,no,no,no,no,False
102717391,METROPOLITAN NASHVILLE POLICE DEPT,20200379735,Davidson,Antioch,5/30/2020 1:58:00 PM,4,1,0,36.047840,-86.612050,MURFREESBORO,PIKE,,,0.00,,South,MT VIEW,RD,,,0.00,N,Not at Intersection,N,Non-Junction,None,,,         ,Michael,Moss,Clear,Front to Rear,no,no,no,no,yes,False
102717393,METROPOLITAN NASHVILLE POLICE DEPT,20200381028,Davidson,Nashville,5/31/2020 9:26:00 AM,2,0,0,36.100230,-86.711580,I 24,,,,0.00,,,,,,,54.55,N,Not at Intersection, ,Non-Junction,None,,,         ,Robert,Higgins,Clear,"Sideswipe, Same Direction",no,no,no,no,yes,False