master_record_number,agency,agency_tracking_number,county,city,collision_date,vehicles_involved,number_injured,number_dead,latitude,longitude,roadway_name,roadway_suffix,roadway_number,roadway_local_id,distance_from_reference,miles-feet_indicator,direction_from_reference,intersection_road_name,intersection_road_name_suffix,intersection_road_number,intersection_local_id,mile_marker,intersection_indicator,intersect_type,interchange_related_indicator,relation_to_junction,work_zone_type,construction_maintenance_zone,construction_maintenance_zone_location,fatal_case_number,officer_first_name,officer_last_name,weather_condition(s),manner_of_crash,pedestrian,bicycle,scooter,parking,hitrun,mou
102720095,METROPOLITAN NASHVILLE POLICE DEPT,20200389875,Davidson,Nashville,6/4/2020 6:45:00 PM,2,0,0,36.045220,-86.714790,BRENTWOOD EAST DR,,,,0.00,,,OLD HICKORY BLVD,,,,0.00,Y,T-Intersection,N,Intersection,None,,,         ,Brandon,Rardin,Clear,Angle,no,no,no,no,no,False
102720118,METROPOLITAN NASHVILLE POLICE DEPT,20200390032,Davidson,Nashville,6/4/2020 10:19:00 PM,1,0,0,36.073810,-86.662080,PEBBLE CREEK DR,,,,101.00,Feet,West,CYPRESS LEAF CT,,,,0.00,N,Not at Intersection,N,Non-Junction,None,,,         ,William,Williams,Rain,Not Collision with Motor Vehicle in Transport,no,no,no,yes,yes,False
102720143,METROPOLITAN NASHVILLE POLICE DEPT,20200390033,Davidson,Nashville,6/4/2020 10:24:00 PM,1,1,0,36.057860,-86.645690,RURAL HILL RD,,,,1183.00,Feet,East,TOOK LN,,,,0.00,N,Not at Intersection,N,Non-Junction,None,,,         ,David,Simmonds,Rain,Not Collision with Motor Vehicle in Transport,no,no,no,no,no,False
102720147,METROPOLITAN NASHVILLE POLICE DEPT,20200390142,Davidson,Nashville,6/4/2020 11:04:00 PM,2,0,0,36.114510,-86.724570,I 24,,,,0.00,,,,,,,53.30,N,Not at Intersection,N,Non-Junction,None,,,         ,Michael,Hodges,Rain,"Sideswipe, Same Direction",no,no,no,no,yes,False
102720153,METROPOLITAN NASHVILLE POLICE DEPT,20200390057,Davidson,Nashville,6/4/2020 10:24:00 PM,1,0,0,36.224730,-86.774520,I 65,,,,0.00,,,,,,,88.60,N,Not at Intersection,N,Non-Junction,None,,,         ,Abigail,Malone,Rain,Not Collision with Motor Vehicle in Transport,no,no,no,no,no,False
102720163,METROPOLITAN NASHVILLE POLICE DEPT,2020-0390049,Davidson,Nashville,6/4/2020 11:00:00 PM,3,0,0,36.206620,-86.776470,I 65,,,,0.00,,,,,,,87.30,N,Not at Intersection,N,Non-Junction,None,,,         ,Coleman,Womack,Rain,"Sideswipe, Same Direction",no,no,no,no,yes,False
102720178,METROPOLITAN NASHVILLE POLICE DEPT,20200390062,Davidson,Nashville,6/4/2020 11:12:00 PM,2,1,0,36.097250,-86.708900,I 24,,,,0.00,,,,,,,54.80,N,Not at Intersection,N,Non-Junction,None,,,         ,Kurt,Lewton,Rain,Angle,no,no,no,no,no,False
102720180,METROPOLITAN NASHVILLE POLICE DEPT,20200390302,Davidson,Nashville,6/4/2020 10:05:00 PM,1,0,0,36.141970,-86.674770,I 40,,,,0.00,,,,,,,215.00,N,Not at Intersection, ,Non-Junction,None,,,         ,Taylor,Hurley,Rain,Not Collision with Motor Vehicle in Transport,no,no,no,no,no,False
102720197,METROPOLITAN NASHVILLE POLICE DEPT,20200390238,Davidson,Nashville,6/5/2020 2:30:00 AM,2,1,0,36.096600,-86.641000,UNA RECREATION RD,,,,3.00,Feet,North,SMITH SPRINGS RD,,,,0.00,N,Not at Intersection,N,Non-Junction,None,,,         ,Thomas,Broatch,Cloudy,"Sideswipe, Opposite Direction",no,no,no,no,no,False
102720203,METROPOLITAN NASHVILLE POLICE DEPT,20200390287,Davidson,Nashville,6/5/2020 3:55:00 AM,3,0,0,36.146800,-86.740350,FESSLERS PKWY,,,,996.00,Feet,East,TWIN ELMS CT,,,,0.00,N,Not at Intersection,N,Non-Junction,None,,,         ,Kurt,Lewton,Clear,Angle,no,no,no,no,no,False
102720210,METROPOLITAN NASHVILLE POLICE DEPT,20200389726,Davidson,Nashville,6/4/2020 5:02:00 PM,2,0,0,36.090780,-86.625890,BELL RD,,,,239.00,Feet,East,SMITH SPRINGS RD,,,,0.00,N,Not at Intersection, ,Non-Junction,None,,,         ,Terry,Denton,Clear,Angle,no,no,no,no,no,False
102720215,METROPOLITAN NASHVILLE POLICE DEPT,20200390447,Davidson,Nashville,6/5/2020 7:14:00 AM,2,0,0,36.091360,-86.828670,HARDING PL,,,,50.00,Feet,West,HILLSBORO PKE,,,,0.00,N,Not at Intersection, ,Non-Junction,None,,,         ,Nathan,Kemp,Clear,Front to Rear,no,no,no,no,no,False
102720217,METROPOLITAN NASHVILLE POLICE DEPT,20200390433,Davidson,Nashville,6/5/2020 7:07:00 AM,2,0,0,36.203640,-86.776810,I 65,,,,0.00,,,,,,,87.10,N,Not at Intersection, ,,None,,,         ,James,Wray,,,no,no,no,no,no,False
102720223,METROPOLITAN NASHVILLE POLICE DEPT,20200398760,Davidson,Nashville,6/4/2020 5:00:00 PM,2,0,0,36.169410,-86.679480,LEBANON PKE,,,,123.00,Feet,East,MCGAVOCK PKE,,,,0.00,N,Not at Intersection, ,Non-Junction,None,,,         ,Mark,Sydenstricker,Clear,Angle,no,no,no,no,no,False
102720229,METROPOLITAN NASHVILLE POLICE DEPT,20200390478,Davidson,Nashville,6/5/2020 7:38:00 AM,1,0,0,36.155870,-86.642260,LAKELAND DR,,,,155.00,Feet,West,WAXHAW DR,,,,0.00,N,Not at Intersection,N,Non-Junction,None,,,         ,Michael,Dance,Cloudy,Not Collision with Motor Vehicle in Transport,no,no,no,no,yes,False
102720230,METROPOLITAN NASHVILLE POLICE DEPT,20200389719,Davidson,Nashville,6/4/2020 6:00:00 PM,1,0,0,36.166530,-86.795260,I 40,,,,0.00,,,,,,,208.30,N,Not at Intersection,N,Non-Junction,None,,,         ,Jean,McCormack,Rain,Not Collision with Motor Vehicle in Transport,no,no,no,no,no,False
102720238,METROPOLITAN NASHVILLE POLICE DEPT,20200389750,Davidson,Nashville,6/4/2020 6:35:00 PM,7,1,0,36.032430,-86.708160,BARNES RD,,,,0.00,,,CEDARMONT DR,,,,0.00,Y,T-Intersection,Y,Intersection-Related,None,,,         ,Han,Hong,Clear,Not Collision with Motor Vehicle in Transport,no,no,no,no,no,False
102720262,GOODLETTSVILLE POLICE DEPT,20-17649,Davidson,Goodlettsville,6/5/2020 9:22:00 AM,2,1,0,36.294570,-86.712460,GOLDIE DR,,,,2.00,Feet,East,GATES RD,,,,0.00,N,Not at Intersection,N,Non-Junction,None,,,         ,George,Forbes,Clear,Angle,no,no,no,no,no,False
102720264,METROPOLITAN NASHVILLE POLICE DEPT,20200390653,Davidson,Nashville,6/5/2020 10:01:00 AM,2,0,0,36.078580,-86.745130,HARDING PL,,,,50.00,Feet,East,DANBY DR,,,,0.00,N,Not at Intersection, ,Non-Junction,None,,,         ,Nathan,Kemp,Clear,Front to Rear,no,no,no,no,no,False
102720275,METROPOLITAN NASHVILLE POLICE DEPT,20200390662,Davidson,Nashville,6/5/2020 9:45:00 AM,2,0,0,36.154240,-86.757900,I24 W ENT RAMP,,,,0.00,,,I 40,,,,0.00,Y,Y-Intersection,N,Non-Junction,None,,,         ,Douglas,Smith,Clear,"Sideswipe, Same Direction",no,no,no,no,yes,False
102720276,METROPOLITAN NASHVILLE POLICE DEPT,20200390544,Davidson,Nashville,6/5/2020 8:38:00 AM,2,2,0,36.153840,-86.756080,HERMITAGE AV,,,,0.00,,,FAIRFIELD AV,,,,0.00,Y,Four-Way,N,Intersection,None,,,         ,Michael,Dance,Clear,Angle,no,no,no,no,no,False
102720288,METROPOLITAN NASHVILLE POLICE DEPT,20200390744,Davidson,Nashville,6/5/2020 11:05:00 AM,3,1,0,36.142050,-86.675930,I 40,,,,0.00,,,,,,,215.00,N,Not at Intersection,N,Non-Junction,None,,,         ,Michael,Dance,Clear,"Sideswipe, Same Direction",no,no,no,no,yes,False
102720297,METROPOLITAN NASHVILLE POLICE DEPT,20200390764,Davidson,Nashville,6/5/2020 11:04:00 AM,2,0,0,36.180870,-86.794910,7TH AVN,,,,98.00,Feet,South,GARFIELD ST,,,,0.00,N,Not at Intersection, ,,None,,,         ,Jordan,Vrbas,,,no,no,no,no,no,False
102720301,METROPOLITAN NASHVILLE POLICE DEPT,20200390854,Davidson,Nashville,6/5/2020 12:05:00 PM,2,0,0,36.152480,-86.802700,ELLISTON PL,,,,0.00,,,CHURCH ST,,,,0.00,Y,Four-Way,N,Intersection,None,,,         ,Nathan,Kemp,Clear,Angle,no,no,no,no,yes,Campus
102720306,METROPOLITAN NASHVILLE POLICE DEPT,20200390798,Davidson,Nashville,6/5/2020 11:29:00 AM,2,0,0,36.089220,-86.702670,I 24,,,,0.00,,,,,,,55.45,N,Not at Intersection, ,Non-Junction,None,,,         ,Charles,Wakefield,Clear,"Sideswipe, Same Direction",no,no,no,no,no,False
102720309,METROPOLITAN NASHVILLE POLICE DEPT,20200390859,Davidson,Not in City Limit,6/5/2020 12:05:00 PM,3,0,0,36.279350,-86.708830,GALLATIN PKEN,,,,0.00,,,ONE MILE PKWY,,,,0.00,Y,T-Intersection, ,,None,,,         ,Michelle,Steidl,,,no,no,no,no,no,False
102720315,METROPOLITAN NASHVILLE POLICE DEPT,20200390707,Davidson,Nashville,6/5/2020 10:41:00 AM,1,0,0,36.042640,-86.634860,MOUNT VIEW RD,,,,872.00,Feet,West,OLD FRANKLIN RD,,,,0.00,N,Not at Intersection,N,Non-Junction,None,,,         ,William,Burnett,Clear,Not Collision with Motor Vehicle in Transport,no,no,no,no,no,False
102720323,METROPOLITAN NASHVILLE POLICE DEPT,20200390915,Davidson,Nashville,6/5/2020 12:27:00 PM,2,0,0,36.050100,-86.716800,HICKORY PLZ,,,,331.00,Feet,South,OCALA DR,,,,0.00,N,Not at Intersection,N,Non-Junction,None,,,         ,Nathan,Kemp,Clear,Angle,no,no,no,yes,yes,False
102720327,METROPOLITAN NASHVILLE POLICE DEPT,20200389507,Davidson,Nashville,6/4/2020 2:20:00 PM,2,0,0,36.178820,-86.774390,N 1ST ST,,,,11.00,Feet,South,I24 E EXT RAMP,,,,0.00,N,Not at Intersection,N,Non-Junction,None,,,         ,Brandon,O'Guin,Clear,"Sideswipe, Same Direction",no,no,no,no,no,False
102720331,METROPOLITAN NASHVILLE POLICE DEPT,20200390910,Davidson,Nashville,6/5/2020 12:33:00 PM,1,1,0,36.152760,-86.826700,CHARLOTTE AV,,,,0.00,,,35TH AVN,,,,0.00,Y,T-Intersection,N,Intersection,None,,,         ,Curtis,Rich,Clear,Not Collision with Motor Vehicle in Transport,no,yes,no,no,no,False
102720347,METROPOLITAN NASHVILLE POLICE DEPT,2020-0389740,Davidson,Nashville,6/4/2020 5:25:00 PM,2,0,0,36.198990,-86.776470,I 65,,,,0.00,,,,,,,86.80,N,Not at Intersection,N,Non-Junction,None,,,         ,Tanner,Ward,Cloudy,Front to Rear,no,no,no,no,yes,False
102720353,METROPOLITAN NASHVILLE POLICE DEPT,20200390936,Davidson,Nashville,6/5/2020 12:19:00 PM,2,0,0,36.161560,-86.619630,I 40,,,,0.00,,,,,,,219.65,N,Not at Intersection,N,Non-Junction,None,,,         ,Michael,Brooks,Clear,Front to Rear,no,no,no,no,yes,False
102720376,METROPOLITAN NASHVILLE POLICE DEPT,20200390933,Davidson,Nashville,6/5/2020 12:53:00 PM,2,0,0,36.189120,-86.593220,OLD LEBANON DIRT RD,,,,0.00,,,TULIP GROVE RD,,,,0.00,Y,Four-Way, ,Intersection,None,,,         ,Ian,Hammond,Clear,Angle,no,no,no,no,no,False
102720378,METROPOLITAN NASHVILLE POLICE DEPT,20200390979,Davidson,Nashville,6/5/2020 1:28:00 PM,2,0,0,36.170060,-86.593100,I 40,,,,0.00,,,,,,,221.30,N,Not at Intersection, ,Non-Junction,None,,,         ,Michael,Dance,Clear,Not Collision with Motor Vehicle in Transport,no,no,no,no,no,False
102720379,METROPOLITAN NASHVILLE POLICE DEPT,20200390869,Davidson,Nashville,6/5/2020 12:21:00 PM,2,1,0,36.151090,-86.768150,2ND AVE S,,,,0.00,,,US HWY 41,,,,0.00,Y,OTHER,N,Intersection-Related,None,,,         ,Jason,Thomas,Clear,Angle,no,no,no,no,no,False
102720383,METROPOLITAN NASHVILLE POLICE DEPT,20200391008,Davidson,Nashville,6/5/2020 1:50:00 PM,2,0,0,36.130070,-86.900780,CHARLOTTE PKE,,,,0.00,,,CABOT DR,,,,0.00,Y,Four-Way, ,Intersection-Related,None,,,         ,Curtis,Rich,Cloudy,Angle,no,no,no,no,no,False
102720384,METROPOLITAN NASHVILLE POLICE DEPT,20200390958,Davidson,Nashville,6/5/2020 1:15:00 PM,2,0,0,36.209340,-86.599070,ALBANY DR,,,,187.00,Feet,South,BATON ROUGE DR,,,,0.00,N,Not at Intersection,N,Non-Junction,None,,,         ,Michael,Brooks,Clear,Other,no,no,no,no,yes,False
102720401,METROPOLITAN NASHVILLE POLICE DEPT,20200391024,Davidson,Nashville,6/5/2020 1:59:00 PM,2,0,0,36.214610,-86.604660,LEBANON PKE,,,,0.00,,,SHUTE LN,,,,0.00,Y,T-Intersection,N,Intersection,None,,,         ,Michael,Dance,Clear,Rear to Side,no,no,no,no,yes,False
102720406,METROPOLITAN NASHVILLE POLICE DEPT,20200390996,Davidson,Nashville,6/5/2020 1:20:00 PM,2,0,0,36.186560,-86.613270,OLD HICKORY BLVD,,,,743.00,Feet,South,ANDREW JACKSON PKWY,,,,0.00,N,Not at Intersection,N,Non-Junction,None,,,         ,MIchael,Mihajlov,Clear,Front to Rear,no,no,no,no,no,False
102720407,METROPOLITAN NASHVILLE POLICE DEPT,20200390911,Davidson,Nashville,6/5/2020 12:39:00 PM,2,3,0,36.156010,-86.788850,BROADWAY,,,,0.00,,,I40 W ENT RAMP,,,,0.00,Y,Four-Way,N,Intersection,None,,,         ,Shedie,Herbert III,Clear,Angle,no,no,no,no,no,False
102720444,THP District 6 - Cookeville,320036558,Davidson,Nashville,6/4/2020 10:23:00 PM,1,0,0,36.192420,-86.776890,I 65,,,,0.00,,,,,,,86.50,N,Not at Intersection,N,Non-Junction,None,,,         ,Adam,Cothron,Rain,Not Collision with Motor Vehicle in Transport,no,no,no,no,no,False
102720463,METROPOLITAN NASHVILLE POLICE DEPT,20200390758,Davidson,Nashville,6/5/2020 11:12:00 AM,2,1,0,36.086830,-86.695940,STATE HWY 255,,,,0.00,,,METROPLEX DR,,,,0.00,Y,Four-Way,N,Intersection-Related,None,,,         ,Brian,Sherman,Clear,Angle,no,no,no,no,no,False
102720516,METROPOLITAN NASHVILLE POLICE DEPT,20200391098,Davidson,Not in City Limit,6/5/2020 12:00:00 AM,2,1,0,36.277040,-86.801160,I24 E EXT RAMP,,,,0.00,Feet,East,I 24,,,,0.00,N,Not at Intersection,N,Entrance/Exit Ramp Related,None,,,         ,Melvin,Taylor,Clear,Front to Rear,no,no,no,no,no,False
102720525,METROPOLITAN NASHVILLE POLICE DEPT,20200391072,Davidson,Nashville,6/5/2020 2:46:00 PM,2,0,0,36.203550,-86.738530,GALLATIN PKE,,,,0.00,,,E TRINITY LN,,,,0.00,Y,T-Intersection,N,Intersection,None,,,         ,Randy,Puckett,Clear,Angle,no,no,no,no,no,False
102720529,METROPOLITAN NASHVILLE POLICE DEPT,20200391081,Davidson,Nashville,6/5/2020 2:45:00 PM,2,2,0,36.078910,-86.728360,HARDING PL,,,,647.00,Feet,East,COVENTRY DR,,,,0.00,N,Not at Intersection,N,Non-Junction,None,,,         ,Jacob,Robbins,Clear,Angle,no,no,no,no,no,False
102720539,METROPOLITAN NASHVILLE POLICE DEPT,20200391144,Davidson,Nashville,6/5/2020 2:33:00 PM,2,1,0,36.030250,-86.612610,LOGISTICS WAY,,,,0.00,,,OLD HICKORY BLVD,,,,0.00,Y,Y-Intersection, ,Non-Junction,None,,,         ,Edward,Starke,Clear,Front to Rear,no,no,no,no,no,False
102720546,METROPOLITAN NASHVILLE POLICE DEPT,20200391281,Davidson,Nashville,6/5/2020 1:50:00 PM,2,0,0,36.047660,-86.655750,BELL RD,,,,68.00,Feet,East,HICKORY HOLLOW PKWY,,,,0.00,N,Not at Intersection,N,Non-Junction,None,,,         ,Joel,Bennett,Clear,"Sideswipe, Same Direction",no,no,no,no,yes,False
102720547,METROPOLITAN NASHVILLE POLICE DEPT,20200391260,Davidson,Nashville,6/5/2020 4:10:00 PM,2,0,0,36.194060,-86.831870,US HWY 41 ALT,,,,246.00,Feet,West,BUENA VISTA PIKE,,,,0.00,N,Not at Intersection,N,Non-Junction,None,,,         ,Chase,Harriman,Clear,Angle,no,no,no,no,yes,False
102720548,METROPOLITAN NASHVILLE POLICE DEPT,20200391211,Davidson,Nashville,6/5/2020 3:27:00 PM,2,0,0,36.096400,-86.703700,ANTIOCH PKE,,,,963.00,Feet,East,METROPLEX DR,,,,0.00,N,Not at Intersection,N,Non-Junction,None,,,         ,Edward,Starke,Clear,Front to Rear,no,no,no,no,yes,False
102720557,METROPOLITAN NASHVILLE POLICE DEPT,20200391283,Davidson,Nashville,6/5/2020 4:35:00 PM,2,0,0,36.180310,-86.797000,GARFIELD ST,,,,193.00,Feet,East,NASSAU ST,,,,0.00,N,Not at Intersection,N,Non-Junction,None,,,         ,Jerica,Gladston,Clear,"Sideswipe, Same Direction",no,no,no,no,yes,False
102720566,METROPOLITAN NASHVILLE POLICE DEPT,20200391299,Davidson,Nashville,6/5/2020 4:24:00 PM,2,0,0,36.075070,-86.919130,HIGHWAY 70S,,,,23.00,Feet,West,BELLE FOREST SHOPPING CENTER P,,,,0.00,N,Not at Intersection, ,,None,,,         ,Devonte,Coleman,,,no,no,no,no,no,False
102720572,METROPOLITAN NASHVILLE POLICE DEPT,20200391338,Davidson,Not in City Limit,6/5/2020 5:04:00 PM,2,0,0,36.263070,-86.711920,STATE RT 45,,,,0.00,,,OLD HICKORY BLVDW,,,,0.00,Y,Four-Way,N,Intersection,None,,,         ,Christopher,Littles,Clear,Front to Rear,no,no,no,no,no,False
102720577,METROPOLITAN NASHVILLE POLICE DEPT,20200391308,Davidson,Not in City Limit,6/5/2020 4:50:00 PM,2,0,0,36.261420,-86.712470,GALLATIN PKES,,,,69.00,Feet,North,MAPLE ST,,,,0.00,N,Not at Intersection,N,Non-Junction,None,,,         ,Dylan,Bradley,Clear,Front to Rear,no,no,no,no,yes,False
102720584,METROPOLITAN NASHVILLE POLICE DEPT,20200391326,Davidson,Nashville,6/5/2020 4:50:00 PM,2,0,0,36.161280,-86.620080,I 40,,,,0.00,,,,,,,219.65,N,Not at Intersection, ,Non-Junction,None,,,         ,Zaire,Murray,Clear,Front to Rear,no,no,no,no,yes,False
102720589,METROPOLITAN NASHVILLE POLICE DEPT,20200391280,Davidson,Nashville,6/5/2020 4:15:00 PM,2,0,0,36.109690,-86.671460,KNAPP BLVD,,,,0.00,,,DONELSON PKE,,,,0.00,Y,Four-Way, ,Non-Junction,None,,,         ,Jacob,Ross,Clear,Angle,no,no,no,no,no,False
102720591,METROPOLITAN NASHVILLE POLICE DEPT,20200391341,Davidson,Nashville,6/5/2020 4:55:00 PM,4,1,0,36.149180,-86.822350,I 440,,,,0.00,,,,,,,1.40,N,Not at Intersection,N,Non-Junction,Construction Zone,Other,Activity Area,         ,Douglas,Sykes,Clear,Front to Rear,no,no,no,no,yes,False
102720593,METROPOLITAN NASHVILLE POLICE DEPT,20200391431,Davidson,Nashville,6/5/2020 5:00:00 PM,2,0,0,36.147960,-86.859690,OCEOLA AV,,,,1.00,Feet,East,LENOX AV,,,,0.00,N,Not at Intersection,N,Non-Junction,None,,,         ,Devonte,Coleman,Clear,Unknown,no,no,no,yes,yes,False
102720616,METROPOLITAN NASHVILLE POLICE DEPT,20200391361,Davidson,Nashville,6/5/2020 5:20:00 PM,2,0,0,36.150780,-86.766610,1ST AVS,,,,293.00,Feet,West,LAFAYETTE ST,,,,0.00,N,Not at Intersection, ,Non-Junction,None,,,         ,Jason,Milyaro Lucas,Clear,Angle,no,no,no,no,no,False
102720617,METROPOLITAN NASHVILLE POLICE DEPT,20200391454,Davidson,Nashville,6/5/2020 6:00:00 PM,2,0,0,36.168380,-86.688330,LEBANON PKE,,,,109.00,Feet,West,BRILEY PKWYN,,,,0.00,N,Not at Intersection, ,,None,,,         ,Evan,Grace,,,no,no,no,no,no,False
102720620,METROPOLITAN NASHVILLE POLICE DEPT,20200391277,Davidson,Nashville,6/5/2020 4:14:00 PM,2,0,0,36.153280,-86.764210,I 40,,,,0.00,,,,,,,210.75,N,Not at Intersection, ,,None,,,         ,Derek,Sibley,,,no,no,no,no,no,False
102720621,METROPOLITAN NASHVILLE POLICE DEPT,20200391337,Davidson,Nashville,6/5/2020 4:14:00 PM,2,0,0,36.153410,-86.763870,I 40,,,,0.00,,,,,,,210.75,N,Not at Intersection, ,,None,,,         ,Derek,Sibley,,,no,no,no,no,no,False
102720657,METROPOLITAN NASHVILLE POLICE DEPT,20200391297,Davidson,Nashville,6/5/2020 4:40:00 PM,2,0,0,36.042890,-86.606590,MURFREESBORO PKE,,,,16.00,Feet,North,HOBSON PKE,,,,0.00,N,Not at Intersection,N,Non-Junction,None,,,         ,Luis,Pena,Clear,Front to Rear,no,no,no,no,yes,False
102720663,METROPOLITAN NASHVILLE POLICE DEPT,20200391285,Davidson,Antioch,6/5/2020 12:00:00 AM,2,2,0,36.042820,-86.606620,HOBSON PKE,,,,22.00,Feet,West,MURFREESBORO PKE,,,,0.00,N,Not at Intersection,N,Non-Junction,None,,,         ,Maccio,Hightower,Clear,Angle,no,no,no,no,yes,False
102720671,METROPOLITAN NASHVILLE POLICE DEPT,20200391458,Davidson,Nashville,6/5/2020 6:14:00 PM,2,0,0,36.063320,-86.637390,BELL CREST DR,,,,0.00,Feet,,BELL RD,,,,0.00,Y,Four-Way, ,Intersection-Related,None,,,         ,Edward,Starke,Clear,Angle,no,no,no,no,no,False
102720689,METROPOLITAN NASHVILLE POLICE DEPT,20200391561,Davidson,Nashville,6/5/2020 7:24:00 PM,1,1,0,36.197670,-86.776270,I 65,,,,0.00,,,,,,,86.70,N,Not at Intersection,N,Non-Junction,None,,,         ,Richard,Conger,Clear,Not Collision with Motor Vehicle in Transport,no,no,no,no,no,False
102720690,METROPOLITAN NASHVILLE POLICE DEPT,20200391610,Davidson,Nashville,6/5/2020 8:00:00 PM,2,0,0,36.139830,-86.760730,OLD RADNOR CAR LINE,,,,46.00,Feet,East,2ND AVS,,,,0.00,N,Not at Intersection,N,Non-Junction,None,,,         ,John,Walden,Clear,HeadOn,no,no,no,no,yes,False
102720694,METROPOLITAN NASHVILLE POLICE DEPT,20200391247,Davidson,Nashville,6/5/2020 4:00:00 PM,2,0,0,36.210250,-86.877720,ASHLAND CITY HWY,,,,210.00,Feet,East,AMY LYNN DR,,,,0.00,N,Not at Intersection,N,Non-Junction,None,,,         ,Jeremy,Spoonemore,Clear,Front to Rear,no,no,no,no,yes,False
102720713,METROPOLITAN NASHVILLE POLICE DEPT,20200391657,Davidson,Nashville,6/5/2020 8:30:00 PM,2,1,0,36.137410,-86.726580,I40 E ENT RAMP,,,,0.00,Feet,East,I 24,,,,0.00,N,Not at Intersection,N,Non-Junction,None,,,         ,Jacob,Ross,Clear,Front to Rear,no,no,no,no,yes,False
102720714,METROPOLITAN NASHVILLE POLICE DEPT,20200391099,Davidson,Not in City Limit,6/5/2020 2:45:00 PM,3,1,0,35.996260,-86.689000,NOLENSVILLE PKE,,,,344.00,Feet,East,CONCORD RD,,,,0.00,N,Not at Intersection,N,Non-Junction,None,,,         ,Brandon,Hughes,Clear,Front to Rear,no,no,no,no,no,False
102720728,METROPOLITAN NASHVILLE POLICE DEPT,20200391583,Davidson,Nashville,6/5/2020 7:42:00 PM,1,0,0,36.132230,-86.898520,I40 W EXT RAMP,,,,0.00,,,I 40,,,,0.00,Y,OTHER,N,Entrance/Exit Ramp Related,None,,,         ,Andrew,McCarron,Clear,Not Collision with Motor Vehicle in Transport,no,no,no,no,no,False
102720755,METROPOLITAN NASHVILLE POLICE DEPT,20200391585,Davidson,Nashville,6/5/2020 7:40:00 PM,2,0,0,36.150590,-86.866640,I 40,,,,0.00,,,,,,,203.45,N,Not at Intersection,N,Non-Junction,None,,,         ,Devonte,Coleman,Clear,"Sideswipe, Same Direction",no,no,no,no,yes,False
102720776,METROPOLITAN NASHVILLE POLICE DEPT,20200391733,Davidson,Not in City Limit,6/5/2020 9:20:00 PM,1,1,0,36.095340,-86.527600,COUCHVILLE PKE,,,,737.00,Feet,East,S MOUNT JULIET RD,,,,0.00,N,Not at Intersection,N,Non-Junction,None,,,         ,Joshua,Dale,Clear,Not Collision with Motor Vehicle in Transport,no,no,no,no,no,False
102720788,METROPOLITAN NASHVILLE POLICE DEPT,20200391661,Davidson,Nashville,6/5/2020 8:39:00 PM,2,1,0,36.083650,-86.647220,MURFREESBORO PKE,,,,0.00,Feet,,BROOKSBORO PL,,,,0.00,Y,Four-Way,N,Intersection-Related,None,,,         ,Edward,Starke,Clear,Angle,no,no,no,no,no,False
102720789,METROPOLITAN NASHVILLE POLICE DEPT,20200391447,Davidson,Nashville,6/5/2020 6:03:00 PM,2,0,0,36.015500,-86.620160,I24 W EXT RAMP,,,,0.00,Feet,East,I 24,,,,0.00,N,Not at Intersection,N,Non-Junction,None,,,         ,Joel,Bennett,Clear,Front to Rear,no,no,no,no,no,False
102720792,METROPOLITAN NASHVILLE POLICE DEPT,20200391547,Davidson,Nashville,6/5/2020 7:09:00 PM,3,0,0,36.127800,-86.633970,PRIEST WOODS DR,,,,41.00,Feet,West,ISLAND VIEW CT,,,,0.00,N,Not at Intersection,N,"Driveway, Alley Access, etc",None,,,         ,Deandera,Payne,Clear,Angle,no,no,no,no,no,False
102720843,METROPOLITAN NASHVILLE POLICE DEPT,20200390394,Davidson,Nashville,6/5/2020 6:27:00 AM,3,0,0,36.106380,-86.718720,I 24,,,,0.00,,,,,,,54.00,N,Not at Intersection,N,Non-Junction,None,,,         ,Kurt,Lewton,Clear,Front to Rear,no,no,no,no,no,False
102720884,METROPOLITAN NASHVILLE POLICE DEPT,20200391956,Davidson,Nashville,6/6/2020 2:30:00 AM,1,1,0,36.151400,-86.671630,ELM HILL PKE,,,,131.00,Feet,West,HENEY DR,,,,0.00,N,Not at Intersection,N,Non-Junction,None,,,         ,Jeremy,Crisp,Clear,Not Collision with Motor Vehicle in Transport,no,no,no,no,no,False
102720888,METROPOLITAN NASHVILLE POLICE DEPT,20200392160,Davidson,Nashville,6/6/2020 12:00:00 AM,1,0,0,36.177200,-86.794090,ROSA L PARKS BLVD,,,,139.00,Feet,North,TAYLOR ST,,,,0.00,N,Not at Intersection,N,Non-Junction,Work Zone,Work On Shoulder Or Median,Unknown,         ,Joshua,Asbell,Clear,Not Collision with Motor Vehicle in Transport,no,no,no,no,yes,False
102720897,METROPOLITAN NASHVILLE POLICE DEPT,20200392030,Davidson,Nashville,6/6/2020 1:29:00 AM,1,0,0,36.243850,-86.784700,I 24,,,,0.00,,,,,,,42.90,N,Not at Intersection,N,Non-Junction,None,,,         ,Joshua,Dodge,Clear,Not Collision with Motor Vehicle in Transport,no,no,no,no,yes,False
102720904,METROPOLITAN NASHVILLE POLICE DEPT,20200392280,Davidson,Nashville,6/6/2020 5:57:00 AM,1,0,0,36.160940,-86.590010,BELL RD,,,,0.00,Feet,West,LAKE CHATEAU DR,,,,0.00,N,Not at Intersection,N,Non-Junction,None,,,         ,Aimee,Ortiz,Cloudy,Not Collision with Motor Vehicle in Transport,no,no,no,no,yes,False