master_record_number,agency,agency_tracking_number,county,city,collision_date,vehicles_involved,number_injured,number_dead,latitude,longitude,roadway_name,roadway_suffix,roadway_number,roadway_local_id,distance_from_reference,miles-feet_indicator,direction_from_reference,intersection_road_name,intersection_road_name_suffix,intersection_road_number,intersection_local_id,mile_marker,intersection_indicator,intersect_type,interchange_related_indicator,relation_to_junction,work_zone_type,construction_maintenance_zone,construction_maintenance_zone_location,fatal_case_number,officer_first_name,officer_last_name,weather_condition(s),manner_of_crash,pedestrian,bicycle,scooter,parking,hitrun,mou
102720908,GOODLETTSVILLE POLICE DEPT,20-17675,Davidson,Goodlettsville,6/5/2020 2:44:00 PM,2,2,0,36.311480,-86.701740,I 65,,,,0.00,,,,,,,96.15,N,Not at Intersection,N,Non-Junction,None,,,         ,George,Forbes,Clear,"Sideswipe, Same Direction",no,no,no,no,no,False
102720914,METROPOLITAN NASHVILLE POLICE DEPT,20200390694,Davidson,Nashville,6/5/2020 10:26:00 AM,2,0,0,36.206490,-86.776240,I 65,,,,0.00,,,,,,,87.30,N,Not at Intersection,N,Non-Junction,None,,,         ,Joshua,Baker,Clear,Front to Rear,no,no,no,no,no,False
102720915,BERRY HILL POLICE DEPT,20-2076,Davidson,Berry Hill,6/5/2020 1:20:00 PM,2,1,0,36.119760,-86.770470,BERRY RD,,,,0.00,,,FESSEY PARK RD,,,,0.00,Y,T-Intersection,N,Intersection,None,,,         ,Larry,Carter,Clear,Angle,no,no,no,no,no,False
102720919,METROPOLITAN NASHVILLE POLICE DEPT,20200392344,Davidson,Nashville,6/6/2020 7:26:00 AM,2,0,0,36.178920,-86.643210,LEBANON PKE,,,,415.00,Feet,South,DANYACREST DR,,,,0.00,N,Not at Intersection,N,Non-Junction,None,,,         ,Michael,Brooks,Clear,Unknown,no,no,no,no,yes,False
102720923,GOODLETTSVILLE POLICE DEPT,20-17692,Davidson,Goodlettsville,6/5/2020 5:30:00 PM,2,0,0,36.324520,-86.701330,CONFERENCE DR,,,,251.00,Feet,South,LONG HOLLOW PKE,,,,0.00,N,Not at Intersection,N,Non-Junction,None,,,         ,George,Forbes,Clear,Angle,no,no,no,no,no,False
102720925,METROPOLITAN NASHVILLE POLICE DEPT,20200392313,Davidson,Nashville,6/6/2020 6:16:00 AM,1,1,0,36.149840,-86.772010,I40 E EXT RAMP,,,,0.00,Feet,East,I 40,,,,0.00,N,Not at Intersection,N,Entrance/Exit Ramp Related,None,,,         ,Brent,Bauer,Cloudy,Not Collision with Motor Vehicle in Transport,no,no,no,no,no,False
102720934,METROPOLITAN NASHVILLE POLICE DEPT,20200392424,Davidson,Nashville,6/6/2020 9:00:00 AM,2,0,0,36.227450,-86.768930,HILLHURST DR,,,,0.00,,,STANWYCK DR,,,,0.00,Y,Four-Way, ,,None,,,         ,Brandon,Evans,,,no,no,no,no,no,False
102720936,METROPOLITAN NASHVILLE POLICE DEPT,20200392428,Davidson,Nashville,6/6/2020 8:58:00 AM,2,0,0,36.185300,-86.636500,JACKSON DOWNS BLVD,,,,0.00,,,LEBANON PKE,,,,0.00,Y,Four-Way,N,Intersection,None,,,         ,Michael,Brooks,Clear,Front to Rear,no,no,no,no,no,False
102720945,METROPOLITAN NASHVILLE POLICE DEPT,20200392407,Davidson,Not in City Limit,6/6/2020 8:44:00 AM,3,1,0,36.327610,-86.892410,I 24,,,,0.00,,,,,,,33.60,N,Not at Intersection,N,Non-Junction,None,,,         ,Royce,McLester,Clear,Front to Rear,no,no,no,no,yes,False
102720947,METROPOLITAN NASHVILLE POLICE DEPT,20200392468,Davidson,Not in City Limit,6/6/2020 9:55:00 AM,2,0,0,36.064070,-86.940180,OLD HARDING PKE,,,,24.00,Feet,West,CLOFTON DR,,,,0.00,N,Not at Intersection, ,,None,,,         ,Curtis,Rich,,,no,no,no,no,no,False
102720951,METROPOLITAN NASHVILLE POLICE DEPT,20200392460,Davidson,Nashville,6/6/2020 9:46:00 AM,1,1,0,36.110980,-86.713770,I24 W ENT RAMP,,,,0.00,,,BRILEY PKWYN,,,,0.00,Y,OTHER,Y,Entrance/Exit Ramp Related,None,,,         ,Charles,Wakefield,Clear,Not Collision with Motor Vehicle in Transport,no,no,no,no,no,False
102720974,METROPOLITAN NASHVILLE POLICE DEPT,20200391026,Davidson,Nashville,6/5/2020 2:07:00 PM,2,0,0,36.180110,-86.807900,BUCHANAN ST,,,,0.00,,,14TH AVN,,,,0.00,Y,T-Intersection,N,Intersection-Related,None,,,         ,Jean,McCormack,Clear,Angle,no,no,no,no,no,False
102720996,METROPOLITAN NASHVILLE POLICE DEPT,20200392606,Davidson,Nashville,6/6/2020 12:00:00 PM,1,1,0,36.192100,-86.780570,I 65,,,,0.00,,,,,,,86.30,N,Not at Intersection,N,Entrance/Exit Ramp Related,None,,,         ,Brian,Quigley,Clear,Not Collision with Motor Vehicle in Transport,no,no,no,no,no,False
102720999,METROPOLITAN NASHVILLE POLICE DEPT,20200392656,Davidson,Nashville,6/6/2020 12:42:00 PM,2,0,0,36.194460,-86.615630,HERMITAGE MARKETPLACE PVTDR,,,,607.00,Feet,East,OLD HICKORY BLVD,,,,0.00,N,Not at Intersection, ,Non-Junction,None,,,         ,Cassandra,Del Bosco,Clear,Rear to Rear,no,no,no,yes,yes,False
102721015,METROPOLITAN NASHVILLE POLICE DEPT,20200392645,Davidson,Nashville,6/6/2020 12:44:00 PM,2,0,0,36.182700,-86.748840,STRATTON AV,,,,0.00,Feet,,GALLATIN AV,,,,0.00,Y,T-Intersection,N,Intersection,None,,,         ,Douglas,Smith,Clear,Angle,no,no,no,no,no,False
102721029,METROPOLITAN NASHVILLE POLICE DEPT,20200392660,Davidson,Nashville,6/6/2020 12:55:00 PM,2,1,0,36.169910,-86.806810,DR D B TODD JR BLVD,,,,69.00,Feet,South,JEFFERSON ST,,,,0.00,N,Not at Intersection,N,Non-Junction,None,,,         ,Jean,McCormack,Clear,HeadOn,no,no,no,no,yes,False
102721032,METROPOLITAN NASHVILLE POLICE DEPT,20200392712,Davidson,Not in City Limit,6/6/2020 1:50:00 PM,2,0,0,36.073920,-86.925970,HIGHWAY 70S,,,,92.00,Feet,East,HICKS RD,,,,0.00,N,Not at Intersection, ,Non-Junction,None,,,         ,Curtis,Rich,Clear,Angle,no,no,no,no,no,False
102721040,METROPOLITAN NASHVILLE POLICE DEPT,20200392722,Davidson,Nashville,6/6/2020 2:02:00 PM,2,0,0,36.157010,-86.780920,8TH AVS,,,,53.00,Feet,North,DEMONBREUN ST,,,,0.00,N,Not at Intersection, ,Non-Junction,Construction Zone,,,         ,Cressie,Prill,Clear,Front to Rear,no,no,no,no,no,False
102721057,METROPOLITAN NASHVILLE POLICE DEPT,20200392665,Davidson,Nashville,6/6/2020 12:39:00 PM,2,0,0,36.209090,-86.776150,I 65,,,,0.00,,,,,,,87.55,N,Not at Intersection, ,Non-Junction,None,,,         ,Royce,McLester,Clear,"Sideswipe, Same Direction",no,no,no,no,no,False
102721065,METROPOLITAN NASHVILLE POLICE DEPT,20200392744,Davidson,Nashville,6/6/2020 2:19:00 PM,2,1,0,36.173500,-86.790420,JEFFERSON ST,,,,98.00,Feet,West,7TH AVN,,,,0.00,N,Not at Intersection,N,Non-Junction,None,,,         ,Mathew,Clement,Clear,Front to Rear,no,no,no,no,no,False
102721076,METROPOLITAN NASHVILLE POLICE DEPT,20200392618,Davidson,Nashville,6/6/2020 12:13:00 PM,2,0,0,36.091840,-86.626120,BELL RD,,,,0.00,,,,,,,0.00,,,N,Non-Junction,None,,,         ,Michael,Dance,Clear,Angle,no,no,no,yes,no,False
102721082,METROPOLITAN NASHVILLE POLICE DEPT,20200392695,Davidson,Nashville,6/6/2020 1:15:00 PM,2,0,0,36.233570,-86.724820,GALLATIN PKE,,,,3.00,Feet,North,JOYCE LN,,,,0.00,N,Not at Intersection, ,,None,,,         ,Eric,Knight,,,no,no,no,no,no,False
102721086,METROPOLITAN NASHVILLE POLICE DEPT,20200392687,Davidson,Nashville,6/6/2020 1:20:00 PM,2,1,0,36.153170,-86.764550,I 40,,,,0.00,,,,,,,210.70,N,Not at Intersection,N,Non-Junction,None,,,         ,Roger,Luther,Clear,Front to Rear,no,no,no,no,no,False
102721110,METROPOLITAN NASHVILLE POLICE DEPT,20200392782,Davidson,Nashville,6/6/2020 2:47:00 PM,1,1,0,36.162010,-86.619380,I 40,,,,0.00,,,,,,,219.70,N,Not at Intersection,N,Non-Junction,None,,,         ,Lynsie,Smith,Clear,Not Collision with Motor Vehicle in Transport,no,no,no,no,no,False
102721114,METROPOLITAN NASHVILLE POLICE DEPT,20200392688,Davidson,Nashville,6/6/2020 1:00:00 PM,2,0,0,36.165850,-86.764260,I 24,,,,0.00,,,,,,,49.00,N,Not at Intersection,N,Non-Junction,None,,,         ,Greg,Lyons,Clear,Front to Rear,no,no,no,no,no,False
102721116,METROPOLITAN NASHVILLE POLICE DEPT,20200392796,Davidson,Nashville,6/6/2020 1:19:00 PM,2,0,0,36.156010,-86.788850,BROADWAY,,,,0.00,Feet,,I40 W ENT RAMP,,,,0.00,Y,Four-Way,N,Intersection,None,,,         ,Melina,Tamborella,Clear,Front to Rear,no,no,no,no,yes,False
102721122,METROPOLITAN NASHVILLE POLICE DEPT,20200392751,Davidson,Nashville,6/6/2020 2:30:00 PM,3,0,0,36.186430,-86.746540,PETWAY AV,,,,187.00,Feet,East,GALLATIN AV,,,,0.00,N,Not at Intersection, ,Non-Junction,None,,,         ,Douglas,Smith,Clear,"Sideswipe, Same Direction",no,no,no,no,no,False
102721126,METROPOLITAN NASHVILLE POLICE DEPT,20200392812,Davidson,Nashville,6/6/2020 3:25:00 PM,1,0,0,36.089550,-86.762480,I 65,,,,0.00,,,,,,,78.30,N,Not at Intersection,Y,Entrance/Exit Ramp Related,None,,,         ,Tyler,Heckaman,Clear,Not Collision with Motor Vehicle in Transport,no,no,no,no,no,False
102721164,METROPOLITAN NASHVILLE POLICE DEPT,20200392884,Davidson,Nashville,6/6/2020 4:45:00 PM,2,0,0,36.248220,-86.720210,GALLATIN PKES,,,,69.00,Feet,North,DUE WEST AVE,,,,0.00,N,Not at Intersection,N,Non-Junction,None,,,         ,Brian,Otto,Clear,Front to Rear,no,no,no,no,yes,False
102721165,METROPOLITAN NASHVILLE POLICE DEPT,20200392825,Davidson,Nashville,6/6/2020 3:00:00 PM,3,0,0,36.208880,-86.734560,KIRKLAND AV,,,,0.00,,,GALLATIN PKE,,,,0.00,Y,OTHER,N,Non-Junction,None,,,         ,Eric,Knight,Clear,Angle,no,no,no,no,yes,False
102721167,METROPOLITAN NASHVILLE POLICE DEPT,20200392877,Davidson,Nashville,6/6/2020 4:55:00 PM,2,0,0,36.131690,-86.906720,CHARLOTTE PKE PVTDR,,,,783.00,Feet,North,BROOKMEADE GRNWY,,,,0.00,N,Not at Intersection, ,Non-Junction,None,,,         ,Curtis,Rich,Clear,Angle,no,no,no,yes,yes,False
102721169,METROPOLITAN NASHVILLE POLICE DEPT,20200392871,Davidson,Nashville,6/6/2020 4:16:00 PM,2,0,0,36.169060,-86.682400,FAIRWAY DR,,,,0.00,Feet,,LEBANON PKE,,,,0.00,Y,Four-Way,N,Intersection,None,,,         ,Roger,Luther,Clear,Angle,no,no,no,no,no,False
102721180,METROPOLITAN NASHVILLE POLICE DEPT,20200391731,Davidson,Nashville,6/5/2020 9:00:00 PM,1,0,0,36.204260,-86.821230,BUENA VISTA PKE,,,,264.00,Feet,North,YOUNGS LN,,,,0.00,N,Not at Intersection,N,Non-Junction,None,,,         ,Chase,Harriman,Clear,Not Collision with Motor Vehicle in Transport,no,no,no,no,no,False
102721202,METROPOLITAN NASHVILLE POLICE DEPT,20200392852,Davidson,Madison,6/6/2020 4:07:00 PM,2,0,0,36.257520,-86.728160,VANTREASE RD,,,,0.00,,,E MARTHONA RD,,,,0.00,Y,Four-Way,N,Intersection,None,,,         ,Ruben,Mariano,Clear,Angle,no,no,no,no,no,False
102721206,METROPOLITAN NASHVILLE POLICE DEPT,20200392831,Davidson,Madison,6/6/2020 3:50:00 PM,2,1,0,36.264280,-86.711490,GALLATIN PKEN,,,,0.00,,,OLD TIME VILLAGE PVTDR,,,,0.00,Y,OTHER,N,Non-Junction,None,,,         ,Cyretha,Frazier,Clear,Angle,no,no,no,no,no,False
102721209,METROPOLITAN NASHVILLE POLICE DEPT,20200392941,Davidson,Nashville,6/6/2020 5:30:00 PM,2,0,0,36.205270,-86.765830,MERIDIAN ST,,,,142.00,Feet,South,E TRINITY LN,,,,0.00,N,Not at Intersection, ,,None,,,         ,Joshua,Baker,,,no,no,no,no,no,False
102721214,METROPOLITAN NASHVILLE POLICE DEPT,20200392922,Davidson,Nashville,6/6/2020 5:31:00 PM,1,0,0,36.040900,-86.779380,OLD HICKORY BLVD,,,,0.00,,,STONE BROOK DR,,,,0.00,Y,Four-Way,N,Intersection-Related,None,,,         ,Earl,Davis,Clear,Not Collision with Motor Vehicle in Transport,no,no,no,no,yes,False
102721216,METROPOLITAN NASHVILLE POLICE DEPT,20200392921,Davidson,Nashville,6/6/2020 5:30:00 PM,2,1,0,36.094670,-86.801260,LONE OAK RD,,,,0.00,Feet,,GRANNY WHITE PKE,,,,0.00,Y,Four-Way,Y,Intersection,None,,,         ,Tyler,Heckaman,Clear,Angle,no,no,no,no,no,False
102721235,METROPOLITAN NASHVILLE POLICE DEPT,20200392938,Davidson,Nashville,6/6/2020 5:48:00 PM,2,1,0,36.120830,-86.703590,MURFREESBORO PKE,,,,0.00,,,GLENGARRY DR,,,,0.00,Y,Four-Way,N,Intersection,None,,,         ,Michael,Dance,Clear,Angle,no,no,no,no,no,False
102721276,METROPOLITAN NASHVILLE POLICE DEPT,20200392999,Davidson,Nashville,6/6/2020 7:04:00 PM,2,1,0,36.077840,-86.630800,GREGG CT,,,,0.00,,,RURAL HILL RD,,,,0.00,Y,T-Intersection,N,Intersection,None,,,         ,Ralph,Smith IV,Clear,Angle,no,no,no,no,no,False
102721307,METROPOLITAN NASHVILLE POLICE DEPT,20200393000,Davidson,Nashville,6/6/2020 6:56:00 PM,2,0,0,36.028150,-86.588120,MURFREESBORO,PIKE,,,0.00,,West,HICKORY WOODS,DR,,,0.00,N,Not at Intersection, ,Non-Junction,None,,,         ,Bryce,Hatten,Clear,"Sideswipe, Same Direction",no,no,no,yes,no,False
102721308,METROPOLITAN NASHVILLE POLICE DEPT,20200392176,Davidson,Antioch,6/6/2020 2:00:00 AM,2,0,0,36.049310,-86.600000,PIN HOOK RD,,,,0.00,Feet,,HOBSON PKE,,,,0.00,Y,Four-Way,N,Intersection,None,,,         ,Theodore,Meskers,Clear,Angle,no,no,no,no,yes,False
102721367,METROPOLITAN NASHVILLE POLICE DEPT,20200393040,Davidson,Nashville,6/6/2020 12:00:00 AM,1,1,0,36.223080,-86.838100,US HWY 41 ALT,,,,570.00,Feet,North,FAIRMEADE DR,,,,0.00,N,Not at Intersection,N,Non-Junction,None,,,         ,Joseph,Gawlowski,Clear,Not Collision with Motor Vehicle in Transport,no,no,no,no,no,False
102721384,METROPOLITAN NASHVILLE POLICE DEPT,20200393051,Davidson,Nashville,6/6/2020 7:00:00 PM,2,0,0,36.085530,-86.703510,EISENHOWER DR,,,,0.00,,,TOWRY DR,,,,0.00,Y,T-Intersection,N,Non-Junction,None,,,         ,Garrett,Reingardt,Clear,"Sideswipe, Same Direction",no,no,no,no,yes,False
102721435,METROPOLITAN NASHVILLE POLICE DEPT,20200393130,Davidson,Nashville,6/6/2020 8:20:00 PM,3,1,0,36.045030,-86.659800,RAMP,,,,0.00,,,I 24,,,,0.00,Y,T-Intersection,N,Entrance/Exit Ramp Related,None,,,         ,Luke,Steigerwalt,Clear,Front to Rear,no,no,no,no,yes,False
102721475,METROPOLITAN NASHVILLE POLICE DEPT,20200393150,Davidson,Nashville,6/6/2020 8:00:00 PM,2,1,0,36.085530,-86.703510,EISENHOWER DR,,,,0.00,,,TOWRY DR,,,,0.00,Y,T-Intersection,Y,Intersection-Related,None,,,         ,Ricardo,Cruz,Clear,"Sideswipe, Same Direction",no,no,no,no,yes,False
102721476,METROPOLITAN NASHVILLE POLICE DEPT,2020-0393062,Davidson,Nashville,6/6/2020 7:30:00 PM,2,0,0,36.181670,-86.774080,DICKERSON PKE,,,,0.00,,,N 1ST ST,,,,0.00,Y,Y-Intersection,N,Intersection,None,,,         ,Jackson,Sanders,Clear,Front to Rear,no,no,no,no,no,False
102721510,METROPOLITAN NASHVILLE POLICE DEPT,20200393281,Davidson,Nashville,6/6/2020 9:30:00 PM,2,0,0,36.151350,-86.751110,I 40,,,,0.00,,,,,,,211.50,N,Not at Intersection,N,Non-Junction,None,,,         ,Ricardo,Cruz,Clear,"Sideswipe, Same Direction",no,no,no,no,yes,False
102721527,Nashville Airport Police,2020-01458,Davidson,Nashville,6/6/2020 11:36:00 PM,1,0,0,36.136160,-86.667550,TERMINAL DR,,,,0.00,,,I40 E EXT RAMP,,,,0.00,,Not at Intersection, ,Non-Junction,Maintenance Zone,,,         ,Daniel,Littleton,Clear,Not Collision with Motor Vehicle in Transport,no,no,no,yes,no,False
102721534,VANDERBILT UNIVERSITY POLICE,20200393316,Davidson,Nashville,6/6/2020 11:20:00 PM,1,0,0,36.139720,-86.799090,SOUTH DR,,,,217.00,Feet,West,VILLAGE AT VANDERBILT,,,,0.00,N,Not at Intersection, ,,None,,,         ,Brent,Clark,,,no,no,no,no,no,Campus
102721535,METROPOLITAN NASHVILLE POLICE DEPT,20200393360,Davidson,Nashville,6/7/2020 12:40:00 AM,3,1,0,36.069590,-86.693910,HAYWOOD LN,,,,0.00,Feet,West,EZELL RD,,,,0.00,N,Not at Intersection,N,Non-Junction,None,,,         ,Garrett,Reingardt,Clear,Angle,no,no,no,no,no,False
102721541,METROPOLITAN NASHVILLE POLICE DEPT,20200393458,Davidson,Nashville,6/7/2020 2:44:00 AM,1,1,0,36.053420,-86.654580,MT VIEW RD,,,,596.00,Feet,North,HICKORY HOLLOW MALL PVTDR PL,,,,0.00,N,Not at Intersection,N,Non-Junction,None,,,         ,Douglas,Meringer,Clear,Not Collision with Motor Vehicle in Transport,no,no,no,no,yes,False
102721546,METROPOLITAN NASHVILLE POLICE DEPT,20200393479,Davidson,Nashville,6/7/2020 3:07:00 AM,1,1,0,36.169220,-86.681070,LEBANON PKE,,,,352.00,Feet,West,MCGAVOCK PKE,,,,0.00,N,Not at Intersection,N,Non-Junction,None,,,         ,Andrew,Richey,Clear,Not Collision with Motor Vehicle in Transport,no,no,no,yes,no,False
102721547,METROPOLITAN NASHVILLE POLICE DEPT,20200393269,Davidson,Not in City Limit,6/6/2020 11:19:00 PM,2,1,0,36.263070,-86.711920,STATE RT 45,,,,0.00,,,OLD HICKORY BLVDW,,,,0.00,Y,Four-Way,N,Intersection,None,,,         ,Brandon,Wood,Clear,Angle,no,no,no,no,no,False
102721549,METROPOLITAN NASHVILLE POLICE DEPT,20200393366,Davidson,Not in City Limit,6/7/2020 12:50:00 AM,2,1,0,36.022630,-86.680560,OLD HICKORY BLVD,,,,0.00,Feet,,BARNES RD,,,,0.00,Y,T-Intersection,Y,Intersection,None,,,         ,Michael,Sipos,Clear,Front to Rear,no,no,no,no,no,False
102721550,METROPOLITAN NASHVILLE POLICE DEPT,20200393499,Davidson,Nashville,6/7/2020 3:30:00 AM,1,0,0,36.097750,-86.709570,I 24,,,,0.00,,,,,,,54.75,N,Not at Intersection,N,Non-Junction,None,,,         ,Luke,Steigerwalt,Clear,Not Collision with Motor Vehicle in Transport,no,no,no,no,yes,False
102721553,METROPOLITAN NASHVILLE POLICE DEPT,20200393380,Davidson,Nashville,6/6/2020 6:00:00 PM,2,0,0,36.181030,-86.784100,ADAMS ST,,,,102.00,Feet,North,TAYLOR ST,,,,0.00,N,Not at Intersection,N,Non-Junction,None,,,         ,Kelcey,Bell,Clear,"Sideswipe, Opposite Direction",no,no,no,no,yes,False
102721558,METROPOLITAN NASHVILLE POLICE DEPT,20200393336,Davidson,Nashville,6/7/2020 12:23:00 AM,2,4,0,36.153640,-86.714420,LEBANON PKE,,,,367.00,Feet,West,LEBANON PIKE CIR,,,,0.00,N,Not at Intersection,N,Non-Junction,None,,,         ,Andrew,Richey,Clear,HeadOn,no,no,no,no,no,False
102721562,METROPOLITAN NASHVILLE POLICE DEPT,20200393248,Davidson,Nashville,6/6/2020 10:50:00 PM,1,3,0,36.165860,-86.781910,5TH AVN,,,,0.00,,,CHARLOTTE AV,,,,0.00,Y,Four-Way,N,Intersection,None,,,         ,Damon,Hutcheson,Clear,Not Collision with Motor Vehicle in Transport,no,no,no,no,no,False
102721566,GOODLETTSVILLE POLICE DEPT,20-17845,Davidson,Goodlettsville,6/7/2020 2:32:00 AM,1,0,0,36.304080,-86.702390,RIVERGATE PKWY,,,,50.00,Feet,South,RIVERGATE PKWY PVTDR,,,,0.00,N,Not at Intersection,N,Non-Junction,None,,,         ,Joseph,Waldron,Clear,Not Collision with Motor Vehicle in Transport,no,no,no,no,yes,False
102721571,METROPOLITAN NASHVILLE POLICE DEPT,20200393280,Davidson,Nashville,6/6/2020 11:28:00 PM,2,1,0,36.068600,-86.719600,NOLENSVILLE PKE,,,,205.00,Feet,North,HAYWOOD LN,,,,0.00,N,Not at Intersection, ,Non-Junction,None,,,         ,Holly,Davis,Clear,Angle,no,no,no,no,yes,False
102721573,METROPOLITAN NASHVILLE POLICE DEPT,20200393485,Davidson,Nashville,6/7/2020 3:15:00 AM,2,2,0,36.195520,-86.752650,ELLINGTON PKWYS,,,,83.00,Feet,North,ELLINGTON PKWYN,,,,0.00,N,Not at Intersection,N,Non-Junction,None,,,         ,Joshua,Whitworth,Clear,Front to Rear,no,no,no,no,yes,False
102721574,METROPOLITAN NASHVILLE POLICE DEPT,20200393407,Davidson,Nashville,6/7/2020 1:45:00 AM,1,1,0,36.039720,-86.744020,OLD HICKORY BLVD,,,,0.00,,,,,,,0.00,,,N,Non-Junction,None,,,         ,Brandon,Rardin,Clear,Not Collision with Motor Vehicle in Transport,no,no,no,no,no,False
102721575,METROPOLITAN NASHVILLE POLICE DEPT,2020-0393563,Davidson,Nashville,6/7/2020 12:00:00 AM,2,0,0,36.197510,-86.747000,CAHAL AV,,,,226.00,Feet,West,EMMETT AV,,,,0.00,N,Not at Intersection,N,Non-Junction,None,,,         ,Jackson,Sanders,Unknown,Unknown,no,no,no,no,yes,False
102721579,METROPOLITAN NASHVILLE POLICE DEPT,20200393559,Davidson,Not in City Limit,6/7/2020 5:10:00 AM,1,1,0,36.275780,-86.689530,MYATT DR,,,,93.00,Feet,South,MYATT CENTER LN,,,,0.00,N,Not at Intersection,N,Non-Junction,None,,,         ,Michael,Reid,Clear,Not Collision with Motor Vehicle in Transport,no,no,no,no,no,False
102721580,METROPOLITAN NASHVILLE POLICE DEPT,2020-0393247,Davidson,Nashville,6/6/2020 10:55:00 PM,2,1,0,36.176370,-86.768830,SPRING ST,,,,0.00,,,I24 W EXT RAMP,,,,0.00,Y,T-Intersection,Y,Intersection,None,,,         ,Coleman,Womack,Clear,Front to Rear,no,no,no,no,no,False
102721581,METROPOLITAN NASHVILLE POLICE DEPT,20200393578,Davidson,Nashville,6/7/2020 5:43:00 AM,2,0,0,36.206500,-86.776490,W TRINITY LN,,,,10.00,Feet,South,I65 S ENT RAMP,,,,0.00,N,Not at Intersection, ,,None,,,         ,Blake,McKay,,,no,no,no,no,no,False
102721588,METROPOLITAN NASHVILLE POLICE DEPT,20200393564,Davidson,Nashville,6/7/2020 5:21:00 AM,2,0,0,36.134020,-86.722560,MURFREESBORO,PIKE,,,0.00,,,PLUS PARK,BLVD,,,0.00,Y,T-Intersection,N,Intersection,None,,,         ,Bradley,Pope,Clear,"Sideswipe, Opposite Direction",no,no,no,no,yes,False
102721589,METROPOLITAN NASHVILLE POLICE DEPT,20200393531,Davidson,Nashville,6/7/2020 4:24:00 AM,2,3,0,36.149990,-86.858630,CHARLOTTE PKE,,,,208.00,Feet,West,WHITE BRIDGE PKE,,,,0.00,N,Not at Intersection,N,Non-Junction,None,,,         ,Jonathan,Phipps,Clear,Front to Rear,no,no,no,no,no,False
102721593,VANDERBILT UNIVERSITY POLICE,20200390825,Davidson,Nashville,6/5/2020 12:00:00 PM,2,0,0,36.139490,-86.804780,24TH AVS,,,,0.00,,,,,,,0.00,,Not at Intersection, ,Non-Junction,None,,,         ,Laresa,Gore,Clear,Angle,no,no,no,yes,no,Campus
102721601,METROPOLITAN NASHVILLE POLICE DEPT,20200393627,Davidson,Nashville,6/6/2020 6:00:00 PM,2,0,0,36.048390,-86.706410,HICKORY VALLEY CONDOS PVTDR,,,,171.00,Feet,South,COUNTRY DR,,,,0.00,N,Not at Intersection, ,Non-Junction,None,,,         ,Han,Hong,Clear,Front to Rear,no,no,no,yes,no,False
102721602,METROPOLITAN NASHVILLE POLICE DEPT,20200392911,Davidson,Nashville,6/6/2020 5:29:00 PM,2,5,0,36.082670,-86.710490,TAMPA DR,,,,0.00,,,HARDING PL,,,,0.00,Y,Four-Way,N,Intersection,None,,,         ,Ryan,Howard,Clear,Angle,no,no,no,no,no,False
102721635,METROPOLITAN NASHVILLE POLICE DEPT,20200393774,Davidson,Nashville,6/7/2020 9:52:00 AM,2,0,0,36.238210,-86.773210,MOOREWOOD DR,,,,325.00,Feet,South,SPEARS RD,,,,0.00,N,Not at Intersection, ,"Driveway, Alley Access, etc",None,,,         ,Ruben,Mariano,Clear,Rear to Side,no,no,no,no,no,False
102721644,METROPOLITAN NASHVILLE POLICE DEPT,20200393773,Davidson,Nashville,6/7/2020 9:55:00 AM,2,0,0,36.218150,-86.803480,WHITES CREEK PKE,,,,0.00,,,MOORMANS ARM RD,,,,0.00,Y,T-Intersection,N,Intersection,None,,,         ,James,Wray,Clear,"Sideswipe, Same Direction",no,no,no,no,yes,False
102721645,METROPOLITAN NASHVILLE POLICE DEPT,20200393824,Davidson,Nashville,6/7/2020 10:55:00 AM,2,0,0,36.163600,-86.833770,ALAMEDA ST,,,,0.00,,,39TH AVN,,,,0.00,Y,T-Intersection, ,Intersection,None,,,         ,Curtis,Rich,Cloudy,Angle,no,no,no,no,no,False
102721657,METROPOLITAN NASHVILLE POLICE DEPT,20200393852,Davidson,Nashville,6/7/2020 11:10:00 AM,1,2,0,36.160800,-86.815280,BOOKER ST,,,,24.00,Feet,East,26TH AVN,,,,0.00,N,Not at Intersection,Y,Non-Junction,None,,,         ,Brian,Quigley,Clear,Not Collision with Motor Vehicle in Transport,no,no,no,no,no,False
102721672,METROPOLITAN NASHVILLE POLICE DEPT,20200393884,Davidson,Nashville,6/7/2020 11:55:00 AM,2,0,0,36.137570,-86.800760,WEDGEWOOD AV,,,,0.00,Feet,,BLAKEMORE AV,,,,0.00,Y,Four-Way,N,Intersection,None,,,         ,Melina,Tamborella,Clear,Front to Rear,no,no,no,no,yes,Campus
102721675,METROPOLITAN NASHVILLE POLICE DEPT,20200393898,Davidson,Nashville,6/7/2020 11:54:00 AM,2,0,0,36.158090,-86.818570,28TH AVN,,,,62.00,Feet,North,TORBETT ST,,,,0.00,N,Not at Intersection,N,Non-Junction,None,,,         ,Brian,Mclarty,Clear,"Sideswipe, Same Direction",no,no,no,no,yes,False
102721680,METROPOLITAN NASHVILLE POLICE DEPT,20200393853,Davidson,Not in City Limit,6/7/2020 10:59:00 AM,2,0,0,36.322640,-86.866780,GIFFORD PL,,,,338.00,Feet,East,WHITES CREEK PKE,,,,0.00,N,Not at Intersection,N,Non-Junction,None,,,         ,Jeanine,Sarno,Clear,Rear to Side,no,no,no,yes,yes,False
102721693,METROPOLITAN NASHVILLE POLICE DEPT,20200393875,Davidson,Nashville,6/7/2020 11:39:00 AM,2,0,0,36.198440,-86.620270,LEBANON PKE,,,,0.00,,,OLD HICKORY BLVD,,,,0.00,Y,Four-Way, ,Intersection-Related,None,,,         ,Michael,Parman,Clear,Front to Rear,no,no,no,no,no,False