master_record_number,agency,agency_tracking_number,county,city,collision_date,vehicles_involved,number_injured,number_dead,latitude,longitude,roadway_name,roadway_suffix,roadway_number,roadway_local_id,distance_from_reference,miles-feet_indicator,direction_from_reference,intersection_road_name,intersection_road_name_suffix,intersection_road_number,intersection_local_id,mile_marker,intersection_indicator,intersect_type,interchange_related_indicator,relation_to_junction,work_zone_type,construction_maintenance_zone,construction_maintenance_zone_location,fatal_case_number,officer_first_name,officer_last_name,weather_condition(s),manner_of_crash,pedestrian,bicycle,scooter,parking,hitrun,mou
102721696,METROPOLITAN NASHVILLE POLICE DEPT,20200393976,Davidson,Nashville,6/7/2020 1:00:00 PM,2,0,0,36.153520,-86.849700,I 40,,,,0.00,,,,,,,204.40,N,Not at Intersection, ,Non-Junction,None,,,         ,Curtis,Rich,Clear,Angle,no,no,no,no,yes,False
102721702,METROPOLITAN NASHVILLE POLICE DEPT,20200393892,Davidson,Nashville,6/7/2020 12:06:00 PM,3,0,0,36.083480,-86.707980,HARDING PL,,,,344.00,Feet,West,LARGO DR,,,,0.00,N,Not at Intersection,N,Non-Junction,None,,,         ,Ryan,Howard,Clear,"Sideswipe, Same Direction",no,no,no,no,yes,False
102721718,METROPOLITAN NASHVILLE POLICE DEPT,20200393869,Davidson,Nashville,6/7/2020 11:00:00 AM,2,0,0,36.233140,-86.758660,MAPLEWOOD TRC,,,,0.00,Feet,East,DICKERSON PKE,,,,0.00,N,Not at Intersection,N,Non-Junction,None,,,         ,Eric,Knight,Clear,Angle,no,no,no,no,yes,False
102721722,METROPOLITAN NASHVILLE POLICE DEPT,20200393988,Davidson,Not in City Limit,6/7/2020 1:30:00 PM,2,0,0,36.261190,-86.712550,GALLATIN PKES,,,,19.00,Feet,South,MAPLE ST,,,,0.00,N,Not at Intersection,N,Non-Junction,None,,,         ,Brian,Otto,Clear,Front to Rear,no,no,no,no,no,False
102721753,METROPOLITAN NASHVILLE POLICE DEPT,20200394045,Davidson,Nashville,6/7/2020 2:36:00 PM,2,0,0,36.129860,-86.714260,MILLWOOD DR,,,,190.00,Feet,North,MURFREESBORO PKE,,,,0.00,N,Not at Intersection, ,Non-Junction,None,,,         ,Michael,Dance,Clear,Angle,no,no,no,no,no,False
102721754,METROPOLITAN NASHVILLE POLICE DEPT,20200393978,Davidson,Nashville,6/7/2020 3:05:00 PM,2,0,0,36.095970,-86.737570,NOLENSVILLE PKE,,,,60.00,Feet,North,WHEELER AV,,,,0.00,N,Not at Intersection,N,Non-Junction,None,,,         ,Earl,Davis,Clear,"Sideswipe, Same Direction",no,no,no,no,yes,False
102721778,METROPOLITAN NASHVILLE POLICE DEPT,20200393979,Davidson,Nashville,6/7/2020 1:11:00 PM,4,1,0,36.157710,-86.799520,18TH AVN,,,,174.00,Feet,South,CHARLOTTE AV,,,,0.00,N,Not at Intersection,N,Non-Junction,None,,,         ,Tyler,Heckaman,Clear,Angle,no,no,no,yes,yes,False
102721781,METROPOLITAN NASHVILLE POLICE DEPT,20200394101,Davidson,Nashville,6/7/2020 12:36:00 PM,2,0,0,36.153900,-86.625640,STEWARTS FERRY PKE,,,,0.00,,,PERCY PRIEST DR,,,,0.00,Y,T-Intersection,N,Intersection-Related,None,,,         ,Michael,Brooks,Clear,Front to Rear,no,no,no,no,yes,False
102721792,METROPOLITAN NASHVILLE POLICE DEPT,20200394091,Davidson,Nashville,6/7/2020 3:25:00 PM,1,0,0,36.203960,-86.726460,MCGAVOCK PKE,,,,0.00,,,OXFORD ST,,,,0.00,Y,Y-Intersection, ,,None,,,         ,Eric,Knight,,,no,no,no,no,no,False
102721793,METROPOLITAN NASHVILLE POLICE DEPT,20200394110,Davidson,Nashville,6/7/2020 4:00:00 PM,2,0,0,36.123670,-86.810910,I440 E EXT RAMP,,,,0.00,Feet,East,I 440,,,,0.00,N,Not at Intersection,N,Non-Junction,Construction Zone,Other,Activity Area,         ,Curtis,Rich,Clear,Front to Rear,no,no,no,no,no,False
102721803,METROPOLITAN NASHVILLE POLICE DEPT,20200394072,Davidson,Not in City Limit,6/7/2020 2:01:00 PM,2,0,0,36.266290,-86.686820,N DUPONT AV,,,,0.00,,,ARCHWOOD DR,,,,0.00,Y,Four-Way,N,Intersection,None,,,         ,Nathan,Mayo,Clear,Angle,no,no,no,no,no,False
102721829,METROPOLITAN NASHVILLE POLICE DEPT,20200394119,Davidson,Nashville,6/7/2020 4:09:00 PM,2,0,0,36.173590,-86.602150,CENTRAL PKE,,,,0.00,Feet,,OLD HICKORY BLVD,,,,0.00,Y,Four-Way,N,Intersection,None,,,         ,Michael,Parman,Clear,Angle,no,no,no,no,no,False
102721854,METROPOLITAN NASHVILLE POLICE DEPT,20200394065,Davidson,Nashville,6/7/2020 3:03:00 PM,2,2,0,36.210010,-86.796220,WHITES CREEK PKE,,,,627.00,Feet,North,ILOLO ST,,,,0.00,N,Not at Intersection,N,Non-Junction,None,,,         ,James,Wray,Clear,Front to Rear,no,no,no,no,no,False
102721860,METROPOLITAN NASHVILLE POLICE DEPT,20200394193,Davidson,Nashville,6/7/2020 5:46:00 PM,1,1,0,36.227160,-86.746480,ELLINGTON PKWYN,,,,134.00,Feet,South,ELLINGTON PKWY N EXT RAMP,,,,0.00,N,Not at Intersection,N,Non-Junction,None,,,         ,Mary,Hall,Clear,Not Collision with Motor Vehicle in Transport,no,no,no,no,no,False
102721872,METROPOLITAN NASHVILLE POLICE DEPT,20200394163,Davidson,Nashville,6/7/2020 5:14:00 PM,2,0,0,36.073870,-86.623510,ANDERSON RD,,,,0.00,,,OWENDALE DR,,,,0.00,Y,Four-Way,N,Intersection,None,,,         ,Robert,Higgins,Clear,Front to Rear,no,no,no,no,yes,False
102721875,METROPOLITAN NASHVILLE POLICE DEPT,20200394197,Davidson,Nashville,6/7/2020 5:55:00 PM,2,5,0,36.062560,-86.923650,BELLEVUE RD,,,,0.00,,,HICKS RD,,,,0.00,Y,T-Intersection,N,Intersection,None,,,         ,Curtis,Rich,Clear,Angle,no,no,no,no,no,False
102721879,METROPOLITAN NASHVILLE POLICE DEPT,20200394200,Davidson,Nashville,6/7/2020 5:29:00 PM,2,1,0,36.089070,-86.649990,RANSOM PL,,,,0.00,,,MURFREESBORO PKE,,,,0.00,Y,Four-Way,N,Intersection,None,,,         ,Charles,Wakefield,Clear,Front to Rear,no,no,no,no,no,False
102721889,METROPOLITAN NASHVILLE POLICE DEPT,20200394186,Davidson,Nashville,6/7/2020 5:42:00 PM,2,1,0,36.176910,-86.774590,SPRING ST,,,,2.00,Feet,West,N 1ST ST,,,,0.00,N,Not at Intersection,N,OtherLocation,None,,,         ,Mark,Anderson,Clear,Front to Rear,no,no,no,no,yes,False
102721891,METROPOLITAN NASHVILLE POLICE DEPT,20200394272,Davidson,Nashville,6/7/2020 6:50:00 PM,2,0,0,36.048480,-86.648120,MOUNT VIEW RD,,,,512.00,Feet,North,BELL FORGE LN E,,,,0.00,N,Not at Intersection, ,Non-Junction,None,,,         ,Luke,Steigerwalt,Clear,"Sideswipe, Same Direction",no,no,no,no,yes,False
102721927,METROPOLITAN NASHVILLE POLICE DEPT,20200394268,Davidson,Nashville,6/7/2020 6:22:00 PM,2,0,0,36.130290,-86.899940,CHARLOTTE PKE,,,,0.00,,,I40 W EXT RAMP,,,,0.00,Y,T-Intersection, ,Entrance/Exit Ramp Related,None,,,         ,Nicholas,Smith,Clear,Front to Rear,no,no,no,no,no,False
102721934,BERRY HILL POLICE DEPT,20-2087,Davidson,Berry Hill,6/5/2020 9:09:00 PM,2,0,0,36.120450,-86.775140,FRANKLIN PKE,,,,0.00,Feet,East,GALE LN,,,,0.00,N,Not at Intersection, ,Non-Junction,None,,,         ,Anthony,Russo,Clear,Front to Rear,no,no,no,yes,no,False
102721957,METROPOLITAN NASHVILLE POLICE DEPT,20200394343,Davidson,Nashville,6/7/2020 8:26:00 PM,1,3,0,36.163810,-86.822700,ALBION ST,,,,105.00,Feet,West,30TH AVN,,,,0.00,N,Not at Intersection,N,Non-Junction,None,,,         ,Joshua,Asbell,Clear,Not Collision with Motor Vehicle in Transport,no,no,no,no,no,False
102721973,METROPOLITAN NASHVILLE POLICE DEPT,20200393975,Davidson,Nashville,6/7/2020 5:13:00 PM,2,0,0,36.135390,-86.594450,OLD HICKORY BLVD,,,,0.00,Feet,East,COOKS LANDING LN,,,,0.00,N,Not at Intersection, ,Non-Junction,None,,,         ,Aimee,Ortiz,Clear,"Sideswipe, Opposite Direction",no,no,no,no,yes,False
102721997,METROPOLITAN NASHVILLE POLICE DEPT,20200394378,Davidson,Nashville,6/7/2020 8:39:00 PM,2,0,0,36.082030,-86.697690,I 24,,,,0.00,,,,,,,56.00,N,Not at Intersection,N,Non-Junction,None,,,         ,Luke,Steigerwalt,Clear,"Sideswipe, Same Direction",no,no,no,no,no,False
102722030,METROPOLITAN NASHVILLE POLICE DEPT,20200394221,Davidson,Not in City Limit,6/7/2020 6:28:00 PM,2,2,0,36.091680,-86.981190,HIGHWAY 70S,,,,0.00,Feet,,CHARLOTTE PKE,,,,0.00,Y,Y-Intersection,Y,Intersection,None,,,         ,David,Moser,Clear,HeadOn,no,no,no,no,no,False
102722054,METROPOLITAN NASHVILLE POLICE DEPT,20200394533,Davidson,Nashville,6/7/2020 11:30:00 PM,2,0,0,36.068200,-86.719110,NOLENSVILLE PKE,,,,0.00,,,HAYWOOD LN,,,,0.00,Y,T-Intersection, ,,None,,,         ,Angeline,Comilla,,,no,no,no,no,no,False
102722055,METROPOLITAN NASHVILLE POLICE DEPT,20200394547,Davidson,Nashville,6/7/2020 11:00:00 PM,1,0,0,36.166500,-86.761620,S 5TH ST,,,,0.00,Feet,East,SYLVAN ST,,,,0.00,N,Not at Intersection, ,Non-Junction,None,,,         ,Matthew,Jankiewicz,Clear,Not Collision with Motor Vehicle in Transport,no,no,no,no,no,False
102722057,METROPOLITAN NASHVILLE POLICE DEPT,20200394542,Davidson,Nashville,6/7/2020 11:27:00 PM,1,0,0,36.210970,-86.775750,I 65,,,,0.00,,,,,,,87.65,N,Not at Intersection, ,Non-Junction,None,,,         ,Joshua,Whitworth,Clear,Not Collision with Motor Vehicle in Transport,no,no,no,no,no,False
102722059,METROPOLITAN NASHVILLE POLICE DEPT,20200394518,Davidson,Nashville,6/7/2020 11:00:00 PM,2,1,0,36.055010,-86.642410,ZELIDA AV,,,,0.00,,,BELL RD,,,,0.00,Y,Four-Way,N,Intersection,None,,,         ,Holly,Davis,Clear,"Sideswipe, Same Direction",no,no,no,no,yes,False
102722069,METROPOLITAN NASHVILLE POLICE DEPT,20200394529,Davidson,Nashville,6/7/2020 11:19:00 PM,2,1,0,36.087740,-86.607190,SMITH SPRINGS RD,,,,0.00,,,ANDERSON RD,,,,0.00,Y,Four-Way,N,Non-Junction,None,,,         ,Joseph,Patricio,Clear,Angle,no,no,no,no,no,False
102722070,METROPOLITAN NASHVILLE POLICE DEPT,20200394578,Davidson,Hermitage,6/8/2020 12:09:00 AM,1,1,0,36.266640,-86.670060,HICKORY INDUSTRIAL DR,,,,0.00,,,OLD HICKORY BLVD,,,,0.00,Y,Y-Intersection,N,Intersection-Related,None,,,         ,Ryan,Malone,Clear,Not Collision with Motor Vehicle in Transport,no,no,no,no,no,False
102722082,METROPOLITAN NASHVILLE POLICE DEPT,20200394655,Davidson,Nashville,6/8/2020 1:20:00 AM,1,1,0,36.107000,-86.728700,NEESE DR,,,,5.00,Feet,East,SOUTHLAKE DR,,,,0.00,N,Not at Intersection,N,Non-Junction,None,,,         ,Garrett,Reingardt,Clear,Not Collision with Motor Vehicle in Transport,no,no,no,no,no,False
102722084,METROPOLITAN NASHVILLE POLICE DEPT,20200394273,Davidson,Nashville,6/7/2020 7:19:00 PM,1,0,0,36.174440,-86.770990,I 24,,,,0.00,,,,,,,48.10,N,Not at Intersection,N,Non-Junction,None,,,         ,Kelcey,Bell,Clear,Not Collision with Motor Vehicle in Transport,no,no,no,no,yes,False
102722094,METROPOLITAN NASHVILLE POLICE DEPT,20200394676,Davidson,Nashville,6/8/2020 1:55:00 AM,1,0,0,36.131770,-86.717740,MURFREESBORO PKE,,,,334.00,Feet,West,FOOTHILL CT,,,,0.00,N,Not at Intersection,N,Non-Junction,None,,,         ,Andrew,Richey,Clear,Not Collision with Motor Vehicle in Transport,no,no,no,yes,no,False
102722095,METROPOLITAN NASHVILLE POLICE DEPT,20200394588,Davidson,Nashville,6/7/2020 9:00:00 PM,2,0,0,36.070960,-86.636520,BELL RD,,,,346.00,Feet,South,MURFREESBORO PKE,,,,0.00,N,Not at Intersection,N,Non-Junction,None,,,         ,Kevin,Breeding,Clear,Angle,no,no,no,yes,yes,False
102722097,METROPOLITAN NASHVILLE POLICE DEPT,20200394534,Davidson,Nashville,6/7/2020 11:18:00 PM,3,0,0,36.182480,-86.807550,12TH AVN,,,,463.00,Feet,South,CLAY ST,,,,0.00,N,Not at Intersection,N,Non-Junction,None,,,         ,Joshua,Asbell,Clear,Unknown,no,no,no,no,no,False
102722106,METROPOLITAN NASHVILLE POLICE DEPT,20200394604,Davidson,Not in City Limit,6/8/2020 12:00:00 AM,1,1,0,36.269030,-86.707470,WILEY ST,,,,777.00,Feet,West,BIXLER AV,,,,0.00,N,Not at Intersection,N,"Driveway, Alley Access, etc",None,,,         ,Michael,Reid,Clear,Not Collision with Motor Vehicle in Transport,no,no,no,no,no,False
102722107,METROPOLITAN NASHVILLE POLICE DEPT,20200394248,Davidson,Nashville,6/7/2020 6:55:00 PM,2,1,0,36.183980,-86.814220,CLARKSVILLE PIKE,,,,7.00,Feet,West,23RD AVE N,,,,0.00,N,Not at Intersection,N,Non-Junction,None,,,         ,Malik,Burriss,Clear,Angle,no,no,no,no,yes,False
102722168,METROPOLITAN NASHVILLE POLICE DEPT,20200394965,Davidson,Nashville,6/8/2020 7:20:00 AM,2,0,0,36.279620,-86.779500,OLD HICKORY BLVD,,,,1199.00,Feet,East,BRICK CHURCH PKE,,,,0.00,N,Not at Intersection,N,Non-Junction,None,,,         ,Ian,Wilson,Clear,Front to Rear,no,no,no,no,yes,False
102722190,METROPOLITAN NASHVILLE POLICE DEPT,20200395115,Davidson,Nashville,6/8/2020 9:33:00 AM,2,0,0,36.115600,-86.862470,POST RD,,,,160.00,Feet,North,DAVIDSON RD,,,,0.00,N,Not at Intersection, ,,None,,,         ,Curtis,Rich,,,no,no,no,no,no,False
102722198,METROPOLITAN NASHVILLE POLICE DEPT,20200395127,Davidson,Nashville,6/8/2020 9:54:00 AM,2,2,0,36.142600,-86.699240,BRILEY PKWYS,,,,74.00,Feet,South,I40 E ENT RAMP,,,,0.00,N,Not at Intersection,N,Non-Junction,None,,,         ,Michael,Dance,Clear,HeadOn,no,no,no,no,no,False
102722205,METROPOLITAN NASHVILLE POLICE DEPT,20200395114,Davidson,Nashville,6/4/2020 3:00:00 PM,2,0,0,36.222080,-86.808360,REVELS DR,,,,0.00,,,LANE DR,,,,0.00,Y,T-Intersection,N,Intersection,None,,,         ,Royce,McLester,Unknown,Angle,no,no,no,no,yes,False
102722206,METROPOLITAN NASHVILLE POLICE DEPT,20200394939,Davidson,Nashville,6/8/2020 7:00:00 AM,3,0,0,36.065310,-86.771020,I 65,,,,0.00,,,,,,,76.60,N,Not at Intersection,N,Non-Junction,None,,,         ,Savannah,Starbuck,Clear,Not Collision with Motor Vehicle in Transport,no,no,no,no,no,False
102722207,METROPOLITAN NASHVILLE POLICE DEPT,20200394996,Davidson,Nashville,6/8/2020 7:40:00 AM,2,0,0,36.045370,-86.713260,OLD HICKORY BLVD,,,,0.00,Feet,,NOLENSVILLE PKE,,,,0.00,Y,Four-Way, ,Intersection-Related,None,,,         ,Savannah,Starbuck,Clear,Front to Rear,no,no,no,no,no,False
102722209,METROPOLITAN NASHVILLE POLICE DEPT,20200395125,Davidson,Nashville,6/8/2020 9:54:00 AM,2,3,0,36.110790,-86.773340,FRANKLIN PKE,,,,73.00,Feet,North,WOODMONT BLVD WB ENT RAMP,,,,0.00,N,Not at Intersection,N,Non-Junction,None,,,         ,Devin,Mabry,Cloudy,Front to Rear,no,no,no,no,no,False
102722213,METROPOLITAN NASHVILLE POLICE DEPT,20200395016,Davidson,Nashville,6/8/2020 8:18:00 AM,2,0,0,36.242000,-86.756990,US HWY 31W,,,,0.00,,,-- UNKNOWN RAMP/ROAD --,,,,0.00,Y,T-Intersection,Y,Entrance/Exit Ramp Related,None,,,         ,Ruben,Mariano,Clear,Angle,no,no,no,no,yes,False
102722216,METROPOLITAN NASHVILLE POLICE DEPT,20200395154,Davidson,Nashville,6/8/2020 10:00:00 AM,2,0,0,36.131920,-86.717500,MURFREESBORO PKE,,,,0.00,,,,,,,0.00,,,N,OtherLocation,None,,,         ,Michael,Brooks,Unknown,Not Collision with Motor Vehicle in Transport,no,no,no,no,yes,False
102722228,METROPOLITAN NASHVILLE POLICE DEPT,2020-0394214,Davidson,Nashville,6/7/2020 6:30:00 PM,2,1,0,36.079490,-86.644600,MURFREESBORO PKE,,,,0.00,Feet,,EDGE O LAKE DR,,,,0.00,Y,Four-Way,N,Intersection,None,,,         ,Gerald,Gomes,Clear,Angle,no,no,no,no,yes,False
102722234,METROPOLITAN NASHVILLE POLICE DEPT,20200395163,Davidson,Nashville,6/8/2020 10:23:00 AM,2,1,0,36.027720,-86.635530,I 24,,,,0.00,,,,,,,61.20,N,Not at Intersection,N,Non-Junction,None,,,         ,Lee,Davis,Cloudy,"Sideswipe, Same Direction",no,no,no,no,no,False
102722240,METROPOLITAN NASHVILLE POLICE DEPT,20200394936,Davidson,Nashville,6/8/2020 7:15:00 AM,2,1,0,36.151970,-86.848570,CHARLOTTE AV,,,,0.00,,,51ST AVN,,,,0.00,Y,OTHER,N,Non-Junction,None,,,         ,George,Spencer,Clear,Front to Rear,no,no,no,no,no,False
102722267,METROPOLITAN NASHVILLE POLICE DEPT,20200395229,Davidson,Nashville,6/8/2020 10:56:00 AM,2,0,0,36.163870,-86.786620,CHARLOTTE AV,,,,0.00,,,ROSA L PARKS BLVD,,,,0.00,Y,Four-Way,N,Intersection,None,,,         ,Shedie,Herbert III,Cloudy,Angle,no,no,no,no,no,False
102722288,METROPOLITAN NASHVILLE POLICE DEPT,20200395306,Davidson,Nashville,6/8/2020 12:34:00 PM,2,0,0,36.148290,-86.779500,I 40,,,,0.00,,,,,,,209.85,N,Not at Intersection, ,Entrance/Exit Ramp Related,None,,,         ,Tyler,Heckaman,Cloudy,"Sideswipe, Same Direction",no,no,no,no,no,False
102722298,METROPOLITAN NASHVILLE POLICE DEPT,20200395207,Davidson,Nashville,6/8/2020 9:45:00 AM,2,0,0,36.207710,-86.839780,CLARKSVILLE PKE,,,,110.00,Feet,North,W HAMILTON AV,,,,0.00,N,Not at Intersection, ,Non-Junction,Construction Zone,,,         ,Tanner,Ward,Cloudy,Angle,no,no,no,no,no,False
102722305,METROPOLITAN NASHVILLE POLICE DEPT,20200395295,Davidson,Nashville,6/8/2020 12:16:00 PM,2,0,0,36.169650,-86.587480,I 40,,,,0.00,,,,,,,221.55,N,Not at Intersection,N,Non-Junction,None,,,         ,Daniel,Fuentes,Cloudy,"Sideswipe, Same Direction",no,no,no,no,no,False
102722336,METROPOLITAN NASHVILLE POLICE DEPT,20200395333,Davidson,Nashville,6/8/2020 12:57:00 PM,1,1,0,36.158730,-86.818530,28TH AVN,,,,0.00,,,CLIFTON AV,,,,0.00,Y,Four-Way,Y,Intersection,None,,,         ,Jordan,Vrbas,Clear,Not Collision with Motor Vehicle in Transport,no,yes,no,no,no,False
102722357,METROPOLITAN NASHVILLE POLICE DEPT,20200395418,Davidson,Nashville,6/8/2020 2:22:00 PM,2,0,0,36.158570,-86.863950,BRILEY PKWYN,,,,135.00,Feet,West,BRILEY PKWYS,,,,0.00,N,Not at Intersection, ,Non-Junction,None,,,         ,Curtis,Rich,Cloudy,Angle,no,no,no,no,yes,False
102722359,METROPOLITAN NASHVILLE POLICE DEPT,20200395367,Davidson,Antioch,6/8/2020 1:34:00 PM,2,0,0,36.049570,-86.579190,LAVERGNE COUCHVILLE PKE,,,,1542.00,Feet,North,PIN HOOK RD,,,,0.00,N,Not at Intersection,N,Non-Junction,None,,,         ,Han,Hong,Clear,"Sideswipe, Same Direction",no,no,no,no,no,False
102722390,METROPOLITAN NASHVILLE POLICE DEPT,20200395412,Davidson,Nashville,6/8/2020 2:10:00 PM,2,0,0,36.157430,-86.802190,CHARLOTTE AV,,,,160.00,Feet,East,JO JOHNSTON AV,,,,0.00,N,Not at Intersection, ,Non-Junction,None,,,         ,Tyler,Heckaman,Cloudy,Front to Rear,no,no,no,no,no,False
102722393,METROPOLITAN NASHVILLE POLICE DEPT,20200395430,Davidson,Nashville,6/8/2020 2:45:00 PM,2,0,0,36.131290,-86.896960,I40 E EXT RAMP,,,,0.00,,,I 40,,,,0.00,Y,T-Intersection, ,Intersection,None,,,         ,Benjamin,Cantrell,Cloudy,Front to Rear,no,no,no,no,no,False
102722394,METROPOLITAN NASHVILLE POLICE DEPT,20200395422,Davidson,Nashville,6/8/2020 1:28:00 PM,2,0,0,36.172920,-86.765110,MAIN ST,,,,48.00,Feet,East,US HWY 31W,,,,0.00,N,Not at Intersection, ,Non-Junction,None,,,         ,Eric,Cunningham,Cloudy,Angle,no,no,no,no,yes,False
102722398,METROPOLITAN NASHVILLE POLICE DEPT,20200395404,Davidson,Nashville,6/8/2020 2:10:00 PM,3,0,0,36.192610,-86.744430,GALLATIN AV,,,,41.00,Feet,South,DOUGLAS AV,,,,0.00,N,Not at Intersection,N,Non-Junction,None,,,         ,Joshua,Baker,Clear,Front to Rear,no,no,no,no,no,False
102722399,METROPOLITAN NASHVILLE POLICE DEPT,20200395471,Davidson,Nashville,6/8/2020 2:49:00 PM,2,2,0,36.143040,-86.841770,46TH AVN,,,,108.00,Feet,South,NEBRASKA AV,,,,0.00,N,Not at Intersection,N,Non-Junction,None,,,         ,Curtis,Rich,Cloudy,Front to Rear,no,no,no,no,no,False
102722416,GOODLETTSVILLE POLICE DEPT,20-17970,Davidson,Goodlettsville,6/8/2020 10:33:00 AM,3,1,0,36.318120,-86.702030,I 65,,,,0.00,,,,,,,96.55,N,Not at Intersection,N,Non-Junction,None,,,         ,Jessica,Gistarb,Clear,"Sideswipe, Same Direction",no,no,no,no,no,False
102722417,METROPOLITAN NASHVILLE POLICE DEPT,20200395488,Davidson,Nashville,6/8/2020 3:21:00 PM,1,0,0,36.168590,-86.688000,BRILEY PKWY N ENT RAMP,,,,0.00,Feet,East,LEBANON PKE,,,,0.00,N,Not at Intersection, ,Entrance/Exit Ramp Related,None,,,         ,Ian,Hammond,Cloudy,Not Collision with Motor Vehicle in Transport,no,no,no,no,yes,False
102722441,METROPOLITAN NASHVILLE POLICE DEPT,20200395446,Davidson,Nashville,6/8/2020 2:50:00 PM,2,2,0,36.165700,-86.734880,SEVIER ST,,,,469.00,Feet,West,DAVIDSON ST,,,,0.00,N,Not at Intersection,N,Non-Junction,None,,,         ,Eric,Knight,Cloudy,Front to Rear,no,no,no,yes,no,False
102722445,METROPOLITAN NASHVILLE POLICE DEPT,20200395515,Davidson,Nashville,6/8/2020 4:00:00 PM,2,0,0,36.185520,-86.817180,CLARKSVILLE PKE,,,,0.00,,,25TH AVN,,,,0.00,Y,Four-Way,Y,Intersection,None,,,         ,Brian,Quigley,Cloudy,Front to Rear,no,no,no,no,yes,False
102722449,METROPOLITAN NASHVILLE POLICE DEPT,20200395218,Davidson,Nashville,6/8/2020 11:10:00 AM,2,0,0,36.174600,-86.790770,7TH AVN,,,,201.00,Feet,North,MADISON ST,,,,0.00,N,Not at Intersection, ,Non-Junction,None,,,         ,Keith,Parlato,Cloudy,"Sideswipe, Same Direction",no,no,no,no,no,False
102722454,METROPOLITAN NASHVILLE POLICE DEPT,20200395500,Davidson,Nashville,6/8/2020 3:30:00 PM,2,0,0,36.189240,-86.775380,I 24,,,,0.00,,,,,,,47.05,N,Not at Intersection,Y,Entrance/Exit Ramp Related,None,,,         ,Ruben,Mariano,Clear,Front to Rear,no,no,no,no,yes,False
102722455,METROPOLITAN NASHVILLE POLICE DEPT,20200395523,Davidson,Nashville,6/8/2020 4:20:00 PM,2,0,0,36.124840,-86.813370,I 440,,,,0.00,,,,,,,2.40,N,Not at Intersection, ,Non-Junction,Construction Zone,,,         ,Tyler,Heckaman,Cloudy,Front to Rear,no,no,no,no,no,False
102722456,METROPOLITAN NASHVILLE POLICE DEPT,20200395343,Davidson,Nashville,6/8/2020 1:05:00 PM,2,2,0,36.045600,-86.658470,I24 W EXT RAMP,,,,0.00,,,I 24,,,,0.00,Y,Four-Way,Y,Intersection-Related,None,,,         ,Gerald,Gomes,Clear,Front to Rear,no,no,no,no,no,False
102722460,METROPOLITAN NASHVILLE POLICE DEPT,20200395519,Davidson,Nashville,6/8/2020 4:12:00 PM,1,0,0,36.164690,-86.760610,S 5TH ST,,,,310.00,Feet,South,SUMMER PL,,,,0.00,N,Not at Intersection, ,Non-Junction,Construction Zone,,,         ,Kristopher,Sutton,Clear,Not Collision with Motor Vehicle in Transport,no,no,no,no,no,False
102722470,METROPOLITAN NASHVILLE POLICE DEPT,20200395511,Davidson,Nashville,6/8/2020 1:40:00 PM,2,0,0,36.118070,-86.748820,NOLENSVILLE PKE,,,,121.00,Feet,North,LUTIE ST,,,,0.00,N,Not at Intersection,N,Non-Junction,None,,,         ,James,Thomas,Clear,Angle,no,no,no,no,yes,False
102722477,METROPOLITAN NASHVILLE POLICE DEPT,20200395535,Davidson,Nashville,6/8/2020 4:27:00 PM,2,0,0,36.155820,-86.795920,17TH AVN,,,,0.00,Feet,,CHURCH ST,,,,0.00,Y,Four-Way, ,Intersection,None,,,         ,Melina,Tamborella,Cloudy,Angle,no,no,no,no,no,False
102722485,METROPOLITAN NASHVILLE POLICE DEPT,20200395571,Davidson,Nashville,6/8/2020 5:09:00 PM,1,0,0,36.216910,-86.599510,JACKSON MEADOWS DR,,,,0.00,,,,,,,0.00,,, ,Non-Junction,None,,,         ,Michael,Dance,Cloudy,Not Collision with Motor Vehicle in Transport,no,no,no,yes,no,False
102722488,THP District 3 - Nashville,320035983,Davidson,Nashville,5/30/2020 11:00:00 PM,2,0,0,36.164430,-86.782670,6TH AVN,,,,0.00,,,,,,,0.00,,, ,,None,,,         ,Scott,Pollard,,,no,no,no,yes,no,False
102722505,METROPOLITAN NASHVILLE POLICE DEPT,20200395583,Davidson,Antioch,6/8/2020 5:31:00 PM,1,1,0,36.058900,-86.597440,HOBSON PKE,,,,150.00,Feet,North,HAMILTON CHURCH RD,,,,0.00,N,Not at Intersection,N,Non-Junction,None,,,         ,Ryan,Howard,Cloudy,Not Collision with Motor Vehicle in Transport,yes,no,no,no,no,False
102722506,METROPOLITAN NASHVILLE POLICE DEPT,20200395602,Davidson,Nashville,6/8/2020 6:00:00 PM,2,0,0,36.053060,-86.896080,OLD HICKORY BLVD,,,,834.00,Feet,East,GAUCHO ROAD PVTDR,,,,0.00,N,Not at Intersection, ,Non-Junction,None,,,         ,Curtis,Rich,Cloudy,Front to Rear,no,no,no,no,no,False
102722513,METROPOLITAN NASHVILLE POLICE DEPT,20200395586,Davidson,Nashville,6/8/2020 5:29:00 PM,2,0,0,36.152840,-86.754820,I 40,,,,0.00,,,,,,,211.30,N,Not at Intersection, ,Non-Junction,None,,,         ,Roger,Luther,Cloudy,"Sideswipe, Same Direction",no,no,no,no,no,False
102722522,METROPOLITAN NASHVILLE POLICE DEPT,20200395595,Davidson,Nashville,6/8/2020 5:45:00 PM,2,0,0,36.153300,-86.772180,4TH AVS,,,,0.00,Feet,East,ELM ST,,,,0.00,N,Not at Intersection, ,Non-Junction,None,,,         ,Shedie,Herbert III,Cloudy,"Sideswipe, Same Direction",no,no,no,no,no,False