master_record_number,agency,agency_tracking_number,county,city,collision_date,vehicles_involved,number_injured,number_dead,latitude,longitude,roadway_name,roadway_suffix,roadway_number,roadway_local_id,distance_from_reference,miles-feet_indicator,direction_from_reference,intersection_road_name,intersection_road_name_suffix,intersection_road_number,intersection_local_id,mile_marker,intersection_indicator,intersect_type,interchange_related_indicator,relation_to_junction,work_zone_type,construction_maintenance_zone,construction_maintenance_zone_location,fatal_case_number,officer_first_name,officer_last_name,weather_condition(s),manner_of_crash,pedestrian,bicycle,scooter,parking,hitrun,mou
102723944,METROPOLITAN NASHVILLE POLICE DEPT,20200400144,Davidson,Nashville,6/10/2020 8:56:00 PM,1,2,0,36.216070,-86.689400,MCGAVOCK PKE,,,,76.00,Feet,West,PENNINGTON BEND RD,,,,0.00,N,Not at Intersection,N,Non-Junction,None,,,         ,Joseph,Simon,Clear,Not Collision with Motor Vehicle in Transport,no,no,no,no,no,False
102723947,METROPOLITAN NASHVILLE POLICE DEPT,20200400537,Davidson,Nashville,6/11/2020 12:40:00 AM,2,1,0,36.221950,-86.726140,GALLATIN PIKE,,,,329.00,Feet,North,MCALPINE AVE,,,,0.00,N,Not at Intersection,N,Non-Junction,None,,,         ,Jackson,Sanders,Clear,Front to Rear,no,no,no,no,no,False
102723950,METROPOLITAN NASHVILLE POLICE DEPT,20200400529,Davidson,Nashville,6/11/2020 12:43:00 AM,2,1,0,36.107180,-86.629800,NED SHELTON RD,,,,0.00,,,BELL RD,,,,0.00,Y,OTHER,N,Intersection,None,,,         ,Samuel,Fredericks,Clear,Angle,no,no,no,no,no,False
102723961,METROPOLITAN NASHVILLE POLICE DEPT,20200400403,Davidson,Antioch,6/10/2020 10:00:00 PM,2,0,0,36.046031,-88.582683,PIN HOOK,RD,,,0.00,Feet,,LAVERNGE COUCHVILLE,PIKE,,,0.00,Y,Four-Way,Y,Intersection,None,,,         ,Kevin,Breeding,Clear,HeadOn,no,no,no,no,no,False
102723963,METROPOLITAN NASHVILLE POLICE DEPT,20200400641,Davidson,Antioch,6/11/2020 1:55:00 AM,2,0,0,36.059400,-86.599650,HAMILTON CHURCH RD,,,,641.00,Feet,West,HOBSON PKE,,,,0.00,N,Not at Intersection,N,Non-Junction,None,,,         ,Theodore,Meskers,Clear,"Sideswipe, Opposite Direction",no,no,no,no,no,False
102723964,METROPOLITAN NASHVILLE POLICE DEPT,20200400590,Davidson,Not in City Limit,6/10/2020 11:20:00 PM,1,0,0,36.278700,-86.690680,MYATT DR,,,,217.00,Feet,North,MADISON INDUSTRIAL RD,,,,0.00,N,Not at Intersection,N,Non-Junction,None,,,         ,Michael,Reid,Clear,Not Collision with Motor Vehicle in Transport,no,no,no,no,no,False
102723969,METROPOLITAN NASHVILLE POLICE DEPT,20200400446,Davidson,Not in City Limit,6/10/2020 11:56:00 PM,5,5,0,36.077540,-86.964310,I 40,,,,0.00,,,,,,,195.85,N,Not at Intersection,N,Non-Junction,None,,,         ,David,Moser,Clear,Not Collision with Motor Vehicle in Transport,no,no,no,no,no,False
102723972,METROPOLITAN NASHVILLE POLICE DEPT,20200400735,Davidson,Nashville,6/11/2020 12:00:00 AM,2,0,0,36.088610,-86.702170,I 24,,,,0.00,,,,,,,55.50,N,Not at Intersection,N,Non-Junction,None,,,         ,Jeremy,Spears,Clear,"Sideswipe, Same Direction",no,no,no,no,no,False
102723986,METROPOLITAN NASHVILLE POLICE DEPT,20200400783,Davidson,Nashville,6/11/2020 12:00:00 AM,1,1,0,36.095960,-86.643840,SMITH SPRINGS RD,,,,0.00,,,,,,,0.00,,,N,Non-Junction,None,,,         ,Bradley,Pope,Clear,Not Collision with Motor Vehicle in Transport,no,no,no,yes,yes,False
102724003,METROPOLITAN NASHVILLE POLICE DEPT,20200400632,Davidson,Nashville,6/11/2020 1:50:00 AM,2,0,0,36.141460,-86.715760,I 40,,,,0.00,,,,,,,213.90,N,Not at Intersection,N,Non-Junction,None,,,         ,Corey,Ethridge,Clear,"Sideswipe, Same Direction",no,no,no,no,no,False
102724011,METROPOLITAN NASHVILLE POLICE DEPT,20200400896,Davidson,Nashville,6/11/2020 5:31:00 AM,2,1,0,36.216300,-86.753050,OAKWOOD AV,,,,389.00,Feet,North,BULLOCK AV,,,,0.00,N,Not at Intersection,N,Non-Junction,None,,,         ,Joshua,Whitworth,Clear,Not Collision with Motor Vehicle in Transport,no,no,no,no,no,False
102724019,METROPOLITAN NASHVILLE POLICE DEPT,2020-0400610,Davidson,Nashville,6/11/2020 1:40:00 AM,2,1,0,36.141600,-86.714930,I 40,,,,0.00,,,,,,,213.90,N,Not at Intersection,Y,Non-Junction,None,,,         ,Joshua,McGarvey,Clear,Front to Rear,no,no,no,no,no,False
102724020,METROPOLITAN NASHVILLE POLICE DEPT,20200400983,Davidson,Nashville,6/11/2020 7:01:00 AM,3,0,0,36.137210,-86.726760,I 24,,,,0.00,,,,,,,52.30,N,Not at Intersection,N,Non-Junction,None,,,         ,Michael,Dance,Clear,Front to Rear,no,no,no,no,yes,False
102724030,METROPOLITAN NASHVILLE POLICE DEPT,20200379645,Davidson,Nashville,5/30/2020 12:32:00 PM,2,0,0,36.049980,-86.649500,BELL RD,,,,0.00,,,MT VIEW RD,,,,0.00,Y,Four-Way,N,Intersection,None,,,         ,Scott,Carter,Cloudy,Front to Rear,no,no,no,no,yes,False
102724049,METROPOLITAN NASHVILLE POLICE DEPT,20200401125,Davidson,Nashville,6/11/2020 8:54:00 AM,2,0,0,36.148660,-86.807040,24TH AVN,,,,0.00,,,ELLISTON PL,,,,0.00,Y,Four-Way, ,Intersection,None,,,         ,Nathan,Kemp,Clear,Angle,no,no,no,no,no,Campus
102724051,METROPOLITAN NASHVILLE POLICE DEPT,20200401026,Davidson,Goodlettsville,6/11/2020 7:30:00 AM,2,0,0,36.296910,-86.699160,GALLATIN PKEN,,,,0.00,Feet,,GALLATIN PKEN,,,,0.00,Y,Four-Way, ,,None,,,         ,Cyretha,Frazier,,,no,no,no,no,no,False
102724055,METROPOLITAN NASHVILLE POLICE DEPT,20200401167,Davidson,Nashville,6/11/2020 9:30:00 AM,2,0,0,36.051192,-86.615605,MURFREESBORO,PIKE,SR3571,,100.00,Feet,North,SUMMERCREST,BLVD,SR,,0.00,N,Not at Intersection, ,,None,,,         ,Han,Hong,,,no,no,no,no,no,False
102724061,METROPOLITAN NASHVILLE POLICE DEPT,20200401165,Davidson,Nashville,6/11/2020 9:26:00 AM,2,1,0,36.187060,-86.631070,LEBANON PKE,,,,0.00,,,CENTRAL PKE,,,,0.00,Y,Four-Way,N,Intersection-Related,None,,,         ,Michael,Parman,Clear,Front to Rear,no,no,no,no,no,False
102724062,METROPOLITAN NASHVILLE POLICE DEPT,20200401184,Davidson,Nashville,6/11/2020 9:43:00 AM,2,0,0,36.113030,-86.799730,WOODMONT BLVD,,,,75.00,Feet,East,BELMONT BLVD,,,,0.00,N,Not at Intersection, ,Non-Junction,None,,,         ,Nathan,Kemp,Clear,Front to Rear,no,no,no,no,no,False
102724069,METROPOLITAN NASHVILLE POLICE DEPT,20200401109,Davidson,Nashville,6/11/2020 8:44:00 AM,2,2,0,36.228920,-86.591340,CASCADE DR,,,,0.00,,,WOODSIDE DR,,,,0.00,Y,Four-Way,N,Intersection,None,,,         ,Michael,Brooks,Clear,HeadOn,no,no,no,no,no,False
102724079,METROPOLITAN NASHVILLE POLICE DEPT,20200401201,Davidson,Nashville,6/11/2020 10:00:00 AM,2,0,0,36.185550,-86.808230,12TH AVN,,,,0.00,,,CASS ST,,,,0.00,Y,T-Intersection, ,Intersection-Related,None,,,         ,Jean,McCormack,Clear,Angle,no,no,no,no,no,False
102724107,METROPOLITAN NASHVILLE POLICE DEPT,20200401318,Davidson,Nashville,6/11/2020 11:22:00 AM,2,1,0,36.125270,-86.847240,HARDING PKE,,,,157.00,Feet,East,WHITE BRIDGE PKE,,,,0.00,N,Not at Intersection,N,Non-Junction,None,,,         ,Curtis,Rich,Clear,Front to Rear,no,no,no,no,no,False
102724108,METROPOLITAN NASHVILLE POLICE DEPT,20200399284,Davidson,Nashville,6/10/2020 12:47:00 PM,2,0,0,36.075660,-86.693530,I 24,,,,0.00,,,,,,,56.50,N,Not at Intersection, ,Non-Junction,None,,,         ,Gregory,Dixon,Clear,"Sideswipe, Same Direction",no,no,no,no,no,False
102724111,METROPOLITAN NASHVILLE POLICE DEPT,20200401235,Davidson,Madison,6/11/2020 10:15:00 AM,2,0,0,36.264450,-86.732280,S GRAYCROFT AV,,,,0.00,,,OLD HICKORY BLVDW,,,,0.00,Y,Four-Way,N,Intersection,None,,,         ,Cyretha,Frazier,Clear,Angle,no,no,no,no,no,False
102724122,METROPOLITAN NASHVILLE POLICE DEPT,20200401377,Davidson,Nashville,6/11/2020 11:40:00 AM,2,0,0,36.246470,-86.744700,I 65,,,,0.00,,,,,,,90.90,N,Not at Intersection,N,Non-Junction,None,,,         ,Ian,Wilson,Clear,"Sideswipe, Same Direction",no,no,no,no,yes,False
102724132,METROPOLITAN NASHVILLE POLICE DEPT,20200401358,Davidson,Madison,6/11/2020 11:40:00 AM,1,0,0,36.264450,-86.732280,OLD HICKORY BLVDW,,,,0.00,,,N GRAYCROFT AV,,,,0.00,Y,Four-Way,N,Intersection,None,,,         ,Cyretha,Frazier,Clear,Not Collision with Motor Vehicle in Transport,no,no,no,no,yes,False
102724140,METROPOLITAN NASHVILLE POLICE DEPT,20200401399,Davidson,Not in City Limit,6/11/2020 12:00:00 PM,2,0,0,36.077900,-86.946940,BELLEVUE CTR PVTDR,,,,171.00,Feet,North,HIGHWAY 70S,,,,0.00,N,Not at Intersection, ,Non-Junction,None,,,         ,Wesley,Tilley,Clear,Angle,no,no,no,no,no,False
102724147,METROPOLITAN NASHVILLE POLICE DEPT,20200401401,Davidson,Nashville,6/11/2020 12:21:00 PM,2,0,0,36.147320,-86.798140,GRAND AV,,,,0.00,,,20TH AVS,,,,0.00,Y,T-Intersection, ,Intersection,None,,,         ,Nathan,Kemp,Clear,Angle,no,no,no,no,no,Campus
102724148,METROPOLITAN NASHVILLE POLICE DEPT,20200401412,Davidson,Nashville,6/11/2020 12:28:00 PM,2,0,0,36.137850,-86.820640,I440 W EXT RAMP,,,,0.00,,,WEST END AV,,,,0.00,Y,T-Intersection, ,Entrance/Exit Ramp Related,None,,,         ,Nathan,Kemp,Clear,"Sideswipe, Same Direction",no,no,no,no,no,False
102724160,METROPOLITAN NASHVILLE POLICE DEPT,20200401407,Davidson,Nashville,6/11/2020 10:54:00 AM,2,0,0,36.249570,-86.743340,OLD DUE WEST AV,,,,0.00,,,CHANNING DR,,,,0.00,Y,T-Intersection,N,Intersection-Related,None,,,         ,William,Coy,Clear,Rear to Side,no,no,no,no,yes,False
102724178,METROPOLITAN NASHVILLE POLICE DEPT,20200401508,Davidson,Not in City Limit,6/11/2020 1:30:00 PM,2,0,0,36.083840,-86.951170,I 40,,,,0.00,,,,,,,196.70,N,Not at Intersection, ,Non-Junction,None,,,         ,Curtis,Rich,Clear,Angle,no,no,no,no,yes,False
102724179,METROPOLITAN NASHVILLE POLICE DEPT,20200401496,Davidson,Nashville,6/11/2020 1:20:00 PM,2,0,0,36.043570,-86.640670,BABY RUTH LN,,,,20.00,Feet,North,MT VIEW RD,,,,0.00,N,Not at Intersection,N,Non-Junction,None,,,         ,Lee,Davis,Clear,Front to Rear,no,no,no,no,yes,False
102724190,METROPOLITAN NASHVILLE POLICE DEPT,20200401518,Davidson,Nashville,6/11/2020 1:56:00 PM,1,0,0,36.081100,-86.758360,HARDING PL,,,,0.00,,,TROUSDALE DR,,,,0.00,Y,Four-Way,N,Intersection,None,,,         ,Nathan,Kemp,Clear,Not Collision with Motor Vehicle in Transport,no,no,no,no,no,False
102724203,METROPOLITAN NASHVILLE POLICE DEPT,20200401497,Davidson,Nashville,6/11/2020 1:30:00 PM,1,0,0,36.159240,-86.810890,MERRY ST,,,,431.00,Feet,South,25TH AVN,,,,0.00,N,Not at Intersection, ,Non-Junction,None,,,         ,Brian,Quigley,Clear,Not Collision with Motor Vehicle in Transport,no,no,no,no,no,False
102724208,BELLE MEADE POLICE DEPT,20-0113,Davidson,Belle Meade,6/11/2020 1:44:00 PM,2,0,0,36.114130,-86.862120,HARDING PKE,,,,100.00,Feet,South,CLARENDON AV,,,,0.00,N,Not at Intersection, ,Non-Junction,None,,,         ,Charles,Williams,Clear,Front to Rear,no,no,no,no,no,False
102724246,METROPOLITAN NASHVILLE POLICE DEPT,20200401607,Davidson,Nashville,6/11/2020 12:00:00 AM,2,0,0,36.180900,-86.734090,N 20TH ST,,,,80.00,Feet,South,HACKBERRY LN,,,,0.00,N,Not at Intersection,N,Non-Junction,None,,,         ,Richard,Conger,Clear,Unknown,no,no,no,no,yes,False
102724262,METROPOLITAN NASHVILLE POLICE DEPT,20200401602,Davidson,Not in City Limit,6/11/2020 2:56:00 PM,2,1,0,36.308440,-86.682100,GALLATIN PKEN,,,,909.00,Feet,East,NORTHSIDE MARKETPLACE PVTDR,,,,0.00,N,Not at Intersection,N,Non-Junction,None,,,         ,Christopher,Littles,Clear,Front to Rear,no,no,no,no,no,False
102724267,METROPOLITAN NASHVILLE POLICE DEPT,20200401178,Davidson,Nashville,6/11/2020 9:39:00 AM,2,2,0,36.194130,-86.840840,HYDES FERRY RD,,,,0.00,,,E STEWARTS LN,,,,0.00,Y,T-Intersection,N,Intersection,None,,,         ,Royce,McLester,Clear,HeadOn,no,no,no,no,no,False
102724269,METROPOLITAN NASHVILLE POLICE DEPT,20200401667,Davidson,Nashville,6/11/2020 3:14:00 PM,2,0,0,36.114870,-86.747250,NOLENSVILLE PKE,,,,107.00,Feet,North,CENTRAL AV,,,,0.00,N,Not at Intersection,N,Non-Junction,None,,,         ,FELIKS,ABRAHAMYAN,Clear,Front to Rear,no,no,no,no,yes,False
102724279,METROPOLITAN NASHVILLE POLICE DEPT,20200401597,Davidson,Antioch,6/11/2020 1:38:00 PM,2,0,0,36.042340,-86.607440,HOBSON PKE,,,,319.00,Feet,West,MURFREESBORO PKE,,,,0.00,N,Not at Intersection, ,Non-Junction,None,,,         ,Cooper,HIll,Clear,"Sideswipe, Same Direction",no,no,no,no,no,False
102724287,METROPOLITAN NASHVILLE POLICE DEPT,20200401676,Davidson,Nashville,6/11/2020 3:16:00 PM,2,0,0,36.120100,-86.743050,FOSTER AV,,,,8.00,Feet,North,PEACHTREE ST,,,,0.00,N,Not at Intersection, ,Non-Junction,None,,,         ,Austin,Binner,Clear,Front to Rear,no,no,no,no,no,False
102724291,METROPOLITAN NASHVILLE POLICE DEPT,20200401622,Davidson,Nashville,6/11/2020 12:00:00 AM,2,1,0,36.129530,-86.741900,FOSTER AV,,,,113.00,Feet,South,CADEN DR,,,,0.00,N,Not at Intersection,N,Non-Junction,None,,,         ,John,Braun,Clear,Front to Rear,no,no,no,no,no,False
102724301,METROPOLITAN NASHVILLE POLICE DEPT,20200401707,Davidson,Not in City Limit,6/11/2020 3:59:00 PM,2,0,0,36.267310,-86.697820,N DUPONT AV,,,,0.00,,,DUPONT AVENUE APARTMENT PVTDR,,,,0.00,Y,T-Intersection,N,Intersection,None,,,         ,Christopher,Littles,Clear,"Sideswipe, Same Direction",no,no,no,no,yes,False
102724320,METROPOLITAN NASHVILLE POLICE DEPT,20200401679,Davidson,Nashville,6/11/2020 2:50:00 PM,2,0,0,36.169520,-86.766750,I 24,,,,0.00,,,,,,,48.70,N,Not at Intersection,N,Non-Junction,None,,,         ,Alexander,Hartle,Clear,Front to Rear,no,no,no,no,no,False
102724325,METROPOLITAN NASHVILLE POLICE DEPT,20200401570,Davidson,Not in City Limit,6/11/2020 2:05:00 PM,2,1,0,36.045810,-86.948600,HIGHWAY 100,,,,124.00,Feet,East,CLAXTON CT,,,,0.00,N,Not at Intersection,N,Non-Junction,None,,,         ,Devonte,Coleman,Clear,"Sideswipe, Same Direction",no,no,no,no,no,False
102724338,METROPOLITAN NASHVILLE POLICE DEPT,20200395924,Davidson,Nashville,6/8/2020 10:25:00 PM,1,1,0,36.153680,-86.819540,CHARLOTTE AV,,,,366.00,Feet,South,CITY AV,,,,0.00,N,Not at Intersection,N,Non-Junction,None,,,         ,Kevin,Coleman,Clear,Not Collision with Motor Vehicle in Transport,no,yes,no,no,yes,False
102724344,METROPOLITAN NASHVILLE POLICE DEPT,20200401756,Davidson,Nashville,6/11/2020 4:30:00 PM,1,0,0,36.139100,-86.816430,LOVE CIR,,,,322.00,Feet,South,ORLEANS DR,,,,0.00,N,Not at Intersection,N,"Driveway, Alley Access, etc",None,,,         ,Zachary,Plese,Clear,Not Collision with Motor Vehicle in Transport,no,no,no,no,no,False
102724346,METROPOLITAN NASHVILLE POLICE DEPT,20200401697,Davidson,Nashville,6/11/2020 3:38:00 PM,2,0,0,36.194620,-86.776170,I 24,,,,0.00,,,,,,,46.60,N,Not at Intersection,N,Non-Junction,None,,,         ,Blake,McKay,Clear,"Sideswipe, Same Direction",no,no,no,no,yes,False
102724348,METROPOLITAN NASHVILLE POLICE DEPT,20200401769,Davidson,Nashville,6/11/2020 3:50:00 PM,2,0,0,36.163380,-86.761850,I24 W EXT RAMP,,,,0.00,Feet,East,I 24,,,,0.00,N,Not at Intersection,N,Non-Junction,None,,,         ,Alec,Pellissier,Clear,Front to Rear,no,no,no,no,yes,False
102724349,METROPOLITAN NASHVILLE POLICE DEPT,20200401816,Davidson,Goodlettsville,6/11/2020 5:07:00 PM,1,1,0,36.285420,-86.719810,STAR BLVD,,,,657.00,Feet,North,N GRAYCROFT AV,,,,0.00,N,Not at Intersection,N,Non-Junction,None,,,         ,Christopher,Littles,Clear,Not Collision with Motor Vehicle in Transport,no,yes,no,no,no,False
102724354,METROPOLITAN NASHVILLE POLICE DEPT,20200401853,Davidson,Nashville,6/11/2020 5:25:00 PM,2,0,0,36.148200,-86.799220,US HWY 431,,,,115.00,Feet,East,RAMP,,,,0.00,N,Not at Intersection,N,Non-Junction,None,,,         ,Goran,Manojlovic,Clear,Front to Rear,no,no,no,no,yes,Campus
102724358,METROPOLITAN NASHVILLE POLICE DEPT,20200401856,Davidson,Nashville,6/11/2020 3:55:00 PM,2,0,0,36.166600,-86.764760,I 24,,,,0.00,,,,,,,49.00,N,Not at Intersection,N,Non-Junction,None,,,         ,Richard,Conger,Clear,Front to Rear,no,no,no,no,yes,False
102724363,METROPOLITAN NASHVILLE POLICE DEPT,20200401868,Davidson,Nashville,6/11/2020 4:53:00 PM,2,0,0,36.137510,-86.842000,SLOAN RD,,,,214.00,Feet,North,RICHLAND CREEK GRNWY,,,,0.00,N,Not at Intersection, ,Non-Junction,None,,,         ,Devonte,Coleman,Clear,Front to Rear,no,no,no,no,no,False
102724364,METROPOLITAN NASHVILLE POLICE DEPT,20200401820,Davidson,Nashville,6/11/2020 5:10:00 PM,2,1,0,36.256190,-86.714390,NEELYS BEND RD,,,,0.00,,,GALLATIN PKES,,,,0.00,Y,Four-Way,N,Intersection,None,,,         ,Dylan,Bradley,Clear,Angle,no,no,no,no,no,False
102724368,METROPOLITAN NASHVILLE POLICE DEPT,20200401724,Davidson,Nashville,6/11/2020 4:13:00 PM,3,4,0,36.134740,-86.784080,WEDGEWOOD AV,,,,0.00,,,HILLSIDE AV,,,,0.00,Y,T-Intersection,N,Intersection-Related,None,,,         ,FELIKS,ABRAHAMYAN,Clear,Angle,no,no,no,no,no,False
102724375,METROPOLITAN NASHVILLE POLICE DEPT,20200401772,Davidson,Nashville,6/11/2020 4:40:00 PM,2,0,0,36.187920,-86.798480,DOMINICAN DR,,,,0.00,,,ROSA L PARKS BLVD,,,,0.00,Y,Four-Way,N,Intersection-Related,None,,,         ,Jonathan,Sharp,Clear,Angle,no,no,no,no,no,False
102724382,METROPOLITAN NASHVILLE POLICE DEPT,20200401926,Davidson,Nashville,6/11/2020 5:57:00 PM,2,0,0,36.127740,-86.629500,BELL RD,,,,98.00,Feet,North,PRIEST WOODS DR,,,,0.00,N,Not at Intersection, ,Non-Junction,None,,,         ,Jacob,Ross,Clear,Front to Rear,no,no,no,no,no,False
102724393,METROPOLITAN NASHVILLE POLICE DEPT,20200401920,Davidson,Nashville,6/11/2020 5:30:00 PM,2,0,0,36.211200,-86.691110,BRILEY PKWYN,,,,1084.00,Feet,North,KIMBERLY DR,,,,0.00,N,Not at Intersection, ,Non-Junction,None,,,         ,Christopher,Littles,Clear,"Sideswipe, Same Direction",no,no,no,no,no,False
102724396,METROPOLITAN NASHVILLE POLICE DEPT,20200401971,Davidson,Not in City Limit,6/11/2020 2:50:00 PM,2,1,0,36.293860,-86.886800,CLARKSVILLE PKE,,,,1137.00,Feet,West,EATONS CREEK RD,,,,0.00,N,Not at Intersection, ,Non-Junction,None,,,         ,Brian,Woodard,Clear,Front to Rear,no,no,no,no,no,False
102724405,METROPOLITAN NASHVILLE POLICE DEPT,20200401923,Davidson,Nashville,6/11/2020 5:55:00 PM,2,0,0,36.096450,-86.656000,RAMP,,,,0.00,Feet,East,US HWY 41,,,,0.00,N,Not at Intersection,N,Non-Junction,None,,,         ,Peter,Kinsey,Clear,Front to Rear,no,no,no,no,yes,False
102724417,METROPOLITAN NASHVILLE POLICE DEPT,20200401965,Davidson,Nashville,6/11/2020 12:00:00 AM,2,0,0,36.099100,-86.739190,NOLENSVILLE PKE,,,,117.00,Feet,North,RAYMOND ST,,,,0.00,N,Not at Intersection,N,Non-Junction,None,,,         ,John,Braun,Clear,Angle,no,no,no,no,yes,False
102724437,METROPOLITAN NASHVILLE POLICE DEPT,20200402069,Davidson,Nashville,6/11/2020 4:26:00 PM,2,0,0,36.090650,-86.762800,I 65,,,,0.00,,,,,,,78.40,N,Not at Intersection,N,Non-Junction,None,,,         ,FELIKS,ABRAHAMYAN,Clear,"Sideswipe, Same Direction",no,no,no,no,yes,False
102724441,METROPOLITAN NASHVILLE POLICE DEPT,20200402032,Davidson,Nashville,6/11/2020 5:41:00 PM,2,0,0,36.079800,-86.725600,HARDING PL,,,,222.00,Feet,East,NOLENSVILLE PKE,,,,0.00,N,Not at Intersection,Y,OtherLocation,None,,,         ,Douglas,Sykes,Clear,Angle,no,no,no,no,no,False
102724469,VANDERBILT UNIVERSITY POLICE,20200401626,Davidson,Nashville,6/11/2020 2:42:00 PM,2,0,0,36.146270,-86.809790,WEST END AV,,,,0.00,,,NATCHEZ TRC,,,,0.00,Y,T-Intersection,N,Intersection,None,,,         ,Robert,Gibson,Clear,Front to Rear,no,no,no,no,no,Campus
102724470,METROPOLITAN NASHVILLE POLICE DEPT,20200401896,Davidson,Nashville,6/11/2020 1:00:00 PM,2,0,0,36.182620,-86.812240,CLAY ST,,,,197.00,Feet,North,DR D B TODD JR BLVD,,,,0.00,N,Not at Intersection,N,Non-Junction,None,,,         ,William,Kautzman,Clear,Front to Rear,no,no,no,no,yes,False
102724508,METROPOLITAN NASHVILLE POLICE DEPT,20200402091,Davidson,Nashville,6/11/2020 8:01:00 PM,2,0,0,36.137450,-86.788180,12TH AVS,,,,133.00,Feet,South,ARGYLE AV,,,,0.00,N,Not at Intersection, ,,None,,,         ,FELIKS,ABRAHAMYAN,,,no,no,no,no,no,False
102724513,METROPOLITAN NASHVILLE POLICE DEPT,20200402095,Davidson,Nashville,6/11/2020 8:21:00 PM,2,0,0,36.077990,-86.634250,BELL RD,,,,192.00,Feet,West,BELL RD PVTDR,,,,0.00,N,Not at Intersection,N,Non-Junction,None,,,         ,Jacob,Ross,Clear,"Sideswipe, Opposite Direction",no,no,no,no,yes,False
102724521,METROPOLITAN NASHVILLE POLICE DEPT,20200401833,Davidson,Nashville,6/11/2020 4:49:00 PM,3,1,0,36.195030,-86.772250,DICKERSON PKE,,,,103.00,Feet,South,FERN AV,,,,0.00,N,Not at Intersection,N,Non-Junction,None,,,         ,Nicholas,Silinsky,Clear,Front to Rear,no,no,no,no,no,False
102724557,METROPOLITAN NASHVILLE POLICE DEPT,20200402124,Davidson,Not in City Limit,6/11/2020 8:16:00 PM,2,0,0,36.045470,-86.950560,TEMPLE RD,,,,0.00,,,HIGHWAY 100,,,,0.00,Y,Four-Way,Y,Intersection,None,,,         ,Jared,Dick,Clear,Angle,no,no,no,no,no,False
102724562,METROPOLITAN NASHVILLE POLICE DEPT,20200402216,Davidson,Nashville,6/11/2020 9:36:00 PM,2,0,0,36.245960,-86.779420,BRICK CHURCH PKE,,,,83.00,Feet,South,CHESAPEAKE DR,,,,0.00,N,Not at Intersection,N,Non-Junction,None,,,         ,Christopher,Littles,Clear,Front to Rear,no,no,no,no,yes,False
102724572,METROPOLITAN NASHVILLE POLICE DEPT,20200402100,Davidson,Nashville,6/11/2020 8:23:00 PM,2,0,0,36.081290,-86.639620,EDGE O LAKE DR,,,,299.00,Feet,South,DEERPATH DR,,,,0.00,N,Not at Intersection,N,Non-Junction,None,,,         ,Steven,Powers,Clear,HeadOn,no,no,no,no,no,False
102724574,METROPOLITAN NASHVILLE POLICE DEPT,20200401977,Davidson,Nashville,6/11/2020 5:45:00 PM,2,0,0,36.160050,-86.866140,BRILEY PKWYN,,,,746.00,Feet,East,BRILEY PKWYS,,,,0.00,N,Not at Intersection, ,Non-Junction,None,,,         ,Devonte,Coleman,Clear,Not Collision with Motor Vehicle in Transport,no,no,no,no,no,False
102724575,METROPOLITAN NASHVILLE POLICE DEPT,20200400069,Davidson,Goodlettsville,6/10/2020 6:00:00 PM,3,0,0,36.297340,-86.699480,RIVERGATE PKWY,,,,182.00,Feet,North,GALLATIN PKEN,,,,0.00,N,Not at Intersection,N,Non-Junction,None,,,         ,Kelly,Turcios,Clear,Front to Rear,no,no,no,no,yes,False
102724613,METROPOLITAN NASHVILLE POLICE DEPT,20200402314,Davidson,Nashville,6/11/2020 11:03:00 PM,2,0,0,36.159530,-86.769910,KOREAN VETERANS BLVD,,,,750.00,Feet,East,1ST AVS,,,,0.00,N,Not at Intersection, ,Non-Junction,None,,,         ,Richard,Luellen,Clear,Front to Rear,no,no,no,no,no,False
102724627,METROPOLITAN NASHVILLE POLICE DEPT,20200402363,Davidson,Nashville,6/11/2020 11:30:00 PM,2,0,0,36.116140,-86.785730,I 440,,,,0.00,,,,,,,4.20,N,Not at Intersection, ,Non-Junction,Construction Zone,,,         ,Jose,Salazar,Clear,"Sideswipe, Same Direction",no,no,no,no,yes,False
102724640,METROPOLITAN NASHVILLE POLICE DEPT,20200402492,Davidson,Not in City Limit,6/11/2020 11:45:00 PM,1,0,0,36.014340,-86.679180,OLD HICKORY BLVD,,,,0.00,Feet,East,BROKEN BOW DR,,,,0.00,N,Not at Intersection,N,Non-Junction,None,,,         ,Garrett,Reingardt,Clear,Not Collision with Motor Vehicle in Transport,no,no,no,no,yes,False
102724646,METROPOLITAN NASHVILLE POLICE DEPT,20200402410,Davidson,Nashville,6/11/2020 12:00:00 AM,2,2,0,36.256060,-86.728340,CHADWELL DR,,,,0.00,,,SAUNDERS AV,,,,0.00,Y,Four-Way,N,Intersection,None,,,         ,Brandon,Wood,Clear,Angle,no,no,no,no,yes,False
102724655,METROPOLITAN NASHVILLE POLICE DEPT,20200402519,Davidson,Nashville,6/11/2020 10:55:00 PM,2,0,0,36.030450,-86.588980,HICKORY WAY,,,,0.00,Feet,East,LAVERGNE COUCHVILLE PKE,,,,0.00,N,Not at Intersection, ,Non-Junction,None,,,         ,Sandra,Fly,Clear,Angle,no,no,no,no,no,False
102724657,METROPOLITAN NASHVILLE POLICE DEPT,20200402361,Davidson,Nashville,6/11/2020 11:42:00 PM,2,1,0,36.061320,-86.624670,MURFREESBORO PKE,,,,1478.00,Feet,South,HAMILTON GLEN PL,,,,0.00,N,Not at Intersection,N,Non-Junction,None,,,         ,Jose,Oliveros,Clear,Angle,no,no,no,no,no,False