master_record_number,agency,agency_tracking_number,county,city,collision_date,vehicles_involved,number_injured,number_dead,latitude,longitude,roadway_name,roadway_suffix,roadway_number,roadway_local_id,distance_from_reference,miles-feet_indicator,direction_from_reference,intersection_road_name,intersection_road_name_suffix,intersection_road_number,intersection_local_id,mile_marker,intersection_indicator,intersect_type,interchange_related_indicator,relation_to_junction,work_zone_type,construction_maintenance_zone,construction_maintenance_zone_location,fatal_case_number,officer_first_name,officer_last_name,weather_condition(s),manner_of_crash,pedestrian,bicycle,scooter,parking,hitrun,mou
102724664,METROPOLITAN NASHVILLE POLICE DEPT,20200402570,Davidson,Nashville,6/12/2020 3:00:00 AM,1,0,0,36.139260,-86.728930,I 24,,,,0.00,,,,,,,51.45,N,Not at Intersection,N,Non-Junction,None,,,         ,Amy,Hirschmann,Clear,Not Collision with Motor Vehicle in Transport,no,no,no,no,no,False
102724677,METROPOLITAN NASHVILLE POLICE DEPT,20200402496,Davidson,Nashville,6/12/2020 12:33:00 AM,2,2,0,36.239050,-86.754660,I65 S EXT RAMP,,,,0.00,,,I 65,,,,0.00,Y,Y-Intersection,Y,Entrance/Exit Ramp Related,None,,,         ,Brandon,Wood,Clear,Front to Rear,no,no,no,no,no,False
102724709,METROPOLITAN NASHVILLE POLICE DEPT,20200402697,Davidson,Nashville,6/12/2020 5:11:00 AM,1,0,0,36.180030,-86.595230,TULIP GROVE RD,,,,137.00,Feet,North,ELEGANCE WAY,,,,0.00,N,Not at Intersection, ,Non-Junction,None,,,         ,Randall,Ward,Clear,Not Collision with Motor Vehicle in Transport,no,no,no,no,no,False
102724728,METROPOLITAN NASHVILLE POLICE DEPT,20200402687,Davidson,Nashville,6/12/2020 12:00:00 AM,2,0,0,36.206610,-86.777900,US HWY 431,,,,0.00,Feet,,BRICK CHURCH PIKE,,,,0.00,Y,Four-Way,N,Intersection-Related,None,,,         ,Joshua,Asbell,Clear,Angle,no,no,no,no,no,False
102724742,METROPOLITAN NASHVILLE POLICE DEPT,20200402772,Davidson,Nashville,6/12/2020 7:11:00 AM,2,0,0,36.134650,-86.825060,WEST END AV,,,,0.00,,,BOWLING AV,,,,0.00,Y,Four-Way, ,Intersection,None,,,         ,Curtis,Rich,Clear,Angle,no,no,no,no,no,False
102724763,METROPOLITAN NASHVILLE POLICE DEPT,20200402817,Davidson,Madison,6/12/2020 8:01:00 AM,2,0,0,36.264330,-86.732910,OLD HICKORY BLVDW,,,,188.00,Feet,West,N GRAYCROFT AV,,,,0.00,N,Not at Intersection, ,Non-Junction,None,,,         ,Ian,Wilson,Clear,Front to Rear,no,no,no,no,no,False
102724784,METROPOLITAN NASHVILLE POLICE DEPT,20200402781,Davidson,Nashville,6/12/2020 7:22:00 AM,2,0,0,36.129880,-86.714240,MILLWOOD DR,,,,196.00,Feet,North,MURFREESBORO PKE,,,,0.00,N,Not at Intersection, ,Non-Junction,None,,,         ,Michael,Brooks,Clear,Front to Rear,no,no,no,no,no,False
102724812,METROPOLITAN NASHVILLE POLICE DEPT,20200402988,Davidson,Nashville,6/12/2020 10:07:00 AM,2,0,0,36.142180,-86.666540,I40 W EXT RAMP,,,,0.00,,,I 40,,,,0.00,Y,Four-Way, ,Intersection,None,,,         ,Michael,Dance,Clear,Front to Rear,no,no,no,no,no,False
102724821,METROPOLITAN NASHVILLE POLICE DEPT,20200402891,Davidson,Nashville,6/12/2020 9:00:00 AM,3,2,0,36.047840,-86.612050,MURFREESBORO PKE,,,,1284.00,Feet,North,MOUNTAIN SPRINGS RD,,,,0.00,N,Not at Intersection,N,Non-Junction,None,,,         ,Lee,Davis,Clear,Front to Rear,no,no,no,no,no,False
102724822,METROPOLITAN NASHVILLE POLICE DEPT,20200402778,Davidson,Nashville,6/12/2020 7:17:00 AM,2,1,0,36.207930,-86.859150,ASHLAND CITY HWY,,,,346.00,Feet,West,DRAKES BRANCH RD,,,,0.00,N,Not at Intersection,N,"Driveway, Alley Access, etc",None,,,         ,Royce,McLester,Clear,Angle,no,no,no,no,yes,False
102724835,METROPOLITAN NASHVILLE POLICE DEPT,20200403029,Davidson,Nashville,6/12/2020 12:00:00 AM,2,0,0,36.180470,-86.809990,16TH AVN,,,,175.00,Feet,North,BUCHANAN ST,,,,0.00,N,Not at Intersection,N,Non-Junction,None,,,         ,Julie,Nabors,Unknown,Unknown,no,no,no,no,yes,False
102724836,METROPOLITAN NASHVILLE POLICE DEPT,20200403033,Davidson,Madison,6/12/2020 10:47:00 AM,2,0,0,36.263090,-86.690490,E OLD HICKORY BLVD,,,,0.00,,,MYATT DR,,,,0.00,Y,OTHER, ,Intersection,None,,,         ,Eric,Richardson,Clear,Front to Rear,no,no,no,no,no,False
102724847,METROPOLITAN NASHVILLE POLICE DEPT,20200403074,Davidson,Nashville,6/12/2020 11:12:00 AM,3,0,0,36.231490,-86.781520,BRICK CHURCH PKE,,,,42.00,Feet,South,EWING DR,,,,0.00,N,Not at Intersection,N,Non-Junction,None,,,         ,Ian,Wilson,Clear,Front to Rear,no,no,no,no,no,False
102724849,METROPOLITAN NASHVILLE POLICE DEPT,20200403050,Davidson,Goodlettsville,6/12/2020 10:55:00 AM,2,0,0,36.289100,-86.704370,GALLATIN PKEN,,,,649.00,Feet,South,ALTUS AV,,,,0.00,N,Not at Intersection,N,Non-Junction,None,,,         ,Keenan,McCann,Clear,Angle,no,no,no,no,no,False
102724850,THP District 3 - Nashville,320037339,Davidson,Not in City Limit,6/10/2020 4:00:00 PM,2,0,0,36.331520,-86.901280,I 24,,,,0.00,,,,,,,33.00,N,Not at Intersection, ,Non-Junction,None,,,         ,Javier,Allen,Clear,"Sideswipe, Same Direction",no,no,no,no,yes,False
102724852,METROPOLITAN NASHVILLE POLICE DEPT,20200402995,Davidson,Nashville,6/12/2020 10:15:00 AM,2,0,0,36.159240,-86.788930,CHURCH ST,,,,178.00,Feet,West,COMERS ALY,,,,0.00,N,Not at Intersection,N,Non-Junction,None,,,         ,Rachel,Susee,Clear,Angle,no,no,no,yes,no,False
102724853,METROPOLITAN NASHVILLE POLICE DEPT,20200402897,Davidson,Nashville,6/12/2020 9:00:00 AM,2,0,0,36.085610,-86.699940,I 24,,,,0.00,,,,,,,55.75,N,Not at Intersection, ,Non-Junction,None,,,         ,Robert,Higgins,Clear,"Sideswipe, Same Direction",no,no,no,no,no,False
102724863,METROPOLITAN NASHVILLE POLICE DEPT,20200403114,Davidson,Nashville,6/12/2020 11:07:00 AM,2,1,0,36.150480,-86.770350,4TH AVS,,,,0.00,,,I40 E EXT RAMP,,,,0.00,Y,Four-Way,N,Unknown,None,,,         ,Mathew,Clement,Clear,Angle,no,no,no,no,no,False
102724884,METROPOLITAN NASHVILLE POLICE DEPT,20200403189,Davidson,Nashville,6/12/2020 12:20:00 PM,2,0,0,36.149020,-86.863510,CHARLOTTE PKE,,,,421.00,Feet,South,LELLYETT ST,,,,0.00,N,Not at Intersection, ,Non-Junction,None,,,         ,Curtis,Rich,Cloudy,Angle,no,no,no,no,no,False
102724889,METROPOLITAN NASHVILLE POLICE DEPT,20200403150,Davidson,Nashville,6/12/2020 12:04:00 PM,1,2,0,36.152730,-86.625090,STEWARTS FERRY PKE,,,,178.00,Feet,North,BELL RD,,,,0.00,N,Not at Intersection,N,Non-Junction,None,,,         ,Michael,Brooks,Clear,Not Collision with Motor Vehicle in Transport,no,no,no,no,no,False
102724892,METROPOLITAN NASHVILLE POLICE DEPT,20200403181,Davidson,Madison,6/12/2020 12:18:00 PM,2,0,0,36.261240,-86.712530,GALLATIN PKES,,,,0.00,,,MAPLE ST,,,,0.00,Y,OTHER, ,,None,,,         ,Eric,Richardson,,,no,no,no,no,no,False
102724896,VANDERBILT UNIVERSITY POLICE,20200403025,Davidson,Nashville,6/12/2020 12:00:00 AM,2,0,0,36.142490,-86.806320,HIGHLAND AV,,,,0.00,,,25TH AVS,,,,0.00,,OTHER,N,Non-Junction,None,,,         ,Adam,Dorris,Clear,Front to Rear,no,no,no,yes,yes,Campus
102724897,METROPOLITAN NASHVILLE POLICE DEPT,20200403172,Davidson,Nashville,6/12/2020 11:31:00 AM,2,0,0,36.170210,-86.754050,S 9TH ST,,,,175.00,Feet,South,SHELBY AV,,,,0.00,N,Not at Intersection,N,Non-Junction,None,,,         ,Megan,Lamon,Clear,"Sideswipe, Opposite Direction",no,no,no,no,no,False
102724900,METROPOLITAN NASHVILLE POLICE DEPT,20200402925,Davidson,Nashville,6/12/2020 9:06:00 AM,1,0,0,36.237790,-86.818060,WHITES CREEK PKE,,,,0.00,,,W GREEN LN,,,,0.00,Y,OTHER,N,Non-Junction,None,,,         ,James,Wray,Clear,Not Collision with Motor Vehicle in Transport,no,no,no,no,no,False
102724920,METROPOLITAN NASHVILLE POLICE DEPT,20200403252,Davidson,Nashville,6/12/2020 12:37:00 PM,2,0,0,36.215120,-86.599140,LEBANON PKE,,,,434.00,Feet,West,ANDREW JACKSON PKWY,,,,0.00,N,Not at Intersection,N,Non-Junction,None,,,         ,Michael,Brooks,Clear,"Sideswipe, Same Direction",no,no,no,no,yes,False
102724935,METROPOLITAN NASHVILLE POLICE DEPT,20200400882,Davidson,Nashville,6/11/2020 5:20:00 AM,1,0,1,36.229470,-86.812060,WHITES CREEK PKE,,,,2123.00,Feet,North,KNIGHT DR,,,,0.00,N,Not at Intersection,N,Non-Junction,None,,,20-0399  ,Kevin,Coleman,Clear,Not Collision with Motor Vehicle in Transport,no,no,no,no,no,False
102724948,METROPOLITAN NASHVILLE POLICE DEPT,20200403224,Davidson,Nashville,6/12/2020 12:50:00 PM,2,0,0,36.206490,-86.776300,W TRINITY LN,,,,13.00,Feet,South,I65 S ENT RAMP,,,,0.00,N,Not at Intersection,N,Non-Junction,None,,,         ,Mary,Hall,Clear,Front to Rear,no,no,no,no,yes,False
102724949,METROPOLITAN NASHVILLE POLICE DEPT,20200403258,Davidson,Nashville,6/12/2020 1:15:00 PM,2,0,0,36.152260,-86.625050,BLACKWOOD DR,,,,0.00,,,BELL RD,,,,0.00,Y,Four-Way,N,Intersection,None,,,         ,Patrick,Lancaster,Clear,"Sideswipe, Same Direction",no,no,no,no,yes,False
102724971,METROPOLITAN NASHVILLE POLICE DEPT,20200403142,Davidson,Nashville,6/12/2020 11:57:00 AM,1,1,0,36.174400,-86.774190,N 1ST ST,,,,0.00,,,OLDHAM ST,,,,0.00,Y,OTHER,N,Non-Junction,None,,,         ,Byron,Carter,Cloudy,Not Collision with Motor Vehicle in Transport,no,no,no,no,no,False
102724975,METROPOLITAN NASHVILLE POLICE DEPT,20200403314,Davidson,Nashville,6/12/2020 2:29:00 PM,2,3,0,36.172820,-86.584880,S NEW HOPE RD,,,,0.00,,,CENTRAL PKE,,,,0.00,Y,T-Intersection,N,Intersection,None,,,         ,Michael,Dance,Clear,Angle,no,no,no,no,no,False
102724987,METROPOLITAN NASHVILLE POLICE DEPT,20200401843,Davidson,Nashville,6/11/2020 5:19:00 PM,2,1,0,36.064480,-86.628130,MURFREESBORO PKE,,,,153.00,Feet,South,HAMILTON CHURCH RD,,,,0.00,N,Not at Intersection, ,Non-Junction,None,,,         ,Corey,Reed,Clear,Front to Rear,no,no,no,no,no,False
102724989,THP District 3 - Nashville,320036902,Davidson,Not in City Limit,6/7/2020 5:15:00 PM,2,0,0,36.331850,-86.900440,I 24,,,,0.00,,,,,,,33.05,N,Not at Intersection, ,Non-Junction,None,,,         ,Brandon,Wehrle,Clear,Not Collision with Motor Vehicle in Transport,no,no,no,no,no,False
102725005,METROPOLITAN NASHVILLE POLICE DEPT,20200403348,Davidson,Nashville,6/12/2020 2:43:00 PM,2,2,0,36.054340,-86.779960,FOREST ACRES DR,,,,0.00,,,FOREST HILLS DR,,,,0.00,Y,Four-Way, ,Intersection,None,,,         ,Douglas,Sykes,Clear,Angle,no,no,no,no,no,False
102725011,METROPOLITAN NASHVILLE POLICE DEPT,20200403297,Davidson,Nashville,6/12/2020 1:58:00 PM,1,0,0,36.164230,-86.767610,S 2ND ST,,,,0.00,,,SYLVAN ST,,,,0.00,Y,OTHER, ,Non-Junction,None,,,         ,Byron,Carter,Clear,Not Collision with Motor Vehicle in Transport,no,no,no,no,no,False
102725014,METROPOLITAN NASHVILLE POLICE DEPT,20200403339,Davidson,Nashville,6/12/2020 2:43:00 PM,2,0,0,36.111050,-86.754220,THOMPSON LN,,,,74.00,Feet,East,EUGENIA AV,,,,0.00,N,Not at Intersection,N,Non-Junction,None,,,         ,FELIKS,ABRAHAMYAN,Clear,Front to Rear,no,no,no,no,no,False
102725016,METROPOLITAN NASHVILLE POLICE DEPT,20200403338,Davidson,Nashville,6/12/2020 2:40:00 PM,1,0,0,36.162810,-86.761590,I 24,,,,0.00,,,,,,,49.25,N,Not at Intersection, ,,None,,,         ,Douglas,Mann,,,no,no,no,no,no,False
102725017,METROPOLITAN NASHVILLE POLICE DEPT,20200403376,Davidson,Nashville,6/12/2020 3:18:00 PM,2,0,0,36.146890,-86.812400,27TH AVE N,,,,66.00,Feet,North,POSTON AVE,,,,0.00,N,Not at Intersection, ,Non-Junction,None,,,         ,Zachary,Plese,Clear,Front to Rear,no,no,no,no,yes,False
102725025,METROPOLITAN NASHVILLE POLICE DEPT,20200403391,Davidson,Nashville,6/12/2020 3:40:00 PM,2,0,0,36.191630,-86.785170,I 65,,,,0.00,,,,,,,86.00,N,Not at Intersection, ,,None,,,         ,Alexander,Hartle,,,no,no,no,no,no,False
102725028,METROPOLITAN NASHVILLE POLICE DEPT,20200403398,Davidson,Nashville,6/12/2020 7:48:00 AM,2,0,0,36.162640,-86.774470,1ST AVN,,,,139.00,Feet,North,BROADWAY,,,,0.00,N,Not at Intersection, ,Non-Junction,None,,,         ,David,Snowden,Clear,"Sideswipe, Same Direction",no,no,no,no,yes,False
102725031,METROPOLITAN NASHVILLE POLICE DEPT,20200403355,Davidson,Nashville,6/12/2020 1:25:00 PM,2,0,0,36.199550,-86.766650,GATEWOOD AV,,,,0.00,,,MERIDIAN ST,,,,0.00,Y,T-Intersection,N,Intersection,None,,,         ,Christopher,Beery,Clear,Angle,no,no,no,no,yes,False
102725039,METROPOLITAN NASHVILLE POLICE DEPT,20200403174,Davidson,Nashville,6/12/2020 11:30:00 AM,2,0,0,36.187080,-86.793660,COFFEE ST,,,,0.00,,,3RD AVN,,,,0.00,Y,T-Intersection,N,Intersection,None,,,         ,Frank,Campbell,Clear,Angle,no,no,no,no,yes,False
102725044,METROPOLITAN NASHVILLE POLICE DEPT,20200403405,Davidson,Nashville,6/12/2020 3:40:00 PM,2,3,0,36.109740,-86.542600,HOBSON PKE,,,,1920.00,Feet,East,GRANNY WRIGHT LN,,,,0.00,N,Not at Intersection,N,Non-Junction,None,,,         ,Joel,Bennett,Clear,Angle,no,no,no,no,no,False
102725046,METROPOLITAN NASHVILLE POLICE DEPT,2020-0403410,Davidson,Nashville,6/12/2020 3:36:00 PM,2,0,0,36.037410,-86.790340,OLD HICKORY BLVD,,,,193.00,Feet,East,S HILLVIEW DR,,,,0.00,N,Not at Intersection,N,Non-Junction,None,,,         ,William,King,Clear,Front to Rear,no,no,no,no,no,False
102725053,METROPOLITAN NASHVILLE POLICE DEPT,20200403397,Davidson,Nashville,6/12/2020 3:18:00 PM,1,0,0,36.221680,-86.761590,HART LN,,,,23.00,Feet,East,DICKERSON PKE,,,,0.00,N,Not at Intersection,N,Non-Junction,None,,,         ,Maryanne,Bartello,Clear,Not Collision with Motor Vehicle in Transport,no,no,no,yes,yes,False
102725054,METROPOLITAN NASHVILLE POLICE DEPT,20200403419,Davidson,Nashville,6/12/2020 12:00:00 AM,2,0,0,36.192880,-86.623830,JUAREZ DR,,,,0.00,,,LEBANON PKE,,,,0.00,Y,Four-Way, ,,None,,,         ,Brandon,Chapman,,,no,no,no,no,no,False
102725085,METROPOLITAN NASHVILLE POLICE DEPT,20200403488,Davidson,Nashville,6/10/2020 10:00:00 PM,1,0,0,36.245850,-86.775710,CHESAPEAKE DR,,,,256.00,Feet,East,CHESAPEAKE CIR,,,,0.00,N,Not at Intersection,N,Non-Junction,None,,,         ,Christopher,Littles,Clear,Not Collision with Motor Vehicle in Transport,no,no,no,no,yes,False
102725090,METROPOLITAN NASHVILLE POLICE DEPT,20200401547,Davidson,Nashville,6/12/2020 2:18:00 PM,1,1,0,36.224180,-86.822190,BUENA VISTA PIKE,,,,901.00,Feet,East,AMES DR,,,,0.00,N,Not at Intersection,N,Non-Junction,None,,,         ,Kenneth,Oneal,Clear,Not Collision with Motor Vehicle in Transport,no,no,no,no,yes,False
102725095,METROPOLITAN NASHVILLE POLICE DEPT,20200403413,Davidson,Not in City Limit,6/12/2020 3:45:00 PM,3,1,0,36.013470,-86.704360,NOLENSVILLE PKE,,,,455.00,Feet,North,HOLT RD,,,,0.00,N,Not at Intersection,N,Non-Junction,None,,,         ,Thomas,Parsons,Clear,HeadOn,no,no,no,no,no,False
102725105,METROPOLITAN NASHVILLE POLICE DEPT,20200403506,Davidson,Nashville,6/12/2020 4:51:00 PM,2,0,0,36.143590,-86.701970,I 40,,,,0.00,,,,,,,214.60,N,Not at Intersection,N,Non-Junction,None,,,         ,Jacob,Ross,Clear,Front to Rear,no,no,no,no,yes,False
102725108,GOODLETTSVILLE POLICE DEPT,20-18459,Davidson,Goodlettsville,6/12/2020 4:30:00 PM,2,0,0,36.322910,-86.708430,LONG HOLLOW PKE,,,,258.00,Feet,West,CARTWRIGHT ST,,,,0.00,N,Not at Intersection, ,Non-Junction,None,,,         ,Jeffery,Hunter,Clear,Angle,no,no,no,no,no,False
102725112,METROPOLITAN NASHVILLE POLICE DEPT,20200403485,Davidson,Nashville,6/12/2020 4:26:00 PM,3,1,0,36.099790,-86.711220,I 24,,,,0.00,,,,,,,54.60,N,Not at Intersection,N,Non-Junction,Construction Zone,Work On Shoulder Or Median,Unknown,         ,Austin,Binner,Clear,Front to Rear,no,no,no,no,yes,False
102725117,METROPOLITAN NASHVILLE POLICE DEPT,20200403464,Davidson,Nashville,6/12/2020 4:20:00 PM,2,2,0,36.242000,-86.756990,US HWY 31W,,,,0.00,Feet,,-- UNKNOWN RAMP/ROAD --,,,,0.00,Y,Four-Way,Y,Entrance/Exit Ramp Related,None,,,         ,Dylan,Bradley,Clear,Angle,no,no,no,no,no,False
102725118,METROPOLITAN NASHVILLE POLICE DEPT,20200403497,Davidson,Nashville,6/12/2020 4:45:00 PM,2,0,0,36.164860,-86.819970,I40 W EXT RAMP,,,,0.00,Feet,East,I 40,,,,0.00,N,Not at Intersection, ,,None,,,         ,Alec,Pellissier,,,no,no,no,no,no,False
102725121,METROPOLITAN NASHVILLE POLICE DEPT,20200403495,Davidson,Nashville,6/12/2020 4:20:00 PM,2,0,0,36.217770,-86.763090,DICKERSON PKE,,,,153.00,Feet,North,LORRAINE AV,,,,0.00,N,Not at Intersection,N,Non-Junction,None,,,         ,Ty,Cummings,Clear,Angle,no,no,no,no,yes,False
102725141,METROPOLITAN NASHVILLE POLICE DEPT,20200403480,Davidson,Nashville,6/12/2020 4:20:00 PM,2,0,0,36.157660,-86.790820,I 40,,,,0.00,,,,,,,209.00,N,Not at Intersection,N,Non-Junction,None,,,         ,Alexander,Hartle,Clear,Angle,no,no,no,no,no,False
102725143,METROPOLITAN NASHVILLE POLICE DEPT,20200403445,Davidson,Nashville,6/12/2020 4:20:00 PM,2,0,0,36.152240,-86.625070,BLACKWOOD DR,,,,0.00,,,STEWARTS FERRY PKE,,,,0.00,Y,Four-Way, ,Intersection,None,,,         ,Mary,Robinson,Clear,"Sideswipe, Same Direction",no,no,no,no,no,False
102725149,METROPOLITAN NASHVILLE POLICE DEPT,20200403623,Davidson,Nashville,6/12/2020 6:14:00 PM,3,0,0,36.081770,-86.697280,I 24,,,,0.00,,,,,,,56.05,N,Not at Intersection,N,Non-Junction,None,,,         ,Joel,Bennett,Clear,Front to Rear,no,no,no,no,yes,False
102725155,METROPOLITAN NASHVILLE POLICE DEPT,20200403451,Davidson,Nashville,6/12/2020 4:15:00 PM,3,1,0,36.149440,-86.857920,WHITE BRIDGE PKE,,,,260.00,Feet,South,CHARLOTTE PKE,,,,0.00,N,Not at Intersection,N,Non-Junction,None,,,         ,Devonte,Coleman,Clear,Angle,no,no,no,no,no,False
102725156,METROPOLITAN NASHVILLE POLICE DEPT,20200403553,Davidson,Nashville,6/12/2020 5:22:00 PM,2,1,0,36.040900,-86.779380,STONE BROOK DR,,,,0.00,,,OLD HICKORY BLVD,,,,0.00,Y,Four-Way,N,Intersection-Related,None,,,         ,FELIKS,ABRAHAMYAN,Clear,Angle,no,no,no,no,no,False
102725158,METROPOLITAN NASHVILLE POLICE DEPT,20200403585,Davidson,Nashville,6/12/2020 5:47:00 PM,3,2,0,36.044450,-86.687140,BELL RD,,,,957.00,Feet,South,BRENTRIDGE DR,,,,0.00,N,Not at Intersection,N,Non-Junction,None,,,         ,Thomas,Parsons,Clear,Angle,no,no,no,no,no,False
102725163,METROPOLITAN NASHVILLE POLICE DEPT,20200403486,Davidson,Nashville,6/12/2020 12:00:00 AM,2,0,0,36.169460,-86.679070,LEBANON PKE,,,,246.00,Feet,East,MCGAVOCK PKE,,,,0.00,N,Not at Intersection,N,Non-Junction,None,,,         ,Douglas,Mann,Clear,Angle,no,no,no,no,no,False
102725166,METROPOLITAN NASHVILLE POLICE DEPT,20200403626,Davidson,Not in City Limit,6/12/2020 6:18:00 PM,2,0,0,36.073910,-86.926270,HIGHWAY 70S,,,,0.00,,,HICKS RD,,,,0.00,Y,Four-Way,Y,Intersection,None,,,         ,Devonte,Coleman,Clear,Angle,no,no,no,no,no,False
102725173,METROPOLITAN NASHVILLE POLICE DEPT,20200403432,Davidson,Nashville,6/12/2020 4:03:00 PM,2,0,0,36.039880,-86.741000,STATE HWY 254,,,,527.00,Feet,West,HIGHLAND WAY,,,,0.00,N,Not at Intersection,N,Non-Junction,None,,,         ,John,McDonnell,Clear,Angle,no,no,no,no,no,False
102725175,GOODLETTSVILLE POLICE DEPT,20-18464,Davidson,Goodlettsville,6/12/2020 5:26:00 PM,2,0,0,36.306910,-86.694220,VIETNAM VETERANS BLVD NB ENT R,,,,0.00,Feet,East,CONFERENCE DR,,,,0.00,N,Not at Intersection,N,Non-Junction,None,,,         ,Timothy,Williams,Clear,Angle,no,no,no,no,yes,False
102725199,METROPOLITAN NASHVILLE POLICE DEPT,20200403563,Davidson,Nashville,6/12/2020 5:29:00 PM,3,0,0,36.152570,-86.754280,I 40,,,,0.00,,,,,,,211.30,N,Not at Intersection,N,Non-Junction,None,,,         ,Peter,Kinsey,Clear,Angle,no,no,no,no,no,False
102725207,METROPOLITAN NASHVILLE POLICE DEPT,20200403623,Davidson,Nashville,6/12/2020 6:14:00 PM,2,0,0,36.069830,-86.696360,HAYWOOD LN,,,,143.00,Feet,West,KEELEY DR,,,,0.00,N,Not at Intersection,N,Non-Junction,None,,,         ,Joel,Bennett,Clear,Front to Rear,no,no,no,no,no,False
102725208,METROPOLITAN NASHVILLE POLICE DEPT,20200403590,Davidson,Nashville,6/12/2020 5:22:00 PM,2,0,0,36.201800,-86.776840,I 65,,,,0.00,,,,,,,87.00,N,Not at Intersection,N,Non-Junction,None,,,         ,Chase,Harriman,Clear,Front to Rear,no,no,no,no,no,False
102725210,METROPOLITAN NASHVILLE POLICE DEPT,20200403723,Davidson,Nashville,6/12/2020 7:02:00 PM,2,0,0,36.242420,-86.760170,SKYLINE COMMONS PVTDR,,,,50.00,Feet,North,DOVERSIDE DR,,,,0.00,N,Not at Intersection,N,Non-Junction,None,,,         ,Jarret,Sonnenberg,Clear,"Sideswipe, Same Direction",no,no,no,yes,yes,False
102725212,METROPOLITAN NASHVILLE POLICE DEPT,20200403649,Davidson,Nashville,6/12/2020 6:23:00 PM,2,0,0,36.214990,-86.730150,GALLATIN PKE,,,,214.00,Feet,North,STRATFORD AV,,,,0.00,N,Not at Intersection,N,Non-Junction,None,,,         ,Randy,Puckett,Clear,Angle,no,no,no,no,no,False
102725213,GOODLETTSVILLE POLICE DEPT,20-18458,Davidson,Goodlettsville,6/12/2020 4:12:00 PM,2,1,0,36.294360,-86.729450,DICKERSON PKES,,,,937.00,Feet,North,DICKERSON PKES,,,,0.00,N,Not at Intersection,N,Non-Junction,None,,,         ,Nicholas,Given,Clear,Front to Rear,no,no,no,no,no,False
102725214,GOODLETTSVILLE POLICE DEPT,20-18465,Davidson,Goodlettsville,6/12/2020 5:26:00 PM,2,1,0,36.322310,-86.704110,I 65,,,,0.00,,,,,,,96.90,N,Not at Intersection,N,Non-Junction,None,,,         ,Nicholas,Given,Clear,Front to Rear,no,no,no,no,no,False
102725215,METROPOLITAN NASHVILLE POLICE DEPT,20200403593,Davidson,Not in City Limit,6/12/2020 5:33:00 PM,2,0,0,36.260370,-86.712860,HICKORY ST,,,,0.00,,,GALLATIN PKES,,,,0.00,Y,T-Intersection,N,Intersection,None,,,         ,Christopher,Littles,Clear,Angle,no,no,no,no,no,False
102725216,METROPOLITAN NASHVILLE POLICE DEPT,20200403665,Davidson,Not in City Limit,6/12/2020 6:49:00 PM,3,4,0,36.283390,-86.706960,EDGEMEADE BLVD,,,,0.00,,,GALLATIN PKEN,,,,0.00,Y,Four-Way,N,Intersection,None,,,         ,Christopher,Littles,Clear,Angle,no,no,no,no,no,False
102725219,METROPOLITAN NASHVILLE POLICE DEPT,20200403552,Davidson,Not in City Limit,6/12/2020 12:00:00 AM,1,1,0,36.337050,-86.836410,UNION HILL RD,,,,983.00,Feet,South,MORGAN RD,,,,0.00,N,Not at Intersection,N,Non-Junction,None,,,         ,Melvin,Taylor,Clear,Not Collision with Motor Vehicle in Transport,no,no,no,no,no,False
102725220,METROPOLITAN NASHVILLE POLICE DEPT,20200403729,Davidson,Nashville,6/12/2020 7:35:00 PM,1,1,0,36.191730,-86.772480,RICHARDSON AV,,,,73.00,Feet,East,DICKERSON PKE,,,,0.00,N,Not at Intersection,N,Non-Junction,None,,,         ,Maryanne,Bartello,Clear,Not Collision with Motor Vehicle in Transport,no,no,no,no,no,False
102725244,METROPOLITAN NASHVILLE POLICE DEPT,20200403684,Davidson,Nashville,6/12/2020 7:07:00 PM,2,1,0,36.045490,-86.673250,BELL RD,,,,336.00,Feet,East,BLUE HOLE RD,,,,0.00,N,Not at Intersection,N,Non-Junction,None,,,         ,Steven,Begley,Clear,Front to Rear,no,no,no,no,yes,False
102725246,METROPOLITAN NASHVILLE POLICE DEPT,20200402245,Davidson,Nashville,6/11/2020 10:08:00 PM,3,1,2,36.153640,-86.757420,I 40,,,,0.00,,,,,,,211.15,N,Not at Intersection,N,Non-Junction,None,,,20-0400  ,Christopher,Augustin,Clear,HeadOn,no,no,no,no,no,False
102725301,METROPOLITAN NASHVILLE POLICE DEPT,20200403846,Davidson,Nashville,6/12/2020 8:33:00 PM,2,0,0,36.075000,-86.639140,MURFREESBORO PKE,,,,239.00,Feet,North,RURAL HILL RD,,,,0.00,N,Not at Intersection,N,Non-Junction,None,,,         ,Steven,Powers,Clear,Front to Rear,no,no,no,no,yes,False
102725309,METROPOLITAN NASHVILLE POLICE DEPT,20200403811,Davidson,Nashville,6/12/2020 8:38:00 PM,2,2,0,36.167540,-86.787660,ROSA L PARKS BLVD,,,,40.00,Feet,South,10TH CIRN,,,,0.00,N,Not at Intersection,Y,Non-Junction,None,,,         ,Trevor,Taylor,Clear,Other,no,no,no,no,no,False
102725314,METROPOLITAN NASHVILLE POLICE DEPT,20200403763,Davidson,Nashville,6/12/2020 8:00:00 PM,2,0,0,36.106210,-86.673060,MURFREESBORO PKE,,,,0.00,,,DONELSON PKE,,,,0.00,Y,Four-Way, ,AccelDecelLane,None,,,         ,Michael,Fox,Clear,Front to Rear,no,no,no,no,no,False