master_record_number,agency,agency_tracking_number,county,city,collision_date,vehicles_involved,number_injured,number_dead,latitude,longitude,roadway_name,roadway_suffix,roadway_number,roadway_local_id,distance_from_reference,miles-feet_indicator,direction_from_reference,intersection_road_name,intersection_road_name_suffix,intersection_road_number,intersection_local_id,mile_marker,intersection_indicator,intersect_type,interchange_related_indicator,relation_to_junction,work_zone_type,construction_maintenance_zone,construction_maintenance_zone_location,fatal_case_number,officer_first_name,officer_last_name,weather_condition(s),manner_of_crash,pedestrian,bicycle,scooter,parking,hitrun,mou
102728266,METROPOLITAN NASHVILLE POLICE DEPT,20200412820,Davidson,Not in City Limit,6/18/2020 12:05:00 AM,5,1,0,36.287940,-86.808930,I 24,,,,0.00,,,,,,,39.65,N,Not at Intersection,N,Non-Junction,None,,,         ,John,Deiterick,Clear,"Sideswipe, Opposite Direction",no,no,no,no,no,False
102728268,METROPOLITAN NASHVILLE POLICE DEPT,20200413137,Davidson,Nashville,6/18/2020 6:15:00 AM,2,0,0,36.014515,-86.620448,OLD HICKORY,BLVD,,,205.00,Feet,North,,,I,,62.00,N,Not at Intersection, ,Non-Junction,None,,,         ,Bryce,Hatten,Clear,HeadOn,no,no,no,no,no,False
102728279,METROPOLITAN NASHVILLE POLICE DEPT,20200413128,Davidson,Nashville,6/18/2020 6:00:00 AM,2,1,0,36.156930,-86.760470,I40 W ENT RAMP,,,,0.00,,,I 24,,,,0.00,Y,Y-Intersection,Y,Unknown,None,,,         ,Joseph,Hurst,Clear,Front to Rear,no,no,no,no,no,False
102728285,METROPOLITAN NASHVILLE POLICE DEPT,20200413191,Davidson,Nashville,6/18/2020 7:11:00 AM,1,1,0,36.077150,-86.734090,OVERCREST DR,,,,0.00,,,HARDING PL,,,,0.00,Y,T-Intersection,N,Non-Junction,None,,,         ,Nathan,Kemp,Clear,Not Collision with Motor Vehicle in Transport,no,no,no,no,no,False
102728286,METROPOLITAN NASHVILLE POLICE DEPT,20200413193,Davidson,Not in City Limit,6/18/2020 7:15:00 AM,2,0,0,36.280070,-86.943740,RIDGE RD,,,,458.00,Feet,East,HIGDON RD,,,,0.00,N,Not at Intersection, ,Non-Junction,None,,,         ,Wesley,Young,Cloudy,Angle,no,no,no,no,no,False
102728297,METROPOLITAN NASHVILLE POLICE DEPT,20200413217,Davidson,Nashville,6/18/2020 7:20:00 AM,1,0,0,36.132860,-86.721130,PAVILION BLVD,,,,99.00,Feet,South,MURFREESBORO PKE,,,,0.00,N,Not at Intersection, ,Non-Junction,None,,,         ,Todd,Watson,Clear,Not Collision with Motor Vehicle in Transport,no,no,no,yes,no,False
102728319,METROPOLITAN NASHVILLE POLICE DEPT,20200411889,Davidson,Nashville,6/17/2020 2:14:00 PM,2,1,0,36.086260,-86.691280,ANTIOCH PIKE,,,,311.00,Feet,North,PERIMETER HILL DR,,,,0.00,N,Not at Intersection, ,Non-Junction,None,,,         ,Lee,Davis,Cloudy,"Sideswipe, Same Direction",no,no,no,no,no,False
102728324,METROPOLITAN NASHVILLE POLICE DEPT,20200413353,Davidson,Nashville,6/18/2020 8:53:00 AM,2,2,0,36.120700,-86.807970,HILLSBORO PKE,,,,0.00,,,SHARONDALE DR,,,,0.00,Y,Four-Way,N,Intersection,None,,,         ,Nathan,Kemp,Clear,Angle,no,no,no,no,no,False
102728346,METROPOLITAN NASHVILLE POLICE DEPT,20200413456,Davidson,Nashville,6/18/2020 10:00:00 AM,2,1,0,36.132340,-86.897310,I 40,,,,0.00,,,,,,,201.20,N,Not at Intersection,N,Non-Junction,None,,,         ,Curtis,Rich,Cloudy,Angle,no,no,no,no,yes,False
102728356,METROPOLITAN NASHVILLE POLICE DEPT,20200413436,Davidson,Nashville,6/18/2020 9:50:00 AM,2,0,0,36.184760,-86.798170,ROSA L PARKS BLVD,,,,0.00,,,I65 S ENT RAMP,,,,0.00,Y,Four-Way, ,Intersection,None,,,         ,Keith,Parlato,Cloudy,Front to Rear,no,no,no,no,no,False
102728365,METROPOLITAN NASHVILLE POLICE DEPT,20200413498,Davidson,Nashville,6/18/2020 12:00:00 AM,2,2,0,36.268310,-86.756170,DICKERSON PKE,,,,9.00,Feet,South,BELL GRIMES LN,,,,0.00,N,Not at Intersection,N,Non-Junction,None,,,         ,Keenan,McCann,Cloudy,Front to Rear,no,no,no,no,no,False
102728369,METROPOLITAN NASHVILLE POLICE DEPT,20200413494,Davidson,Nashville,6/18/2020 10:15:00 AM,2,1,0,36.152200,-86.842220,46TH AVN,,,,0.00,,,CHARLOTTE AV,,,,0.00,Y,Four-Way,N,Intersection-Related,None,,,         ,Douglas,Atwood,Clear,Front to Rear,no,no,no,no,no,False
102728376,METROPOLITAN NASHVILLE POLICE DEPT,20200404646,Davidson,Nashville,6/13/2020 10:03:00 AM,1,0,1,36.155540,-86.691000,ATRIUM WAY,,,,1287.00,Feet,West,ELM HILL PKE,,,,0.00,N,Not at Intersection,N,Non-Junction,None,,,20-0501  ,William,Waters,Clear,Not Collision with Motor Vehicle in Transport,no,no,no,no,no,False
102728378,METROPOLITAN NASHVILLE POLICE DEPT,20200413511,Davidson,Nashville,6/18/2020 10:40:00 AM,1,0,0,36.113110,-86.920070,I40 E ENT RAMP,,,,0.00,Feet,East,I 40,,,,0.00,N,Not at Intersection, ,Non-Junction,None,,,         ,Gerry,Hutcheson,Clear,Not Collision with Motor Vehicle in Transport,no,no,no,no,no,False
102728379,METROPOLITAN NASHVILLE POLICE DEPT,20200413545,Davidson,Nashville,6/18/2020 10:45:00 AM,1,0,0,36.113110,-86.920070,I40 E ENT RAMP,,,,0.00,Feet,East,I 40,,,,0.00,N,Not at Intersection, ,Non-Junction,None,,,         ,Gerry,Hutcheson,Clear,Not Collision with Motor Vehicle in Transport,no,no,no,no,no,False
102728382,METROPOLITAN NASHVILLE POLICE DEPT,20200413599,Davidson,Nashville,6/18/2020 11:31:00 AM,3,4,0,36.172480,-86.595110,CENTRAL PKE,,,,0.00,,,TULIP GROVE RD,,,,0.00,Y,Four-Way, ,Intersection,None,,,         ,Michael,Dance,Clear,Front to Rear,no,no,no,no,no,False
102728383,METROPOLITAN NASHVILLE POLICE DEPT,20200413581,Davidson,Madison,6/18/2020 11:20:00 AM,2,0,0,36.262820,-86.680970,STATE RT 45,,,,0.00,,,RIO VISTA DR,,,,0.00,Y,Four-Way, ,,None,,,         ,Michelle,Steidl,,,no,no,no,no,no,False
102728387,METROPOLITAN NASHVILLE POLICE DEPT,20200413517,Davidson,Nashville,6/18/2020 10:39:00 AM,2,0,0,36.170800,-86.801330,JEFFERSON ST,,,,0.00,Feet,West,14TH AVN,,,,0.00,N,Not at Intersection,N,Non-Junction,None,,,         ,Andy,Esqueda,Cloudy,Angle,no,no,no,no,no,False
102728388,METROPOLITAN NASHVILLE POLICE DEPT,20200413607,Davidson,Old Hickory,6/18/2020 11:36:00 AM,1,1,0,36.254620,-86.651740,ROBINSON RD,,,,0.00,,,NEWPORT DR,,,,0.00,Y,T-Intersection,N,Intersection-Related,None,,,         ,William,Mckay,Clear,Not Collision with Motor Vehicle in Transport,no,no,no,no,no,False
102728391,METROPOLITAN NASHVILLE POLICE DEPT,20200413594,Davidson,Nashville,6/18/2020 11:22:00 AM,3,0,0,36.048290,-86.866310,OLD HICKORY BLVD,,,,0.00,,,CHICKERING WOOD DR,,,,0.00,Y,T-Intersection, ,Intersection,None,,,         ,Curtis,Rich,Cloudy,Front to Rear,no,no,no,no,no,False
102728401,METROPOLITAN NASHVILLE POLICE DEPT,20200413619,Davidson,Nashville,6/18/2020 11:47:00 AM,2,1,0,36.167790,-86.820750,28TH AVN,,,,0.00,Feet,,JEFFERSON ST,,,,0.00,Y,Four-Way,N,Intersection,None,,,         ,Rex,Engelbert,Clear,Front to Rear,no,no,no,no,no,False
102728406,METROPOLITAN NASHVILLE POLICE DEPT,20200413676,Davidson,Madison,6/18/2020 12:33:00 PM,2,1,0,36.253590,-86.733780,S GRAYCROFT AV,,,,464.00,Feet,South,CHADWELL DR,,,,0.00,N,Not at Intersection,N,Non-Junction,None,,,         ,Michelle,Steidl,Clear,Angle,no,no,no,no,no,False
102728408,METROPOLITAN NASHVILLE POLICE DEPT,20200413628,Davidson,Nashville,6/18/2020 11:40:00 AM,2,0,0,36.160760,-86.793690,I40 E EXT RAMP,,,,0.00,,,CHARLOTTE AV,,,,0.00,Y,Four-Way, ,Intersection,None,,,         ,Nathan,Kemp,Clear,"Sideswipe, Same Direction",no,no,no,no,no,False
102728409,METROPOLITAN NASHVILLE POLICE DEPT,20200413680,Davidson,Nashville,6/18/2020 12:31:00 PM,2,0,0,36.142280,-86.651510,I 40,,,,0.00,,,,,,,217.50,N,Not at Intersection, ,Non-Junction,None,,,         ,Michael,Dance,Clear,Not Collision with Motor Vehicle in Transport,no,no,no,no,no,False
102728422,METROPOLITAN NASHVILLE POLICE DEPT,20200413429,Davidson,Nashville,6/18/2020 12:25:00 PM,2,0,0,36.162030,-86.760980,I 24,,,,0.00,,,,,,,49.35,N,Not at Intersection, ,,None,,,         ,Byron,Carter,,,no,no,no,no,no,False
102728423,METROPOLITAN NASHVILLE POLICE DEPT,20200413468,Davidson,Nashville,6/18/2020 10:11:00 AM,2,4,0,36.199820,-86.751710,ELLINGTON PKWYS,,,,0.00,,,ELLINGTON PKWY,,,,0.00,Y,OTHER,N,Non-Junction,None,,,         ,Doyle,Price,Cloudy,Front to Rear,no,no,no,no,no,False
102728487,METROPOLITAN NASHVILLE POLICE DEPT,20200413828,Davidson,Antioch,6/18/2020 2:15:00 PM,3,0,0,36.026290,-86.588190,MURFREESBORO PKE,,,,72.00,Feet,South,HICKORY WOODS DR,,,,0.00,N,Not at Intersection,N,Non-Junction,None,,,         ,Nicholas,Carter,Clear,Front to Rear,no,no,no,no,no,False
102728488,METROPOLITAN NASHVILLE POLICE DEPT,20200407994,Davidson,Nashville,6/15/2020 2:50:00 PM,1,1,0,36.198670,-86.843890,ASHLAND CITY HWY,,,,406.00,Feet,East,HYDES FERRY RD,,,,0.00,N,Not at Intersection,N,Non-Junction,None,,,         ,Alec,Pellissier,Clear,Not Collision with Motor Vehicle in Transport,yes,no,no,no,no,False
102728500,METROPOLITAN NASHVILLE POLICE DEPT,20200413877,Davidson,Nashville,6/18/2020 12:00:00 AM,2,0,0,36.158320,-86.771840,KOREAN VETERANS BLVD,,,,19.00,Feet,East,1ST AVS,,,,0.00,N,Not at Intersection, ,Non-Junction,None,,,         ,Trevor,Taylor,Clear,"Sideswipe, Same Direction",no,no,no,no,yes,False
102728523,GOODLETTSVILLE POLICE DEPT,20-19049,Davidson,Goodlettsville,6/18/2020 12:54:00 PM,2,1,0,36.324570,-86.701360,CONFERENCE DR,,,,229.00,Feet,South,LONG HOLLOW PKE,,,,0.00,N,Not at Intersection,N,Non-Junction,None,,,         ,Benny,Alexander,Cloudy,Angle,no,no,no,no,no,False
102728528,METROPOLITAN NASHVILLE POLICE DEPT,20200413938,Davidson,Not in City Limit,6/18/2020 3:34:00 PM,2,1,0,36.014100,-87.041250,HIGHWAY 100,,,,1335.00,Feet,East,FAIRVIEW BLVD,,,,0.00,N,Not at Intersection,N,Non-Junction,None,,,         ,Jared,Dick,Clear,Angle,no,no,no,no,no,False
102728531,METROPOLITAN NASHVILLE POLICE DEPT,20200412586,Davidson,Nashville,6/17/2020 9:12:00 PM,2,0,0,36.065410,-86.690820,HICKORY LAKE APTS PVTDR,,,,0.00,,,HORIZON PARK APTS PVTDR,,,,0.00,Y,OTHER, ,Non-Junction,None,,,         ,Russell,Ward,Clear,Rear to Rear,no,no,no,yes,no,False
102728545,METROPOLITAN NASHVILLE POLICE DEPT,20200413922,Davidson,Not in City Limit,6/18/2020 3:25:00 PM,2,0,0,36.307880,-86.820640,I 24,,,,0.00,,,,,,,38.05,N,Not at Intersection,N,Non-Junction,None,,,         ,Chad,Connors,Clear,Front to Rear,no,no,no,no,yes,False
102728554,GOODLETTSVILLE POLICE DEPT,20-19058,Davidson,Goodlettsville,6/18/2020 2:45:00 PM,2,0,0,36.313460,-86.708090,RIVERGATE PKWY,,,,631.00,Feet,South,TWO MILE PKE,,,,0.00,N,Not at Intersection,N,Non-Junction,None,,,         ,George,Henry,Clear,Angle,no,no,no,no,no,False
102728556,METROPOLITAN NASHVILLE POLICE DEPT,20200413912,Davidson,Nashville,6/18/2020 2:59:00 PM,2,0,0,36.243340,-86.756700,DICKERSON PKE,,,,204.00,Feet,South,SKYLINE MEMORIAL CT,,,,0.00,N,Not at Intersection, ,Non-Junction,None,,,         ,Kelly,Turcios,Clear,Angle,no,no,no,no,no,False
102728561,METROPOLITAN NASHVILLE POLICE DEPT,20200413995,Davidson,Nashville,6/18/2020 3:40:00 PM,2,0,0,36.163200,-86.819290,I 40,,,,0.00,Feet,East,I 40,,,,0.00,N,Not at Intersection,N,Entrance/Exit Ramp Related,None,,,         ,Timothy,Skopek,Clear,Front to Rear,no,no,no,no,yes,False
102728562,METROPOLITAN NASHVILLE POLICE DEPT,20200413878,Davidson,Not in City Limit,6/18/2020 2:56:00 PM,2,0,0,36.264210,-86.734260,OLD HICKORY BLVDW,,,,117.00,Feet,West,HEAD DR,,,,0.00,N,Not at Intersection, ,Non-Junction,None,,,         ,Kevin,Crawford,Clear,Angle,no,no,no,no,no,False
102728563,METROPOLITAN NASHVILLE POLICE DEPT,20200413990,Davidson,Not in City Limit,6/18/2020 3:49:00 PM,2,0,0,36.260370,-86.712860,HICKORY ST,,,,0.00,,,GALLATIN PKES,,,,0.00,Y,T-Intersection,N,Intersection,None,,,         ,Christopher,Littles,Clear,Angle,no,no,no,no,no,False
102728564,METROPOLITAN NASHVILLE POLICE DEPT,20200414003,Davidson,Not in City Limit,6/18/2020 4:04:00 PM,2,0,0,36.261850,-86.712330,GALLATIN PKES,,,,134.00,Feet,South,E OLD HICKORY BLVD,,,,0.00,N,Not at Intersection, ,Non-Junction,None,,,         ,Christopher,Littles,Clear,Front to Rear,no,no,no,no,no,False
102728567,METROPOLITAN NASHVILLE POLICE DEPT,20200414047,Davidson,Nashville,6/18/2020 4:25:00 PM,2,0,0,36.167010,-86.763750,I24 W ENT RAMP,,,,0.00,,,I 24,,,,0.00,Y,Four-Way, ,Entrance/Exit Ramp Related,None,,,         ,Richard,Conger,Clear,Angle,no,no,no,no,no,False
102728586,METROPOLITAN NASHVILLE POLICE DEPT,20200414072,Davidson,Nashville,6/18/2020 4:38:00 PM,2,0,0,36.152820,-86.683410,ELM HILL PKE,,,,0.00,,,MCGAVOCK PKE,,,,0.00,Y,Four-Way, ,Non-Junction,None,,,         ,Adam,Warren,Clear,Front to Rear,no,no,no,no,no,False
102728590,METROPOLITAN NASHVILLE POLICE DEPT,20200414123,Davidson,Not in City Limit,6/18/2020 5:19:00 PM,2,0,0,36.278110,-86.801160,I 24,,,,0.00,,,,,,,40.50,N,Not at Intersection, ,,None,,,         ,Christopher,Littles,,,no,no,no,no,no,False
102728594,METROPOLITAN NASHVILLE POLICE DEPT,20200413802,Davidson,Nashville,6/18/2020 2:00:00 PM,2,0,0,36.175490,-86.792830,ROSA L PARKS BLVD,,,,96.00,Feet,North,MONROE ST,,,,0.00,N,Not at Intersection, ,,None,,,         ,Kimberly,Forsyth,,,no,no,no,no,no,False
102728595,METROPOLITAN NASHVILLE POLICE DEPT,20200414068,Davidson,Nashville,6/18/2020 4:36:00 PM,2,0,0,36.152770,-86.779320,8TH AVS,,,,0.00,,,DREXEL ST,,,,0.00,Y,T-Intersection,N,Intersection,None,,,         ,Gabriel,Vasquez,Clear,Angle,no,no,no,no,no,False
102728599,METROPOLITAN NASHVILLE POLICE DEPT,20200413876,Davidson,Nashville,6/18/2020 2:55:00 PM,2,0,0,36.135560,-86.885830,CHARLOTTE PKE,,,,218.00,Feet,West,BROOK HOLLOW RD,,,,0.00,N,Not at Intersection, ,Non-Junction,None,,,         ,Jeremy,Huffine,Clear,Front to Rear,no,no,no,no,no,False
102728600,METROPOLITAN NASHVILLE POLICE DEPT,20200414020,Davidson,Nashville,6/18/2020 3:50:00 PM,2,0,0,36.153250,-86.721610,SPENCE LN,,,,169.00,Feet,South,LEBANON PKE,,,,0.00,N,Not at Intersection, ,Non-Junction,None,,,         ,Peter,Kinsey,Clear,Angle,no,no,no,no,no,False
102728605,METROPOLITAN NASHVILLE POLICE DEPT,20200413948,Davidson,Not in City Limit,6/18/2020 3:30:00 PM,1,1,0,36.175210,-86.947790,RIVER ROAD PKE,,,,0.92,Miles,South,RIVER ROAD PKE PVTDR,,,,0.00,N,Not at Intersection,N,Non-Junction,None,,,         ,Lawrence,Whited,Clear,Not Collision with Motor Vehicle in Transport,no,no,no,no,no,False
102728607,METROPOLITAN NASHVILLE POLICE DEPT,20200414120,Davidson,Nashville,6/18/2020 5:18:00 PM,1,1,0,36.150540,-86.760890,CLAIBORNE ST,,,,116.00,Feet,South,CANNON ST,,,,0.00,N,Not at Intersection,N,Non-Junction,None,,,         ,Derek,Sibley,Clear,Not Collision with Motor Vehicle in Transport,yes,no,no,no,no,False
102728614,METROPOLITAN NASHVILLE POLICE DEPT,20200414069,Davidson,Nashville,6/18/2020 4:45:00 PM,2,0,0,36.147650,-86.673110,ROYAL PKWY,,,,379.00,Feet,West,RACHEL DR,,,,0.00,N,Not at Intersection, ,Non-Junction,None,,,         ,Douglas,Mann,Clear,Angle,no,no,no,yes,no,False
102728615,METROPOLITAN NASHVILLE POLICE DEPT,20200414205,Davidson,Nashville,6/18/2020 5:30:00 PM,2,0,0,36.169240,-86.680880,LEBANON PKE,,,,296.00,Feet,West,MCGAVOCK PKE,,,,0.00,N,Not at Intersection, ,Non-Junction,None,,,         ,Joseph,Simon,Clear,Front to Rear,no,no,no,no,no,False
102728626,METROPOLITAN NASHVILLE POLICE DEPT,20200414229,Davidson,Not in City Limit,6/18/2020 6:10:00 PM,2,0,0,36.067290,-86.949540,SAWYER BROWN RD,,,,322.00,Feet,South,GENERAL GEORGE PATTON RD,,,,0.00,N,Not at Intersection,N,Non-Junction,None,,,         ,Devonte,Coleman,Clear,Front to Rear,no,no,no,no,yes,False
102728627,METROPOLITAN NASHVILLE POLICE DEPT,20200414216,Davidson,Nashville,6/18/2020 6:17:00 PM,2,0,0,36.162680,-86.761240,I 24,,,,0.00,,,,,,,49.30,N,Not at Intersection,N,Non-Junction,None,,,         ,Tyler,Manivong,Clear,Front to Rear,no,no,no,no,yes,False
102728634,METROPOLITAN NASHVILLE POLICE DEPT,20200413906,Davidson,Goodlettsville,6/18/2020 3:10:00 PM,2,1,0,36.296910,-86.699160,MYATT DR,,,,0.00,,,GALLATIN PKEN,,,,0.00,Y,Four-Way,Y,Non-Junction,None,,,         ,William,Badger,Clear,Front to Rear,no,no,no,no,yes,False
102728637,METROPOLITAN NASHVILLE POLICE DEPT,20200414142,Davidson,Goodlettsville,6/18/2020 5:30:00 PM,2,0,0,36.291950,-86.720800,I 65,,,,0.00,,,,,,,94.40,N,Not at Intersection,N,Non-Junction,None,,,         ,Joshua,Goepper,Clear,Front to Rear,no,no,no,no,no,False
102728652,METROPOLITAN NASHVILLE POLICE DEPT,20200414162,Davidson,Nashville,6/18/2020 4:45:00 PM,3,0,0,36.224600,-86.774540,I 65,,,,0.00,,,,,,,88.60,N,Not at Intersection,N,Non-Junction,None,,,         ,Alec,Pellissier,Clear,Other,no,no,no,no,yes,False
102728653,METROPOLITAN NASHVILLE POLICE DEPT,20200414111,Davidson,Nashville,6/18/2020 5:13:00 PM,3,0,0,36.134850,-86.741350,WOODYCREST AV,,,,8.00,Feet,West,FOSTER AV,,,,0.00,N,Not at Intersection,N,Non-Junction,None,,,         ,Andrew,Brazee,Clear,Front to Rear,no,no,no,no,yes,False
102728658,METROPOLITAN NASHVILLE POLICE DEPT,20200414355,Davidson,Not in City Limit,6/18/2020 7:48:00 PM,2,0,0,36.264280,-86.711490,GALLATIN PKEN,,,,0.00,,,OLD TIME VILLAGE PVTDR,,,,0.00,Y,T-Intersection,N,Intersection,None,,,         ,Christopher,Littles,Clear,Angle,no,no,no,no,yes,False
102728660,METROPOLITAN NASHVILLE POLICE DEPT,20200414156,Davidson,Nashville,6/18/2020 5:05:00 PM,2,0,0,36.173320,-86.791160,JEFFERSON ST,,,,75.00,Feet,East,ROSA L PARKS BLVD,,,,0.00,N,Not at Intersection,N,Non-Junction,None,,,         ,Jacob,Krispin,Clear,"Sideswipe, Same Direction",no,no,no,no,yes,False
102728669,METROPOLITAN NASHVILLE POLICE DEPT,20200414189,Davidson,Nashville,6/18/2020 5:59:00 PM,3,0,0,36.148140,-86.692300,BRILEY PKWYN,,,,78.00,Feet,South,BRILEY PKWY N EXT RAMP,,,,0.00,N,Not at Intersection, ,Non-Junction,None,,,         ,Peter,Kinsey,Clear,"Sideswipe, Same Direction",no,no,no,no,no,False
102728670,METROPOLITAN NASHVILLE POLICE DEPT,20200414370,Davidson,Nashville,6/18/2020 12:00:00 AM,2,0,0,36.190180,-86.790790,I 65,,,,0.00,,,,,,,85.70,N,Not at Intersection, ,Non-Junction,None,,,         ,Trevor,Taylor,Clear,"Sideswipe, Same Direction",no,no,no,no,yes,False
102728672,METROPOLITAN NASHVILLE POLICE DEPT,20200414080,Davidson,Goodlettsville,6/18/2020 4:40:00 PM,1,0,0,36.298220,-86.699880,RIVERGATE PKWY,,,,30.00,Feet,North,GLEAVES ST,,,,0.00,N,Not at Intersection,N,Non-Junction,None,,,         ,William,Badger,Clear,Not Collision with Motor Vehicle in Transport,yes,no,no,no,yes,False
102728675,METROPOLITAN NASHVILLE POLICE DEPT,20200414338,Davidson,Nashville,6/18/2020 7:23:00 PM,3,1,0,36.072130,-86.691650,I 24,,,,0.00,,,,,,,56.80,N,Not at Intersection,N,Non-Junction,None,,,         ,Laura,Williams,Cloudy,Front to Rear,no,no,no,no,no,False
102728685,METROPOLITAN NASHVILLE POLICE DEPT,20200414356,Davidson,Nashville,6/18/2020 7:00:00 PM,2,0,0,36.166340,-86.779070,3RD AVN,,,,0.00,,,DEADERICK ST,,,,0.00,Y,T-Intersection, ,Intersection-Related,None,,,         ,David,Snowden,Clear,Front to Rear,no,no,no,no,no,False
102728688,METROPOLITAN NASHVILLE POLICE DEPT,20200414442,Davidson,Nashville,6/18/2020 8:36:00 PM,2,0,0,36.249390,-86.719410,E PALESTINE AV,,,,0.00,,,GALLATIN PKES,,,,0.00,Y,Four-Way,N,Intersection,None,,,         ,Christopher,Littles,Clear,Front to Rear,no,no,no,no,yes,False
102728694,METROPOLITAN NASHVILLE POLICE DEPT,20200414424,Davidson,Nashville,6/18/2020 12:00:00 AM,1,0,0,36.161400,-86.598230,BELL RD,,,,0.00,,,,,,,0.00,,,N,Non-Junction,None,,,         ,Brandon,Chapman,Rain,Not Collision with Motor Vehicle in Transport,no,no,no,no,no,False
102728699,METROPOLITAN NASHVILLE POLICE DEPT,20200414466,Davidson,Nashville,6/18/2020 8:32:00 PM,2,0,0,36.159570,-86.856320,MORROW RD,,,,31.00,Feet,West,KENTUCKY AV,,,,0.00,N,Not at Intersection, ,Non-Junction,None,,,         ,Devonte,Coleman,Clear,Front to Rear,no,no,no,no,no,False
102728704,METROPOLITAN NASHVILLE POLICE DEPT,20200414473,Davidson,Not in City Limit,6/18/2020 8:57:00 PM,1,1,0,36.323380,-86.862280,I 24,,,,0.00,,,,,,,35.30,N,Not at Intersection,N,Non-Junction,None,,,         ,Brian,Woodard,Clear,Not Collision with Motor Vehicle in Transport,no,no,no,no,no,False
102728714,METROPOLITAN NASHVILLE POLICE DEPT,20200414492,Davidson,Not in City Limit,6/18/2020 8:32:00 PM,1,0,0,36.034700,-86.978830,NATCHEZ TRACE PKWY ENT RAMP,,,,0.00,Feet,East,NATCHEZ TRACE PKWY EXT RAMP,,,,0.00,N,Not at Intersection, ,Non-Junction,None,,,         ,Jared,Dick,Clear,Not Collision with Motor Vehicle in Transport,no,no,no,no,no,False
102728715,METROPOLITAN NASHVILLE POLICE DEPT,20200414382,Davidson,Nashville,6/18/2020 7:44:00 PM,2,2,0,36.051780,-86.669860,I 24,,,,0.00,,,,,,,58.65,N,Not at Intersection,N,Non-Junction,None,,,         ,Marcus,Darden,Rain,Front to Rear,no,no,no,no,no,False
102728724,METROPOLITAN NASHVILLE POLICE DEPT,20200414414,Davidson,Nashville,6/18/2020 8:00:00 PM,2,0,0,36.066970,-86.686830,I 24,,,,0.00,,,,,,,57.20,N,Not at Intersection,N,Non-Junction,None,,,         ,Molly,Page,Rain,Front to Rear,no,no,no,no,yes,False
102728726,METROPOLITAN NASHVILLE POLICE DEPT,20200413889,Davidson,Nashville,6/18/2020 2:27:00 PM,2,0,0,36.043040,-86.655350,I 24,,,,0.00,,,,,,,59.65,N,Not at Intersection, ,Non-Junction,None,,,         ,Joel,Bennett,Clear,Angle,no,no,no,no,no,False
102728727,METROPOLITAN NASHVILLE POLICE DEPT,20200413971,Davidson,Nashville,6/18/2020 2:25:00 PM,2,0,0,36.045100,-86.659880,I24 E EXT RAMP,,,,0.00,Feet,East,I 24,,,,0.00,N,Not at Intersection, ,Non-Junction,None,,,         ,Joel,Bennett,Clear,"Sideswipe, Same Direction",no,no,no,no,no,False
102728728,METROPOLITAN NASHVILLE POLICE DEPT,20200414152,Davidson,Nashville,6/18/2020 5:31:00 PM,2,1,0,36.065020,-86.628720,MURFREESBORO PKE,,,,108.00,Feet,North,HAMILTON CHURCH RD,,,,0.00,N,Not at Intersection,N,Non-Junction,None,,,         ,Joel,Bennett,Clear,Front to Rear,no,no,no,no,no,False
102728737,METROPOLITAN NASHVILLE POLICE DEPT,20200414469,Davidson,Nashville,6/18/2020 8:50:00 PM,2,3,0,36.035550,-86.713300,NOLENSVILLE PKE,,,,0.00,,,BRENTWOOD HIGHLANDS DR,,,,0.00,Y,T-Intersection,N,Intersection,None,,,         ,Cooper,HIll,Clear,HeadOn,no,no,no,no,no,False
102728738,METROPOLITAN NASHVILLE POLICE DEPT,20200414377,Davidson,Nashville,6/18/2020 7:55:00 PM,2,1,0,36.213320,-86.762700,DELLWAY VILLA RD,,,,546.00,Feet,East,DICKERSON PKE,,,,0.00,N,Not at Intersection,N,Non-Junction,None,,,         ,Ty,Cummings,Clear,Front to Rear,no,no,no,yes,yes,False
102728747,METROPOLITAN NASHVILLE POLICE DEPT,20200414614,Davidson,Nashville,6/18/2020 9:45:00 PM,2,0,0,36.180070,-86.811040,BUCHANAN ST,,,,0.00,,,DR D B TODD JR BLVD,,,,0.00,Y,Four-Way, ,Non-Junction,None,,,         ,Erik,Schall,Clear,Front to Rear,no,no,no,no,no,False
102728765,METROPOLITAN NASHVILLE POLICE DEPT,20200414727,Davidson,Nashville,6/18/2020 11:03:00 PM,1,0,0,36.142060,-86.698620,I40 E ENT RAMP,,,,0.00,Feet,East,BRILEY PKWYN,,,,0.00,N,Not at Intersection,Y,Entrance/Exit Ramp Related,None,,,         ,Corey,Ethridge,Clear,Unknown,no,no,no,no,yes,False
102728767,METROPOLITAN NASHVILLE POLICE DEPT,20200413149,Davidson,Nashville,6/18/2020 6:27:00 AM,2,1,0,36.064790,-86.628480,HAMILTON CHURCH RD,,,,0.00,,,MURFREESBORO PKE,,,,0.00,Y,Four-Way,N,Intersection,None,,,         ,Theodore,Meskers,Clear,Front to Rear,no,no,no,no,no,False
102728774,METROPOLITAN NASHVILLE POLICE DEPT,20200414640,Davidson,Nashville,6/18/2020 11:10:00 PM,2,0,0,36.170130,-86.601030,I 40,,,,0.00,,,,,,,220.85,N,Not at Intersection,Y,Non-Junction,None,,,         ,Aimee,Ortiz,Cloudy,Angle,no,no,no,no,yes,False
102728775,GOODLETTSVILLE POLICE DEPT,20-19078,Davidson,Goodlettsville,6/18/2020 9:52:00 PM,2,1,0,36.308310,-86.692510,VIETNAM VETERANS BLVD SB EXT R,,,,0.00,,East,VIETNAM VETERANS BLVDS,,,,0.00,N,Not at Intersection,N,Non-Junction,None,,,         ,Timothy,Williams,Clear,Front to Rear,no,no,no,no,no,False