master_record_number,agency,agency_tracking_number,county,city,collision_date,vehicles_involved,number_injured,number_dead,latitude,longitude,roadway_name,roadway_suffix,roadway_number,roadway_local_id,distance_from_reference,miles-feet_indicator,direction_from_reference,intersection_road_name,intersection_road_name_suffix,intersection_road_number,intersection_local_id,mile_marker,intersection_indicator,intersect_type,interchange_related_indicator,relation_to_junction,work_zone_type,construction_maintenance_zone,construction_maintenance_zone_location,fatal_case_number,officer_first_name,officer_last_name,weather_condition(s),manner_of_crash,pedestrian,bicycle,scooter,parking,hitrun,mou
102728777,METROPOLITAN NASHVILLE POLICE DEPT,20200414841,Davidson,Nashville,6/19/2020 1:37:00 AM,2,0,0,36.120910,-86.764970,I 440,,,,0.00,,,,,,,5.50,N,Not at Intersection,N,Non-Junction,Work Zone,Laneclosure,Unknown,         ,Tony,Mingsing,Clear,"Sideswipe, Same Direction",no,no,no,no,no,False
102728789,METROPOLITAN NASHVILLE POLICE DEPT,20200414801,Davidson,Nashville,6/19/2020 12:15:00 AM,1,1,0,36.161590,-86.827020,CLARE AV,,,,34.00,Feet,West,34TH AVN,,,,0.00,N,Not at Intersection,N,Non-Junction,None,,,         ,Malik,Burriss,Clear,Not Collision with Motor Vehicle in Transport,no,no,no,no,no,False
102728795,METROPOLITAN NASHVILLE POLICE DEPT,20200414894,Davidson,Nashville,6/19/2020 2:38:00 AM,2,0,0,36.161710,-86.775050,2ND AVS,,,,75.00,Feet,South,BROADWAY,,,,0.00,N,Not at Intersection, ,Non-Junction,None,,,         ,Amanda,Topping,Clear,Front to Rear,no,no,no,no,no,False
102728828,METROPOLITAN NASHVILLE POLICE DEPT,20200413693,Davidson,Nashville,6/18/2020 12:40:00 PM,3,1,0,36.164860,-86.767910,S 2ND ST,,,,0.00,,,SHELBY AV,,,,0.00,Y,Four-Way,N,Intersection-Related,None,,,         ,Sean,Pulizzano,Clear,"Sideswipe, Same Direction",no,no,no,no,no,False
102728834,METROPOLITAN NASHVILLE POLICE DEPT,20200411865,Davidson,Not in City Limit,6/16/2020 1:45:00 PM,1,1,0,36.021470,-86.700840,RIGDEN MILL DR,,,,0.00,,,BARNES COVE DR,,,,0.00,Y,OTHER,N,"Driveway, Alley Access, etc",None,,,         ,Han,Hong,Clear,Not Collision with Motor Vehicle in Transport,no,yes,no,no,yes,False
102728837,METROPOLITAN NASHVILLE POLICE DEPT,20200415080,Davidson,Nashville,6/19/2020 6:00:00 AM,2,0,0,36.160760,-86.793690,I40 E EXT RAMP,,,,0.00,,,CHARLOTTE AV,,,,0.00,Y,Four-Way,N,Entrance/Exit Ramp Related,None,,,         ,Nathan,Kemp,Clear,"Sideswipe, Same Direction",no,no,no,no,yes,False
102728849,METROPOLITAN NASHVILLE POLICE DEPT,20200415145,Davidson,Nashville,6/19/2020 12:00:00 AM,2,0,0,36.179550,-86.789780,VAN BUREN ST,,,,167.00,Feet,West,4TH AVN,,,,0.00,N,Not at Intersection,N,Non-Junction,None,,,         ,Brian,Quigley,Clear,Angle,no,no,no,no,yes,False
102728853,METROPOLITAN NASHVILLE POLICE DEPT,20200415185,Davidson,Nashville,6/19/2020 7:52:00 AM,2,0,0,36.134280,-86.780200,WEDGEWOOD AV,,,,175.00,Feet,East,BEECH AV,,,,0.00,N,Not at Intersection, ,Non-Junction,None,,,         ,Nathan,Kemp,Clear,"Sideswipe, Same Direction",no,no,no,no,no,False
102728870,METROPOLITAN NASHVILLE POLICE DEPT,20200415130,Davidson,Nashville,6/19/2020 7:20:00 AM,2,0,0,36.160190,-86.859590,CARL PL,,,,0.00,Feet,East,59TH AVN,,,,0.00,N,Not at Intersection, ,Non-Junction,None,,,         ,George,Spencer,Clear,Angle,no,no,no,no,no,False
102728893,METROPOLITAN NASHVILLE POLICE DEPT,20200415372,Davidson,Nashville,6/19/2020 10:00:00 AM,2,0,0,36.156170,-86.825470,I40 E EXT RAMP,,,,0.00,Feet,East,I 40,,,,0.00,N,Not at Intersection, ,Non-Junction,Construction Zone,,,         ,Curtis,Rich,Clear,Angle,no,no,no,no,no,False
102728902,METROPOLITAN NASHVILLE POLICE DEPT,20200415402,Davidson,Nashville,6/19/2020 10:16:00 AM,1,0,0,36.200150,-86.578930,CHANDLER RD,,,,431.00,Feet,West,W DIVISION ST,,,,0.00,N,Not at Intersection,N,Non-Junction,None,,,         ,Michael,Brooks,Clear,Not Collision with Motor Vehicle in Transport,no,no,no,no,no,False
102728921,METROPOLITAN NASHVILLE POLICE DEPT,20200415352,Davidson,Nashville,6/19/2020 9:55:00 AM,1,0,0,36.172340,-86.802080,-- UNKNOWN RAMP/ROAD --,,,,0.00,,,I 40,,,,0.00,Y,OTHER,N,Non-Junction,None,,,         ,Wesley,Young,Clear,Not Collision with Motor Vehicle in Transport,no,no,no,no,no,False
102728924,METROPOLITAN NASHVILLE POLICE DEPT,20200415479,Davidson,Nashville,6/19/2020 11:11:00 AM,2,1,0,36.141010,-86.729810,I 40,,,,0.00,,,,,,,213.15,N,Not at Intersection,N,Non-Junction,None,,,         ,Jason,Thomas,Cloudy,Front to Rear,no,no,no,no,no,False
102728926,METROPOLITAN NASHVILLE POLICE DEPT,20200415412,Davidson,Nashville,6/19/2020 10:25:00 AM,2,0,0,36.157640,-86.781290,8TH AVS,,,,99.00,Feet,South,MCGAVOCK ST,,,,0.00,N,Not at Intersection, ,Non-Junction,None,,,         ,Rachel,Susee,Clear,"Sideswipe, Same Direction",no,no,no,no,no,False
102728927,METROPOLITAN NASHVILLE POLICE DEPT,20200415419,Davidson,Nashville,6/19/2020 10:30:00 AM,2,1,0,36.191080,-86.798890,US HWY 41 ALT,,,,0.00,,,VANTAGE WAY,,,,0.00,Y,Four-Way, ,Intersection,None,,,         ,Wesley,Young,Clear,Front to Rear,no,no,no,no,no,False
102728929,METROPOLITAN NASHVILLE POLICE DEPT,20200415498,Davidson,Nashville,6/19/2020 11:15:00 AM,2,0,0,36.167990,-86.786430,7TH AVN,,,,0.00,,,JAMES ROBERTSON PKWY,,,,0.00,Y,T-Intersection, ,,None,,,         ,Kimberly,Forsyth,,,no,no,no,no,no,False
102728956,METROPOLITAN NASHVILLE POLICE DEPT,20200415589,Davidson,Nashville,6/19/2020 12:30:00 PM,2,0,0,36.111140,-86.748510,THOMPSON LN,,,,110.00,Feet,East,LANDERS AV,,,,0.00,N,Not at Intersection, ,Non-Junction,None,,,         ,Nathan,Kemp,Clear,"Sideswipe, Same Direction",no,no,no,no,no,False
102728958,METROPOLITAN NASHVILLE POLICE DEPT,20200415394,Davidson,Nashville,6/19/2020 10:10:00 AM,2,0,0,36.140460,-86.728740,I 24,,,,0.00,,,,,,,51.55,N,Not at Intersection,N,Entrance/Exit Ramp Related,None,,,         ,Terry,Denton,Clear,"Sideswipe, Same Direction",no,no,no,no,no,False
102728961,METROPOLITAN NASHVILLE POLICE DEPT,20200415579,Davidson,Nashville,6/19/2020 12:35:00 PM,1,0,0,36.157460,-86.853250,ILLINOIS AV,,,,52.00,Feet,East,MORROW RD,,,,0.00,N,Not at Intersection, ,Non-Junction,None,,,         ,Brian,Myatt,Clear,Not Collision with Motor Vehicle in Transport,no,no,no,no,yes,False
102728963,METROPOLITAN NASHVILLE POLICE DEPT,20200415587,Davidson,Nashville,6/19/2020 12:15:00 PM,2,0,0,36.157300,-86.644620,TRUXTON DR,,,,0.00,,,CLOVERWOOD DR,,,,0.00,Y,T-Intersection, ,Intersection,None,,,         ,Michael,Brooks,Clear,Angle,no,no,no,no,no,False
102728973,METROPOLITAN NASHVILLE POLICE DEPT,20200415572,Davidson,Nashville,6/19/2020 12:21:00 PM,2,0,0,36.182140,-86.608120,OLD HICKORY BLVD,,,,0.00,,,ANDREW JACKSON WAY,,,,0.00,Y,Four-Way, ,Intersection,None,,,         ,Michael,Brooks,Clear,Front to Rear,no,no,no,no,no,False
102728990,METROPOLITAN NASHVILLE POLICE DEPT,20200415609,Davidson,Nashville,6/19/2020 12:40:00 PM,2,0,0,36.173170,-86.791830,JEFFERSON ST,,,,138.00,Feet,West,US HWY 41 ALT,,,,0.00,N,Not at Intersection,N,Non-Junction,None,,,         ,Wesley,Young,Clear,Front to Rear,no,no,no,no,yes,False
102728992,METROPOLITAN NASHVILLE POLICE DEPT,20200415603,Davidson,Nashville,6/19/2020 12:41:00 PM,2,0,0,36.077310,-86.920720,OLD HICKORY BLVD,,,,194.00,Feet,North,BELLE FOREST CIR,,,,0.00,N,Not at Intersection,N,Non-Junction,None,,,         ,Curtis,Rich,Cloudy,Other,no,no,no,yes,no,False
102728993,METROPOLITAN NASHVILLE POLICE DEPT,20200415079,Davidson,Nashville,6/19/2020 6:37:00 AM,2,1,0,36.150540,-86.767810,US HWY 31 ALT,,,,0.00,,,MCCANN ST,,,,0.00,Y,Four-Way,N,Intersection,None,,,         ,Robert,Higgins,Cloudy,Angle,no,no,no,no,no,False
102728998,METROPOLITAN NASHVILLE POLICE DEPT,20200415645,Davidson,Nashville,6/19/2020 1:21:00 PM,2,0,0,36.129910,-86.778350,8TH AVS,,,,218.00,Feet,South,PRENTICE AV,,,,0.00,N,Not at Intersection,N,Non-Junction,None,,,         ,Nathan,Kemp,Clear,"Sideswipe, Same Direction",no,no,no,no,yes,False
102728999,METROPOLITAN NASHVILLE POLICE DEPT,20200415586,Davidson,Nashville,6/19/2020 12:35:00 PM,2,1,0,36.173020,-86.792390,9TH AVE N,,,,0.00,,,JEFFERSON ST,,,,0.00,Y,Four-Way,N,Intersection,None,,,         ,Wesley,Young,Clear,Angle,no,no,no,no,no,False
102729000,METROPOLITAN NASHVILLE POLICE DEPT,20200415556,Davidson,Nashville,6/19/2020 12:00:00 PM,2,0,0,36.109400,-86.811730,HILLSBORO PKE,,,,104.00,Feet,North,CRESTMOOR RD,,,,0.00,N,Not at Intersection, ,Non-Junction,None,,,         ,Curtis,Rich,Cloudy,"Sideswipe, Same Direction",no,no,no,no,no,False
102729003,METROPOLITAN NASHVILLE POLICE DEPT,20200415565,Davidson,Nashville,6/19/2020 12:15:00 PM,3,1,0,36.160650,-86.760190,I 24,,,,0.00,,,,,,,49.45,N,Not at Intersection,N,Non-Junction,None,,,         ,Rachel,Susee,Clear,Front to Rear,no,no,no,no,no,False
102729006,METROPOLITAN NASHVILLE POLICE DEPT,20200415484,Davidson,Nashville,6/19/2020 10:53:00 AM,3,0,0,36.134920,-86.704780,MASSMAN DR,,,,0.00,,,PATRICIA DR,,,,0.00,Y,Four-Way,N,Intersection,None,,,         ,Michael,Brooks,Clear,Other,no,no,no,no,no,False
102729016,METROPOLITAN NASHVILLE POLICE DEPT,20200415612,Davidson,Nashville,6/19/2020 12:43:00 PM,2,0,0,36.129080,-86.727250,I 24,,,,0.00,,,,,,,51.25,N,Not at Intersection, ,,None,,,         ,Brian,Sherman,,,no,no,no,no,no,False
102729018,METROPOLITAN NASHVILLE POLICE DEPT,20200415697,Davidson,Nashville,6/19/2020 12:50:00 PM,2,0,0,36.207910,-86.777720,BRICK CHURCH PKE,,,,0.00,,,I65 S EXT RAMP,,,,0.00,Y,T-Intersection,N,Intersection,None,,,         ,Jeanine,Sarno,Clear,Angle,no,no,no,no,yes,False
102729025,METROPOLITAN NASHVILLE POLICE DEPT,20200415724,Davidson,Nashville,6/19/2020 2:30:00 PM,2,0,0,36.194240,-86.832150,CLARKSVILLE PKE,,,,348.00,Feet,West,S HAMILTON RD,,,,0.00,N,Not at Intersection,N,Non-Junction,None,,,         ,Wesley,Young,Clear,Front to Rear,no,no,no,no,yes,False
102729033,METROPOLITAN NASHVILLE POLICE DEPT,20200415605,Davidson,Nashville,6/19/2020 12:45:00 PM,2,0,0,36.159530,-86.760050,I 24,,,,0.00,,,,,,,49.50,N,Not at Intersection, ,Non-Junction,None,,,         ,Jamel,Griffin,Clear,Angle,no,no,no,no,no,False
102729042,METROPOLITAN NASHVILLE POLICE DEPT,20200415608,Davidson,Nashville,6/19/2020 12:45:00 PM,2,1,0,36.099730,-86.871410,HARDING PKE,,,,0.00,,,HIGHWAY 100,,,,0.00,Y,Y-Intersection,N,Intersection-Related,None,,,         ,Phillip,Murphy,Clear,"Sideswipe, Same Direction",no,no,no,no,no,False
102729043,METROPOLITAN NASHVILLE POLICE DEPT,20200415764,Davidson,Nashville,6/19/2020 12:30:00 PM,2,0,0,36.147760,-86.743510,FESSLERS LN,,,,0.00,,,I40 W ENT RAMP,,,,0.00,Y,T-Intersection, ,,None,,,         ,Reagan,Heath,,,no,no,no,no,no,False
102729048,METROPOLITAN NASHVILLE POLICE DEPT,20200412668,Davidson,Nashville,6/17/2020 10:07:00 PM,4,1,0,36.049460,-86.651180,BELL RD,,,,173.00,Feet,East,HICKORY HOLLOW MALL PVTDR PL,,,,0.00,N,Not at Intersection,N,Non-Junction,None,,,         ,Edward,Starke,Clear,Front to Rear,no,no,no,no,yes,False
102729054,METROPOLITAN NASHVILLE POLICE DEPT,20200415671,Davidson,Nashville,6/19/2020 12:00:00 AM,2,2,0,36.264500,-86.730200,OLD HICKORY BLVD W / N MARTHON,,,,0.00,,West,,,,,708.00,N,Not at Intersection,N,Non-Junction,None,,,         ,Keenan,McCann,Clear,Angle,no,no,no,no,yes,False
102729065,METROPOLITAN NASHVILLE POLICE DEPT,20200415762,Davidson,Nashville,6/19/2020 2:55:00 PM,2,1,0,36.085000,-86.703200,HARDING PL,,,,75.00,Feet,East,TRAVELERS INN DR,,,,0.00,N,Not at Intersection,N,Non-Junction,None,,,         ,Edward,Starke,Clear,Front to Rear,no,no,no,no,no,False
102729066,METROPOLITAN NASHVILLE POLICE DEPT,20200415806,Davidson,Not in City Limit,6/19/2020 3:11:00 PM,1,0,0,36.321420,-86.852990,I 24,,,,0.00,,,,,,,35.80,N,Not at Intersection,N,Non-Junction,None,,,         ,Eric,McCoy,Clear,Not Collision with Motor Vehicle in Transport,no,no,no,no,no,False
102729067,METROPOLITAN NASHVILLE POLICE DEPT,20200415815,Davidson,Not in City Limit,6/19/2020 3:15:00 PM,3,1,0,36.321980,-86.858110,I 24,,,,0.00,,,,,,,35.50,N,Not at Intersection,N,Non-Junction,None,,,         ,Jacob,Krispin,Clear,Front to Rear,no,no,no,no,no,False
102729075,METROPOLITAN NASHVILLE POLICE DEPT,20200415838,Davidson,Nashville,6/19/2020 3:41:00 PM,2,1,0,36.079370,-86.632570,EDGE O LAKE DR,,,,0.00,,,BELL RD,,,,0.00,Y,Four-Way,Y,Intersection,None,,,         ,Derek,Sibley,Clear,Angle,no,no,no,no,yes,False
102729081,METROPOLITAN NASHVILLE POLICE DEPT,20200415783,Davidson,Nashville,6/19/2020 2:09:00 PM,2,0,0,36.205860,-86.768260,E TRINITY LN,,,,102.00,Feet,East,W TRINITY LN,,,,0.00,N,Not at Intersection, ,,None,,,         ,Ty,Cummings,,,no,no,no,no,no,False
102729082,METROPOLITAN NASHVILLE POLICE DEPT,20200415855,Davidson,Not in City Limit,6/19/2020 3:53:00 PM,2,1,0,36.262790,-86.704430,E OLD HICKORY BLVD,,,,0.00,,,DELAWARE AV,,,,0.00,Y,T-Intersection,N,Intersection,None,,,         ,Christopher,Littles,Clear,Angle,no,no,no,no,no,False
102729085,METROPOLITAN NASHVILLE POLICE DEPT,20200415816,Davidson,Nashville,6/19/2020 2:55:00 PM,2,0,0,36.072500,-86.635970,BELL RD,,,,236.00,Feet,North,MURFREESBORO PKE,,,,0.00,N,Not at Intersection, ,Non-Junction,None,,,         ,Corey,Reed,Clear,Angle,no,no,no,no,yes,False
102729088,METROPOLITAN NASHVILLE POLICE DEPT,20200415888,Davidson,Not in City Limit,6/19/2020 3:50:00 PM,2,0,0,36.261240,-86.712530,GALLATIN PKES,,,,0.00,,,MAPLE ST,,,,0.00,Y,T-Intersection, ,Intersection-Related,None,,,         ,Eric,Wegener,Clear,Angle,no,no,no,no,no,False
102729094,METROPOLITAN NASHVILLE POLICE DEPT,20200415915,Davidson,Nashville,6/19/2020 4:37:00 PM,2,0,0,36.158580,-86.640650,STEWARTS FERRY PKE,,,,0.00,,,HICKORY PL,,,,0.00,Y,T-Intersection, ,Non-Junction,None,,,         ,Adam,Warren,Clear,Angle,no,no,no,no,no,False
102729104,METROPOLITAN NASHVILLE POLICE DEPT,20200415864,Davidson,Nashville,6/19/2020 3:58:00 PM,2,0,0,36.104150,-86.884090,JOCELYN HOLLOW RD,,,,0.00,,,BROOK HOLLOW RD,,,,0.00,Y,Four-Way,N,Intersection,None,,,         ,Devonte,Coleman,Clear,Angle,no,no,no,no,no,False
102729105,METROPOLITAN NASHVILLE POLICE DEPT,20200415924,Davidson,Nashville,6/19/2020 3:20:00 PM,2,0,0,36.089430,-86.733000,NOLENSVILLE PKE,,,,291.00,Feet,South,ZOO RD,,,,0.00,N,Not at Intersection,N,Non-Junction,None,,,         ,Edward,Starke,Clear,Angle,no,no,no,yes,yes,False
102729108,VANDERBILT UNIVERSITY POLICE,20200415914,Davidson,Nashville,6/19/2020 12:00:00 AM,2,0,0,36.107500,-86.765250,POWELL AVE,,,,415.00,Feet,North,POWELL PL,,,,0.00,N,Not at Intersection, ,Non-Junction,None,,,         ,Joseph,Bishop,Clear,"Sideswipe, Same Direction",no,no,no,yes,no,False
102729109,METROPOLITAN NASHVILLE POLICE DEPT,20200415925,Davidson,Not in City Limit,6/19/2020 4:43:00 PM,2,1,0,36.321980,-86.858110,I 24,,,,0.00,,,,,,,35.50,N,Not at Intersection,N,Non-Junction,None,,,         ,Jacob,Krispin,Clear,Front to Rear,no,no,no,no,no,False
102729122,METROPOLITAN NASHVILLE POLICE DEPT,20200414725,Davidson,Nashville,6/19/2020 12:11:00 AM,2,1,1,36.045470,-86.950560,HIGHWAY 100,,,,0.00,,,TEMPLE RD,,,,0.00,Y,Four-Way,N,Intersection,None,,,20-0432  ,Russell,Ward,Clear,Angle,no,no,no,no,no,False
102729126,METROPOLITAN NASHVILLE POLICE DEPT,20200415886,Davidson,Nashville,6/19/2020 4:00:00 PM,3,0,0,36.165310,-86.783150,6TH AVN,,,,0.00,,,CHARLOTTE AV,,,,0.00,Y,T-Intersection,N,Intersection-Related,None,,,         ,David,Snowden,Clear,Front to Rear,no,no,no,no,no,False
102729130,METROPOLITAN NASHVILLE POLICE DEPT,20200415931,Davidson,Nashville,6/19/2020 4:46:00 PM,2,2,0,36.154730,-86.814620,CHARLOTTE AV,,,,310.00,Feet,East,26TH AVN,,,,0.00,N,Not at Intersection,N,Non-Junction,None,,,         ,FELIKS,ABRAHAMYAN,Clear,Angle,no,no,no,no,no,False
102729145,METROPOLITAN NASHVILLE POLICE DEPT,20200416048,Davidson,Nashville,6/19/2020 6:22:00 PM,2,1,0,36.147250,-86.799360,US HWY 431,,,,65.00,Feet,South,GRAND AVE,,,,0.00,N,Not at Intersection, ,Non-Junction,None,,,         ,Zachary,Plese,Clear,Front to Rear,no,no,no,no,no,Campus
102729147,METROPOLITAN NASHVILLE POLICE DEPT,20200416058,Davidson,Nashville,6/19/2020 6:31:00 PM,1,1,0,36.167420,-86.756840,S 7TH ST,,,,293.00,Feet,South,SYLVAN ST,,,,0.00,N,Not at Intersection, ,Non-Junction,None,,,         ,Tyler,Manivong,Clear,Not Collision with Motor Vehicle in Transport,yes,no,no,no,yes,False
102729155,METROPOLITAN NASHVILLE POLICE DEPT,20200415961,Davidson,Nashville,6/19/2020 4:00:00 PM,2,0,0,36.123440,-86.773100,I 65,,,,0.00,,,,,,,80.60,N,Not at Intersection,N,Non-Junction,None,,,         ,Melissa,Lomax,Clear,"Sideswipe, Same Direction",no,no,no,no,yes,False
102729156,METROPOLITAN NASHVILLE POLICE DEPT,20200415772,Davidson,Nashville,6/19/2020 2:57:00 PM,2,1,0,36.192110,-86.780460,I 65,,,,0.00,,,,,,,86.30,N,Not at Intersection,N,Non-Junction,None,,,         ,Blake,McKay,Clear,"Sideswipe, Same Direction",no,no,no,no,no,False
102729157,METROPOLITAN NASHVILLE POLICE DEPT,20200416008,Davidson,Nashville,6/19/2020 5:53:00 PM,2,0,0,36.070290,-86.684540,ANTIOCH PKE,,,,0.00,,,HAYWOOD LN,,,,0.00,Y,T-Intersection,N,Non-Junction,None,,,         ,Tyler,Geiger,Clear,Front to Rear,no,no,no,no,no,False
102729170,METROPOLITAN NASHVILLE POLICE DEPT,20200416065,Davidson,Nashville,6/19/2020 6:37:00 PM,1,0,0,36.162580,-86.664040,DONELSON PKE,,,,176.00,Feet,South,COLONIAL CIR,,,,0.00,N,Not at Intersection, ,Non-Junction,None,,,         ,Derek,Sibley,Clear,Not Collision with Motor Vehicle in Transport,no,no,no,no,no,False
102729175,METROPOLITAN NASHVILLE POLICE DEPT,20200416100,Davidson,Nashville,6/19/2020 12:00:00 AM,2,0,0,36.194090,-86.759490,JONES AV,,,,77.00,Feet,North,DOUGLAS AV,,,,0.00,N,Not at Intersection,N,Non-Junction,None,,,         ,Maryanne,Bartello,Clear,HeadOn,no,no,no,no,yes,False
102729188,METROPOLITAN NASHVILLE POLICE DEPT,20200416075,Davidson,Nashville,6/19/2020 6:40:00 PM,1,0,0,36.142940,-86.650510,ELM HILL PKE,,,,142.00,Feet,West,NEILWORTH LN,,,,0.00,N,Not at Intersection,N,Non-Junction,None,,,         ,Jarrett,Ipox,Clear,Not Collision with Motor Vehicle in Transport,no,no,no,no,no,False
102729191,METROPOLITAN NASHVILLE POLICE DEPT,20200416073,Davidson,Nashville,6/19/2020 6:20:00 PM,2,0,0,36.128680,-86.853180,WHITE BRIDGE PKE,,,,0.00,,,LIONS HEAD VILLAGE PVTDR,,,,0.00,Y,T-Intersection, ,Non-Junction,None,,,         ,Devonte,Coleman,Clear,Angle,no,no,no,no,no,False
102729192,METROPOLITAN NASHVILLE POLICE DEPT,20200416094,Davidson,Nashville,6/19/2020 6:50:00 PM,2,0,0,36.071270,-86.636400,BELL RD,,,,228.00,Feet,South,MURFREESBORO PKE,,,,0.00,N,Not at Intersection, ,Non-Junction,None,,,         ,Edward,Starke,Clear,"Sideswipe, Same Direction",no,no,no,no,no,False
102729194,METROPOLITAN NASHVILLE POLICE DEPT,20200415994,Davidson,Nashville,6/19/2020 5:34:00 PM,2,1,0,36.217910,-86.623890,OLD HICKORY BLVD,,,,426.00,Feet,North,2ND ST,,,,0.00,N,Not at Intersection,N,Non-Junction,None,,,         ,Zaire,Murray,Clear,Angle,no,no,no,no,no,False
102729200,METROPOLITAN NASHVILLE POLICE DEPT,20200416166,Davidson,Nashville,6/19/2020 7:52:00 PM,1,0,0,36.149540,-86.784540,12TH AVE S,,,,419.00,Feet,North,EXIT 209B,,,,0.00,N,Not at Intersection, ,Non-Junction,None,,,         ,Samuel,Sundra,Clear,Not Collision with Motor Vehicle in Transport,no,no,no,no,no,False
102729208,METROPOLITAN NASHVILLE POLICE DEPT,20200416092,Davidson,Nashville,6/19/2020 12:49:00 PM,2,0,0,36.041810,-86.715930,SWISS AV,,,,355.00,Feet,West,KNOLLS PL,,,,0.00,N,Not at Intersection,N,Non-Junction,None,,,         ,Ryan,Sherry,Clear,HeadOn,no,no,no,yes,yes,False
102729223,METROPOLITAN NASHVILLE POLICE DEPT,20200416131,Davidson,Not in City Limit,6/19/2020 7:21:00 PM,1,1,0,36.202250,-86.980830,RIVER ROAD PKE,,,,1065.00,Feet,West,RIVER ROAD PKE PVTDR,,,,0.00,N,Not at Intersection,N,Non-Junction,None,,,         ,Jared,Dick,Clear,Not Collision with Motor Vehicle in Transport,no,no,no,no,no,False
102729224,METROPOLITAN NASHVILLE POLICE DEPT,20200416237,Davidson,Nashville,6/19/2020 12:00:00 AM,1,0,0,36.156120,-86.761840,ANTHES DR,,,,469.00,Feet,North,I24 W ENT RAMP,,,,0.00,N,Not at Intersection,N,Non-Junction,None,,,         ,Trevor,Taylor,Clear,Not Collision with Motor Vehicle in Transport,no,no,no,no,yes,False
102729237,METROPOLITAN NASHVILLE POLICE DEPT,20200415949,Davidson,Nashville,6/19/2020 3:26:00 PM,2,0,0,36.143630,-86.701660,I40 E EXT RAMP,,,,0.00,Feet,East,I 40,,,,0.00,N,Not at Intersection,N,Entrance/Exit Ramp Related,None,,,         ,Mary,Robinson,Clear,Front to Rear,no,no,no,no,no,False
102729238,METROPOLITAN NASHVILLE POLICE DEPT,20200416159,Davidson,Nashville,6/19/2020 7:46:00 PM,2,1,0,36.132460,-86.706170,PATRICIA DR,,,,448.00,Feet,North,HAROLD DR,,,,0.00,N,Not at Intersection,N,Non-Junction,None,,,         ,Mary,Robinson,Clear,Angle,no,no,no,no,no,False
102729246,METROPOLITAN NASHVILLE POLICE DEPT,20200416038,Davidson,Nashville,6/19/2020 6:10:00 PM,2,1,0,36.074000,-86.624870,ANDERSON RD,,,,0.00,Feet,,CREEKVIEW DR,,,,0.00,Y,Four-Way,N,Intersection-Related,None,,,         ,Michael,Fox,Clear,Front to Rear,no,no,no,no,yes,False
102729287,METROPOLITAN NASHVILLE POLICE DEPT,20200416198,Davidson,Nashville,6/19/2020 8:09:00 PM,2,1,0,36.150270,-86.749070,I 40,,,,0.00,,,,,,,211.65,N,Not at Intersection,N,Non-Junction,None,,,         ,Derek,Sibley,Clear,Angle,no,no,no,no,no,False
102729290,METROPOLITAN NASHVILLE POLICE DEPT,20200416396,Davidson,Nashville,6/19/2020 9:29:00 PM,2,1,0,36.250500,-86.784470,I 24,,,,0.00,,,,,,,42.65,N,Not at Intersection, ,Non-Junction,None,,,         ,Melvin,Taylor,Clear,Front to Rear,no,no,no,no,yes,False
102729296,METROPOLITAN NASHVILLE POLICE DEPT,20200415952,Davidson,Nashville,6/19/2020 4:57:00 PM,3,0,0,36.149170,-86.862400,CHARLOTTE PKE,,,,825.00,Feet,East,LELLYETT ST,,,,0.00,N,Not at Intersection,N,Non-Junction,None,,,         ,Andrew,McCarron,Clear,Angle,no,no,no,no,yes,False
102729302,METROPOLITAN NASHVILLE POLICE DEPT,20200416480,Davidson,Nashville,6/19/2020 8:50:00 PM,2,0,0,36.082100,-86.761700,HARDING PL,,,,0.00,,,SIDCO DR,,,,0.00,Y,T-Intersection, ,,None,,,         ,Angeline,Comilla,,,no,no,no,no,no,False
102729317,METROPOLITAN NASHVILLE POLICE DEPT,20200416468,Davidson,Nashville,6/19/2020 11:00:00 PM,1,2,0,36.148590,-86.794780,CHET ATKINS PL,,,,0.00,,,18TH AVS,,,,0.00,Y,Four-Way,N,Intersection,None,,,         ,Kevin,Reynolds,Clear,Not Collision with Motor Vehicle in Transport,yes,no,no,no,yes,False
102729328,METROPOLITAN NASHVILLE POLICE DEPT,20200416639,Davidson,Nashville,6/20/2020 12:10:00 AM,2,0,0,36.106210,-86.673060,MURFREESBORO PKE,,,,0.00,,,DONELSON PKE,,,,0.00,Y,Four-Way,Y,Intersection,None,,,         ,Alex,DiBernardo,Clear,"Sideswipe, Same Direction",no,no,no,no,yes,False
102729329,METROPOLITAN NASHVILLE POLICE DEPT,20200416540,Davidson,Nashville,6/19/2020 10:34:00 PM,2,0,0,36.045820,-86.674720,BELL RD,,,,111.00,Feet,West,BLUE HOLE RD,,,,0.00,N,Not at Intersection, ,Non-Junction,None,,,         ,Jose,Oliveros,Clear,Front to Rear,no,no,no,no,yes,False
102729330,METROPOLITAN NASHVILLE POLICE DEPT,20200416493,Davidson,Nashville,6/19/2020 10:20:00 PM,2,0,0,36.196470,-86.776110,I 65,,,,0.00,,,,,,,86.60,N,Not at Intersection, ,Non-Junction,None,,,         ,David,Crisman,Clear,"Sideswipe, Same Direction",no,no,no,no,no,False