master_record_number,agency,agency_tracking_number,county,city,collision_date,vehicles_involved,number_injured,number_dead,latitude,longitude,roadway_name,roadway_suffix,roadway_number,roadway_local_id,distance_from_reference,miles-feet_indicator,direction_from_reference,intersection_road_name,intersection_road_name_suffix,intersection_road_number,intersection_local_id,mile_marker,intersection_indicator,intersect_type,interchange_related_indicator,relation_to_junction,work_zone_type,construction_maintenance_zone,construction_maintenance_zone_location,fatal_case_number,officer_first_name,officer_last_name,weather_condition(s),manner_of_crash,pedestrian,bicycle,scooter,parking,hitrun,mou
102729331,METROPOLITAN NASHVILLE POLICE DEPT,20200416593,Davidson,Nashville,6/20/2020 12:00:00 AM,2,0,0,36.098290,-86.822290,HILLSBORO PKE,,,,354.00,Feet,West,CASTLEMAN DR,,,,0.00,N,Not at Intersection,N,Non-Junction,None,,,         ,Michael,Hodges,Clear,"Sideswipe, Same Direction",no,no,no,no,yes,False
102729332,METROPOLITAN NASHVILLE POLICE DEPT,20200416571,Davidson,Nashville,6/19/2020 12:00:00 AM,2,1,0,36.109240,-86.680320,MURFREESBORO PKE,,,,805.00,Feet,South,AIR FREIGHT BLVD,,,,0.00,N,Not at Intersection,N,Non-Junction,None,,,         ,Jeremy,Spears,Clear,Front to Rear,no,no,no,no,no,False
102729354,METROPOLITAN NASHVILLE POLICE DEPT,20200416809,Davidson,Nashville,6/20/2020 2:49:00 AM,2,0,0,36.107880,-86.677080,MURFREESBORO PKE,,,,66.00,Feet,West,DELL PKWY,,,,0.00,N,Not at Intersection, ,Non-Junction,None,,,         ,Jose,Oliveros,Clear,Front to Rear,no,no,no,no,no,False
102729359,METROPOLITAN NASHVILLE POLICE DEPT,20200416626,Davidson,Nashville,6/20/2020 12:40:00 AM,2,2,0,36.148860,-86.746140,I 40,,,,0.00,,,,,,,211.85,N,Not at Intersection,N,Non-Junction,None,,,         ,Andrew,Anoskey,Clear,Angle,no,no,no,no,no,False
102729377,METROPOLITAN NASHVILLE POLICE DEPT,20200416472,Davidson,Nashville,6/19/2020 11:00:00 PM,3,3,0,36.241270,-86.757270,BRILEY PKWYE,,,,0.00,,,DICKERSON PKE,,,,0.00,Y,T-Intersection,N,Intersection,None,,,         ,Coleman,McKellar,Clear,Angle,no,no,no,no,no,False
102729381,METROPOLITAN NASHVILLE POLICE DEPT,20200416890,Davidson,Nashville,6/20/2020 4:20:00 AM,2,1,0,36.116090,-86.772500,I 440,,,,0.00,,,,,,,5.00,N,Not at Intersection,N,Non-Junction,Construction Zone,Lane Shift-Crossover,Activity Area,         ,Michael,Hodges,Clear,Front to Rear,no,no,no,no,no,False
102729403,METROPOLITAN NASHVILLE POLICE DEPT,20200416980,Davidson,Nashville,6/20/2020 6:10:00 AM,1,0,0,36.089820,-86.694280,ANTIOCH PIKE,,,,229.00,Feet,North,CANDY LN,,,,0.00,N,Not at Intersection,N,Non-Junction,None,,,         ,Robert,Leverick,Clear,Not Collision with Motor Vehicle in Transport,no,no,no,no,yes,False
102729429,METROPOLITAN NASHVILLE POLICE DEPT,20200416989,Davidson,Nashville,6/20/2020 12:00:00 AM,2,0,0,36.132940,-86.720530,MURFREESBORO PKE,,,,140.00,Feet,East,PAVILION BLVD,,,,0.00,N,Not at Intersection,N,Non-Junction,None,,,         ,Jeremy,Spears,Clear,Angle,no,no,no,no,yes,False
102729434,METROPOLITAN NASHVILLE POLICE DEPT,20200416962,Davidson,Nashville,6/20/2020 5:54:00 AM,1,1,0,36.157700,-86.759850,I 24,,,,0.00,,,,,,,49.60,N,Not at Intersection,N,Non-Junction,None,,,         ,Jason,Kedzierski,Clear,Not Collision with Motor Vehicle in Transport,no,no,no,no,no,False
102729436,METROPOLITAN NASHVILLE POLICE DEPT,20200416975,Davidson,Nashville,6/20/2020 5:56:00 AM,2,0,0,36.156580,-86.787480,12TH AVS,,,,0.00,Feet,,BROADWAY,,,,0.00,Y,Four-Way,N,Intersection,None,,,         ,Kelcey,Bell,Clear,Angle,no,no,no,no,no,False
102729448,METROPOLITAN NASHVILLE POLICE DEPT,20200415708,Davidson,Nashville,6/19/2020 2:16:00 PM,2,1,0,36.059550,-86.641020,CAMBRIDGE APTS PVTDR,,,,14.00,Feet,East,BELL RD,,,,0.00,N,Not at Intersection,N,Non-Junction,None,,,         ,Gerald,Gomes,Clear,Angle,no,no,no,no,no,False
102729466,METROPOLITAN NASHVILLE POLICE DEPT,20200417061,Davidson,Nashville,6/20/2020 7:39:00 AM,3,0,0,36.144210,-86.738720,I 40,,,,0.00,,,,,,,212.40,N,Not at Intersection,N,Non-Junction,None,,,         ,Brian,Sherman,Clear,Front to Rear,no,no,no,no,yes,False
102729476,METROPOLITAN NASHVILLE POLICE DEPT,20200417185,Davidson,Nashville,6/20/2020 5:45:00 AM,1,0,0,36.069950,-86.697710,HAYWOOD LN,,,,320.00,Feet,East,EAST RIDGE DR,,,,0.00,N,Not at Intersection,N,Non-Junction,None,,,         ,William,Burnett,Clear,Not Collision with Motor Vehicle in Transport,no,no,no,no,yes,False
102729485,METROPOLITAN NASHVILLE POLICE DEPT,20200417294,Davidson,Madison,6/20/2020 11:00:00 AM,2,1,0,36.256210,-86.716610,MADISON SQ,,,,534.00,Feet,North,GALLATIN PKES,,,,0.00,N,Not at Intersection, ,Non-Junction,None,,,         ,Dillon,Hunt,Clear,Angle,no,no,no,yes,no,False
102729495,METROPOLITAN NASHVILLE POLICE DEPT,20200417332,Davidson,Nashville,6/20/2020 11:34:00 AM,1,1,0,36.157160,-86.803420,CHARLOTTE AV,,,,57.00,Feet,East,20TH AVN,,,,0.00,N,Not at Intersection,N,Non-Junction,None,,,         ,Jordan,Vrbas,Clear,Not Collision with Motor Vehicle in Transport,no,no,no,no,no,False
102729505,METROPOLITAN NASHVILLE POLICE DEPT,20200417367,Davidson,Nashville,6/20/2020 12:02:00 PM,2,0,0,36.120820,-86.779280,KIRKWOOD AV,,,,0.00,,,VAULX LN,,,,0.00,Y,Four-Way,N,Intersection,None,,,         ,Jackson,Smythe,Clear,Angle,no,no,no,no,no,False
102729508,METROPOLITAN NASHVILLE POLICE DEPT,20200417254,Davidson,Nashville,6/20/2020 10:29:00 AM,2,0,0,36.168920,-86.683630,LEBANON PKE,,,,0.00,Feet,,THE CROSSINGS PVTDR,,,,0.00,Y,T-Intersection,N,Intersection-Related,None,,,         ,Terry,Denton,Clear,Angle,no,no,no,no,no,False
102729513,METROPOLITAN NASHVILLE POLICE DEPT,20200417389,Davidson,Nashville,6/20/2020 12:12:00 PM,2,0,0,36.150750,-86.794390,18TH AVS,,,,177.00,Feet,North,ROY ACUFF PL,,,,0.00,N,Not at Intersection,N,Non-Junction,None,,,         ,Melina,Tamborella,Clear,Front to Rear,no,no,no,no,no,False
102729514,METROPOLITAN NASHVILLE POLICE DEPT,20200417325,Davidson,Nashville,6/20/2020 11:20:00 AM,2,0,0,36.153900,-86.625640,STEWARTS FERRY PKE,,,,0.00,,,PERCY PRIEST DR,,,,0.00,Y,T-Intersection,N,Intersection,None,,,         ,Beri,Scott,Clear,Angle,no,no,no,no,no,False
102729515,METROPOLITAN NASHVILLE POLICE DEPT,20200417279,Davidson,Nashville,6/20/2020 10:41:00 AM,2,0,0,36.183720,-86.747560,EASTLAND AV,,,,244.00,Feet,West,N 12TH ST,,,,0.00,N,Not at Intersection, ,Non-Junction,None,,,         ,Torrance,Bennett,Clear,Angle,no,no,no,no,no,False
102729516,METROPOLITAN NASHVILLE POLICE DEPT,20200417369,Davidson,Nashville,6/20/2020 11:25:00 AM,2,0,0,36.244500,-86.760990,DOVERSIDE DR,,,,1354.00,Feet,West,US HWY 31W,,,,0.00,N,Not at Intersection,N,Non-Junction,None,,,         ,Ruben,Mariano,Clear,Front to Rear,no,no,no,yes,yes,False
102729521,METROPOLITAN NASHVILLE POLICE DEPT,20200417339,Davidson,Nashville,6/20/2020 11:40:00 AM,2,0,0,36.158990,-86.775890,DEMONBREUN ST,,,,0.00,,,4TH AVS,,,,0.00,Y,OTHER, ,Non-Junction,None,,,         ,Marvin,Williams,Clear,Rear to Rear,no,no,no,no,no,False
102729527,METROPOLITAN NASHVILLE POLICE DEPT,20200417284,Davidson,Nashville,6/20/2020 12:00:00 AM,1,1,0,36.086200,-86.648250,MURFREESBORO PKE,,,,288.00,Feet,South,UNA ANTIOCH PKE,,,,0.00,N,Not at Intersection,N,Non-Junction,None,,,         ,Gerald,Gomes,Clear,Not Collision with Motor Vehicle in Transport,no,no,no,no,yes,False
102729531,METROPOLITAN NASHVILLE POLICE DEPT,20200417295,Davidson,Nashville,6/20/2020 11:02:00 AM,2,1,0,36.204220,-86.840640,CLARKSVILLE PKE,,,,379.00,Feet,North,ABERNATHY RD,,,,0.00,N,Not at Intersection,N,Non-Junction,Construction Zone,Work On Shoulder Or Median,Advanced Warning Area,         ,Royce,McLester,Clear,HeadOn,no,no,no,no,no,False
102729554,METROPOLITAN NASHVILLE POLICE DEPT,20200417376,Davidson,Nashville,6/20/2020 11:15:00 AM,2,0,0,36.234390,-86.703500,MUSIC VALLEY DR,,,,2084.00,Feet,East,PENNINGTON BEND RD,,,,0.00,N,Not at Intersection, ,,None,,,         ,Jason,Thomas,,,no,no,no,no,no,False
102729555,METROPOLITAN NASHVILLE POLICE DEPT,20200417381,Davidson,Nashville,6/20/2020 12:15:00 PM,3,2,0,36.232460,-86.758770,DICKERSON PKE,,,,249.00,Feet,South,MAPLEWOOD TRC,,,,0.00,N,Not at Intersection,N,Non-Junction,None,,,         ,John,Kelley,Clear,Angle,no,no,no,no,no,False
102729558,METROPOLITAN NASHVILLE POLICE DEPT,20200417456,Davidson,Nashville,6/19/2020 12:00:00 AM,2,0,0,36.182090,-86.784810,ADAMS ST,,,,0.00,,,VAN BUREN ST,,,,0.00,Y,OTHER,N,Non-Junction,None,,,         ,Byron,Carter,Unknown,Unknown,no,no,no,yes,yes,False
102729560,METROPOLITAN NASHVILLE POLICE DEPT,20200417467,Davidson,Nashville,6/20/2020 1:32:00 PM,1,0,0,36.199820,-86.740550,GALLATIN PKE,,,,74.00,Feet,North,DELMAS AV,,,,0.00,N,Not at Intersection,N,Non-Junction,None,,,         ,Torrance,Bennett,Clear,Not Collision with Motor Vehicle in Transport,no,no,no,no,no,False
102729570,METROPOLITAN NASHVILLE POLICE DEPT,20200417464,Davidson,Nashville,6/20/2020 1:19:00 PM,2,0,0,36.137200,-86.699670,BRILEY PKWY,,,,0.00,,,GLASTONBURY RD,,,,0.00,Y,T-Intersection,N,Intersection,None,,,         ,Katelyn,Argeroplos,Clear,Angle,no,no,no,no,no,False
102729571,METROPOLITAN NASHVILLE POLICE DEPT,20200417379,Davidson,Nashville,6/20/2020 11:25:00 AM,2,0,0,36.150130,-86.666460,DONELSON PKE,,,,212.00,Feet,South,ALLEN RD,,,,0.00,N,Not at Intersection, ,,None,,,         ,Katelyn,Argeroplos,,,no,no,no,no,no,False
102729576,METROPOLITAN NASHVILLE POLICE DEPT,20200417500,Davidson,Nashville,6/20/2020 1:54:00 PM,2,0,0,36.131210,-86.897080,I40 E EXT RAMP,,,,0.00,,,I 40,,,,0.00,Y,T-Intersection, ,,None,,,         ,Benjamin,Cantrell,,,no,no,no,no,no,False
102729577,METROPOLITAN NASHVILLE POLICE DEPT,20200417438,Davidson,Nashville,6/20/2020 1:00:00 PM,2,0,0,36.046460,-86.713390,NOLENSVILLE PKE,,,,401.00,Feet,North,OLD HICKORY BLVD,,,,0.00,N,Not at Intersection,N,Non-Junction,None,,,         ,Cynthia,Quirouette,Clear,Angle,no,no,no,no,no,False
102729589,METROPOLITAN NASHVILLE POLICE DEPT,2020417454,Davidson,Nashville,6/20/2020 1:35:00 PM,3,0,0,36.169510,-86.766550,I 24,,,,0.00,,,,,,,48.70,N,Not at Intersection, ,Non-Junction,None,,,         ,Faye,Denson,Clear,Front to Rear,no,no,no,no,no,False
102729596,METROPOLITAN NASHVILLE POLICE DEPT,20200417429,Davidson,Not in City Limit,6/20/2020 12:48:00 PM,5,0,0,36.261240,-86.712530,GALLATIN PKES,,,,0.00,,,MAPLE ST,,,,0.00,Y,T-Intersection,N,Intersection,None,,,         ,William,Coy,Clear,Angle,no,no,no,no,no,False
102729599,METROPOLITAN NASHVILLE POLICE DEPT,20200417468,Davidson,Nashville,6/20/2020 1:34:00 PM,2,1,0,36.191570,-86.827780,CLARKSVILLE PKE,,,,399.00,Feet,West,CLIFF DR,,,,0.00,N,Not at Intersection,N,Non-Junction,None,,,         ,Kenneth,Oneal,Clear,Front to Rear,no,no,no,no,no,False
102729608,METROPOLITAN NASHVILLE POLICE DEPT,20200417510,Davidson,Nashville,6/20/2020 2:20:00 PM,2,0,0,36.039810,-86.783280,I65 S EXT RAMP,,,,0.00,,,I 65,,,,0.00,Y,OTHER,Y,Entrance/Exit Ramp Related,None,,,         ,Earl,Davis,Clear,Not Collision with Motor Vehicle in Transport,no,no,no,no,no,False
102729614,METROPOLITAN NASHVILLE POLICE DEPT,20200417466,Davidson,Nashville,6/20/2020 1:33:00 PM,1,1,0,36.078250,-86.837520,HILLSBORO PKE,,,,248.00,Feet,South,TYNE BLVD,,,,0.00,N,Not at Intersection,N,Non-Junction,None,,,         ,Alexis,Pond,Clear,Not Collision with Motor Vehicle in Transport,no,yes,no,no,no,False
102729617,METROPOLITAN NASHVILLE POLICE DEPT,20200417546,Davidson,Nashville,6/20/2020 2:30:00 PM,2,0,0,36.167670,-86.815620,I 40,,,,0.00,,,,,,,206.75,N,Not at Intersection,N,Non-Junction,None,,,         ,Jerica,Gladston,Clear,"Sideswipe, Same Direction",no,no,no,no,yes,False
102729637,METROPOLITAN NASHVILLE POLICE DEPT,20200417557,Davidson,Not in City Limit,6/20/2020 1:05:00 PM,2,0,0,36.280650,-86.708190,ODETTE ST,,,,0.00,Feet,North,US HWY 31E,,,,0.00,N,Not at Intersection,N,Non-Junction,None,,,         ,Dylan,Bradley,Clear,Front to Rear,no,no,no,no,yes,False
102729645,METROPOLITAN NASHVILLE POLICE DEPT,20200417622,Davidson,Nashville,6/20/2020 3:49:00 PM,2,0,0,36.154310,-86.801520,20TH AVE N,,,,14.00,Feet,South,STATE ST,,,,0.00,N,Not at Intersection, ,Non-Junction,None,,,         ,Zachary,Plese,Clear,Angle,no,no,no,no,no,False
102729648,METROPOLITAN NASHVILLE POLICE DEPT,20200417613,Davidson,Nashville,6/20/2020 3:36:00 PM,2,0,0,36.200910,-86.739950,GALLATIN PIKE,,,,0.00,Feet,,BURCHWOOD AVE,,,,0.00,Y,T-Intersection, ,Intersection,None,,,         ,Wayne,Helm,Clear,Front to Rear,no,no,no,no,yes,False
102729655,METROPOLITAN NASHVILLE POLICE DEPT,20200417640,Davidson,Nashville,6/20/2020 3:55:00 PM,1,0,0,36.147060,-86.743680,FESSLERS LN,,,,3.00,Feet,North,RUNDLE AV,,,,0.00,N,Not at Intersection,N,Non-Junction,None,,,         ,Reagan,Heath,Clear,Not Collision with Motor Vehicle in Transport,no,no,no,no,no,False
102729656,METROPOLITAN NASHVILLE POLICE DEPT,20200417645,Davidson,Nashville,6/20/2020 3:55:00 PM,3,0,0,36.128710,-86.906450,CHARLOTTE PKE,,,,6.00,Feet,West,RIVER RD,,,,0.00,N,Not at Intersection, ,Non-Junction,None,,,         ,Jared,Dick,Clear,Front to Rear,no,no,no,no,yes,False
102729666,METROPOLITAN NASHVILLE POLICE DEPT,20200417636,Davidson,Nashville,6/20/2020 12:00:00 AM,2,0,0,36.278800,-86.710700,E. CAMPBELL,RD,,,0.00,,East,,,,,10.00,N,Not at Intersection,N,Non-Junction,None,,,         ,Keenan,McCann,Clear,"Sideswipe, Opposite Direction",no,no,no,yes,yes,False
102729668,METROPOLITAN NASHVILLE POLICE DEPT,20200417642,Davidson,Not in City Limit,6/20/2020 3:25:00 PM,3,0,0,35.998310,-86.691890,NOLENSVILLE PKE,,,,615.00,Feet,East,CONCORD HILLS DR,,,,0.00,N,Not at Intersection, ,,None,,,         ,Darci,Stechman,,,no,no,no,no,no,False
102729689,METROPOLITAN NASHVILLE POLICE DEPT,20200417705,Davidson,Nashville,6/20/2020 4:45:00 PM,2,0,0,36.116710,-86.923250,CHARLOTTE PKE,,,,0.00,,,OLD HICKORY BLVD,,,,0.00,Y,Four-Way, ,Intersection,None,,,         ,Michael,Hunnicutt,Clear,Front to Rear,no,no,no,no,no,False
102729695,VANDERBILT UNIVERSITY POLICE,200416143,Davidson,Nashville,6/19/2020 7:15:00 PM,2,0,0,36.139480,-86.804130,CHILDRENS WAY,,,,0.00,,,,,,,0.00,,, ,,None,,,         ,Yarrish,Hammons,,,no,no,no,yes,no,Campus
102729706,METROPOLITAN NASHVILLE POLICE DEPT,20200417682,Davidson,Nashville,6/20/2020 4:31:00 PM,2,2,0,36.189340,-86.823920,CLARKSVILLE PKE,,,,295.00,Feet,West,ROSA L PARKS BLVD,,,,0.00,N,Not at Intersection,N,Non-Junction,None,,,         ,Jerica,Gladston,Clear,Front to Rear,no,no,no,no,no,False
102729716,METROPOLITAN NASHVILLE POLICE DEPT,20200417815,Davidson,Nashville,6/20/2020 6:02:00 PM,2,0,0,36.132490,-86.893830,CHARLOTTE PKE,,,,411.00,Feet,East,I40 E ENT RAMP,,,,0.00,N,Not at Intersection,N,Non-Junction,None,,,         ,Jared,Dick,Clear,Angle,no,no,no,no,no,False
102729717,METROPOLITAN NASHVILLE POLICE DEPT,20200417859,Davidson,Nashville,6/20/2020 6:30:00 PM,2,0,0,36.075060,-86.724920,NOLENSVILLE PKE,,,,0.00,Feet,East,FLORA MAXWELL RD,,,,0.00,N,Not at Intersection, ,,None,,,         ,Tyler,Geiger,,,no,no,no,no,no,False
102729720,METROPOLITAN NASHVILLE POLICE DEPT,20200417703,Davidson,Nashville,6/20/2020 5:55:00 PM,2,0,0,36.049070,-86.652480,BELL RD,,,,234.00,Feet,West,HICKORY HOLLOW LN,,,,0.00,N,Not at Intersection,N,Non-Junction,None,,,         ,Garrett,Short,Clear,"Sideswipe, Same Direction",no,no,no,no,yes,False
102729725,METROPOLITAN NASHVILLE POLICE DEPT,20200417892,Davidson,Not in City Limit,6/20/2020 5:50:00 PM,2,0,0,36.261240,-86.712530,GALLATIN PKES,,,,0.00,,,MAPLE ST,,,,0.00,Y,Y-Intersection, ,,None,,,         ,Catherine,Poole,,,no,no,no,no,no,False
102729732,METROPOLITAN NASHVILLE POLICE DEPT,20200417671,Davidson,Nashville,6/20/2020 4:21:00 PM,2,1,0,36.220610,-86.754180,HART LN,,,,13.00,Feet,East,JONES AV,,,,0.00,N,Not at Intersection,N,Non-Junction,None,,,         ,Carey,Steel,Clear,Front to Rear,no,no,no,no,yes,False
102729738,METROPOLITAN NASHVILLE POLICE DEPT,20200417810,Davidson,Nashville,6/20/2020 5:55:00 PM,1,2,0,36.172790,-86.768790,I24 W EXT RAMP,,,,0.00,Feet,East,I 24,,,,0.00,N,Not at Intersection,N,Entrance/Exit Ramp Related,None,,,         ,Marc,Kozen,Clear,Not Collision with Motor Vehicle in Transport,no,no,no,no,no,False
102729739,METROPOLITAN NASHVILLE POLICE DEPT,20200417888,Davidson,Nashville,6/20/2020 12:00:00 AM,2,0,0,36.173590,-86.602150,OLD HICKORY BLVD,,,,0.00,,,CENTRAL PKE,,,,0.00,Y,Four-Way,Y,Intersection-Related,None,,,         ,Zaire,Murray,Clear,Front to Rear,no,no,no,no,no,False
102729761,METROPOLITAN NASHVILLE POLICE DEPT,20200417943,Davidson,Nashville,6/20/2020 7:42:00 PM,2,0,0,36.229380,-86.759280,BROADMOOR DR,,,,0.00,,,DICKERSON PKE,,,,0.00,Y,Four-Way,Y,Intersection-Related,None,,,         ,Sarah,Cartwright,Clear,Angle,no,no,no,no,yes,False
102729763,METROPOLITAN NASHVILLE POLICE DEPT,20200417766,Davidson,Nashville,6/20/2020 5:23:00 PM,2,0,0,36.141980,-86.677880,I 40,,,,0.00,,,,,,,216.00,N,Not at Intersection, ,,None,,,         ,Phillip,Burke,,,no,no,no,no,no,False
102729765,METROPOLITAN NASHVILLE POLICE DEPT,20200417822,Davidson,Nashville,6/20/2020 6:12:00 AM,2,0,0,36.103570,-86.716120,TWIN OAKS PVTDR,,,,394.00,Feet,East,TWIN OAKS DR,,,,0.00,N,Not at Intersection,N,Non-Junction,None,,,         ,Timothy,Ward,Clear,"Sideswipe, Opposite Direction",no,no,no,yes,yes,False
102729769,METROPOLITAN NASHVILLE POLICE DEPT,20200417570,Davidson,Nashville,6/20/2020 2:21:00 PM,4,0,0,36.135250,-86.886640,CHARLOTTE PKE,,,,465.00,Feet,East,W HILLWOOD DR,,,,0.00,N,Not at Intersection,N,Non-Junction,None,,,         ,Lawrence,Whited,Clear,Front to Rear,no,no,no,no,no,False
102729771,METROPOLITAN NASHVILLE POLICE DEPT,20200417937,Davidson,Old Hickory,6/20/2020 7:34:00 PM,1,1,0,36.250460,-86.641020,20TH ST,,,,163.00,Feet,North,DABBS AV,,,,0.00,N,Not at Intersection,N,Non-Junction,None,,,         ,Jarret,Sonnenberg,Clear,Not Collision with Motor Vehicle in Transport,yes,no,no,no,yes,False
102729804,METROPOLITAN NASHVILLE POLICE DEPT,20200418056,Davidson,Nashville,6/20/2020 9:40:00 PM,2,0,0,36.216940,-86.623570,OLD HICKORY BLVD,,,,61.00,Feet,North,2ND ST,,,,0.00,N,Not at Intersection,N,Non-Junction,None,,,         ,DuJuan,Kendrick,Clear,Front to Rear,no,no,no,no,no,False
102729806,METROPOLITAN NASHVILLE POLICE DEPT,20200418104,Davidson,Madison,6/20/2020 10:00:00 PM,1,1,0,36.263830,-86.704460,STATE HWY 45,,,,0.00,,,DELAWARE AVE,,,,0.00,Y,Four-Way,Y,Intersection,None,,,         ,Dylan,Bradley,Clear,Not Collision with Motor Vehicle in Transport,yes,no,no,no,yes,False
102729809,METROPOLITAN NASHVILLE POLICE DEPT,20200418056,Davidson,Nashville,6/20/2020 9:10:00 PM,2,1,0,36.252610,-86.647940,OLD HICKORY BLVD,,,,0.00,Feet,,HADLEY AV,,,,0.00,Y,T-Intersection,Y,Intersection,None,,,         ,Reagan,Heath,Clear,Angle,no,no,no,no,no,False
102729815,METROPOLITAN NASHVILLE POLICE DEPT,20200418085,Davidson,Nashville,6/20/2020 9:10:00 PM,2,0,0,36.157900,-86.790190,-- UNKNOWN RAMP/ROAD --,,,,0.00,Feet,East,I 40,,,,0.00,N,Not at Intersection,N,Non-Junction,None,,,         ,Brent,Morris,Clear,Front to Rear,no,no,no,no,no,False
102729817,METROPOLITAN NASHVILLE POLICE DEPT,20200418096,Davidson,Nashville,6/20/2020 9:57:00 PM,1,1,0,36.241280,-86.753310,DICKERSON PKE ENT RAMP,,,,0.00,Feet,East,I 65,,,,0.00,N,Not at Intersection,N,Non-Junction,None,,,         ,Jarret,Sonnenberg,Clear,Not Collision with Motor Vehicle in Transport,no,no,no,no,no,False
102729819,METROPOLITAN NASHVILLE POLICE DEPT,20200417915,Davidson,Nashville,6/20/2020 7:21:00 PM,2,1,0,36.172370,-86.598130,CENTRAL PKE,,,,0.00,Feet,East,CENTRAL CT,,,,0.00,N,Not at Intersection,N,Non-Junction,None,,,         ,Michael,Fox,Clear,Angle,no,no,no,no,no,False
102729840,METROPOLITAN NASHVILLE POLICE DEPT,20200418167,Davidson,Nashville,6/20/2020 11:00:00 PM,2,3,0,36.068790,-86.716860,HAYWOOD LN,,,,171.00,Feet,West,HOPEDALE DR,,,,0.00,N,Not at Intersection,N,Non-Junction,None,,,         ,Alex,DiBernardo,Clear,"Sideswipe, Opposite Direction",no,no,no,no,no,False
102729842,METROPOLITAN NASHVILLE POLICE DEPT,20200418223,Davidson,Nashville,6/20/2020 9:35:00 PM,2,0,0,36.187560,-86.603760,OLD LEBANON DIRT RD,,,,0.00,Feet,,JACKSONS VALLEY PL,,,,0.00,Y,Four-Way,N,Intersection,None,,,         ,Samuel,Fredericks,Clear,Angle,no,no,no,no,yes,False
102729843,METROPOLITAN NASHVILLE POLICE DEPT,20200418141,Davidson,Nashville,6/20/2020 10:46:00 PM,1,1,0,36.164230,-86.777730,CHURCH ST,,,,0.00,,,3RD AVN,,,,0.00,Y,Four-Way,N,Intersection,None,,,         ,Richard,Luellen,Clear,Not Collision with Motor Vehicle in Transport,yes,no,no,no,yes,False
102729849,METROPOLITAN NASHVILLE POLICE DEPT,20200417842,Davidson,Nashville,6/20/2020 6:18:00 PM,4,3,0,36.172480,-86.595110,CENTRAL PKE,,,,0.00,,,TULIP GROVE RD,,,,0.00,Y,Four-Way,N,Intersection,None,,,         ,Mary,Robinson,Clear,Angle,no,no,no,no,no,False
102729855,METROPOLITAN NASHVILLE POLICE DEPT,20200418143,Davidson,Nashville,6/20/2020 9:35:00 PM,2,1,0,36.041680,-86.748010,OLD HICKORY BLVD,,,,0.00,Feet,,BRENTWOOD MEADOWS CIR,,,,0.00,Y,Four-Way,N,Intersection-Related,None,,,         ,Ricardo,Cruz,Clear,"Sideswipe, Same Direction",no,no,no,no,yes,False
102729856,METROPOLITAN NASHVILLE POLICE DEPT,20200418193,Davidson,Not in City Limit,6/20/2020 10:07:00 PM,3,0,0,36.096700,-86.933170,SAWYER BROWN RD,,,,236.00,Feet,North,GLENWOOD TRACE PVTDR,,,,0.00,N,Not at Intersection,N,Non-Junction,None,,,         ,Juan,Gonzalez,Clear,HeadOn,no,no,no,no,no,False
102729866,METROPOLITAN NASHVILLE POLICE DEPT,20200418338,Davidson,Nashville,6/21/2020 12:00:00 AM,2,0,0,36.090590,-86.715760,TAMPA DR,,,,599.00,Feet,South,BENITA DR,,,,0.00,N,Not at Intersection,N,Non-Junction,None,,,         ,Garrett,Reingardt,Clear,"Sideswipe, Opposite Direction",no,no,no,no,yes,False
102729870,METROPOLITAN NASHVILLE POLICE DEPT,20200418356,Davidson,Nashville,6/21/2020 1:06:00 AM,1,0,0,36.193350,-86.833680,JOHN MALLETTE DR,,,,10.00,Feet,East,COUNTY HOSPITAL RD,,,,0.00,N,Not at Intersection,N,Non-Junction,None,,,         ,Malik,Burriss,Clear,Not Collision with Motor Vehicle in Transport,no,no,no,no,no,False
102729878,METROPOLITAN NASHVILLE POLICE DEPT,20200418438,Davidson,Nashville,6/21/2020 2:17:00 AM,1,1,0,36.073130,-86.692250,I 24,,,,0.00,,,,,,,56.70,N,Not at Intersection,N,Non-Junction,None,,,         ,Alex,DiBernardo,Clear,Not Collision with Motor Vehicle in Transport,no,no,no,no,no,False
102729883,METROPOLITAN NASHVILLE POLICE DEPT,20200418344,Davidson,Nashville,6/21/2020 12:13:00 AM,2,0,0,36.048740,-86.665110,I 24,,,,0.00,,,,,,,59.00,N,Not at Intersection,N,Non-Junction,None,,,         ,David,Simmonds,Clear,"Sideswipe, Same Direction",no,no,no,no,yes,False
102729885,METROPOLITAN NASHVILLE POLICE DEPT,20200418064,Davidson,Nashville,6/20/2020 9:18:00 PM,2,0,0,36.215120,-86.597670,LEBANON PKE,,,,0.00,Feet,West,ANDREW JACKSON PKWY,,,,0.00,N,Not at Intersection,N,Non-Junction,None,,,         ,Peter,Kinsey,Clear,Front to Rear,no,no,no,no,no,False
102729886,METROPOLITAN NASHVILLE POLICE DEPT,20200418446,Davidson,Not in City Limit,6/20/2020 11:17:00 PM,2,0,0,36.022350,-86.657500,BLAIRFIELD DR,,,,305.00,Feet,West,KANLOW DR,,,,0.00,N,Not at Intersection,N,Non-Junction,None,,,         ,Bryce,Hatten,Clear,Front to Rear,no,no,no,no,no,False
102729887,GOODLETTSVILLE POLICE DEPT,20-19291,Davidson,Goodlettsville,6/21/2020 1:25:00 AM,1,0,0,36.315040,-86.713620,RIVERGATE PKWY,,,,0.00,,,S MAIN ST,,,,0.00,Y,T-Intersection,N,Non-Junction,None,,,         ,Marcus,Zugelder,Clear,Not Collision with Motor Vehicle in Transport,no,no,no,no,no,False