master_record_number,agency,agency_tracking_number,county,city,collision_date,vehicles_involved,number_injured,number_dead,latitude,longitude,roadway_name,roadway_suffix,roadway_number,roadway_local_id,distance_from_reference,miles-feet_indicator,direction_from_reference,intersection_road_name,intersection_road_name_suffix,intersection_road_number,intersection_local_id,mile_marker,intersection_indicator,intersect_type,interchange_related_indicator,relation_to_junction,work_zone_type,construction_maintenance_zone,construction_maintenance_zone_location,fatal_case_number,officer_first_name,officer_last_name,weather_condition(s),manner_of_crash,pedestrian,bicycle,scooter,parking,hitrun,mou
102729888,METROPOLITAN NASHVILLE POLICE DEPT,20200418420,Davidson,Nashville,6/20/2020 12:00:00 AM,1,0,0,36.074470,-86.675360,ARTELIA DR,,,,297.00,Feet,East,HAWAIIAN VIEW,,,,0.00,N,Not at Intersection,N,"Driveway, Alley Access, etc",None,,,         ,Jeremy,Spears,Clear,Not Collision with Motor Vehicle in Transport,no,no,no,yes,yes,False
102729892,METROPOLITAN NASHVILLE POLICE DEPT,20200418479,Davidson,Nashville,6/21/2020 3:00:00 AM,2,0,0,36.188010,-86.745300,GRANADA AV,,,,336.00,Feet,East,GALLATIN AV,,,,0.00,N,Not at Intersection,N,Non-Junction,None,,,         ,Jackson,Sanders,Clear,Rear to Rear,no,no,no,no,yes,False
102729910,METROPOLITAN NASHVILLE POLICE DEPT,20200418462,Davidson,Antioch,6/21/2020 2:15:00 AM,2,0,0,36.047840,-86.612050,MURFREESBORO PKE,,,,1284.00,Feet,North,MOUNTAIN SPRINGS RD,,,,0.00,N,Not at Intersection, ,Non-Junction,None,,,         ,Theodore,Meskers,Clear,Front to Rear,no,no,no,no,no,False
102729914,METROPOLITAN NASHVILLE POLICE DEPT,20200418382,Davidson,Nashville,6/21/2020 12:01:00 AM,1,1,0,36.136620,-86.786600,WADE AV,,,,0.00,,,11TH AVS,,,,0.00,Y,T-Intersection,N,Intersection,None,,,         ,David,Barras,Clear,Not Collision with Motor Vehicle in Transport,no,no,no,no,yes,False
102729917,METROPOLITAN NASHVILLE POLICE DEPT,20200418530,Davidson,Nashville,6/21/2020 3:05:00 AM,2,3,0,36.151810,-86.771240,US HWY 41,,,,0.00,,,4TH AVE S,,,,0.00,Y,Four-Way,Y,Intersection-Related,None,,,         ,Joseph,Hurst,Clear,Front to Rear,no,no,no,no,yes,False
102729919,METROPOLITAN NASHVILLE POLICE DEPT,20200418574,Davidson,Antioch,6/21/2020 5:02:00 AM,1,0,0,36.017010,-86.619830,STATE HWY 171,,,,59.00,Feet,North,FIRESTONE PKWY,,,,0.00,N,Not at Intersection,N,Non-Junction,None,,,         ,Robert,Leverick,Clear,Not Collision with Motor Vehicle in Transport,no,no,no,no,no,False
102729922,METROPOLITAN NASHVILLE POLICE DEPT,20200418599,Davidson,Nashville,6/21/2020 5:10:00 AM,1,0,0,36.153790,-86.762470,CARROLL ST,,,,243.00,Feet,West,CHARLES E DAVIS BLVD,,,,0.00,N,Not at Intersection, ,Non-Junction,None,,,         ,Jessica,Ware,,Not Collision with Motor Vehicle in Transport,no,no,no,no,no,False
102729928,METROPOLITAN NASHVILLE POLICE DEPT,20200418555,Davidson,Nashville,6/21/2020 4:45:00 AM,3,0,0,36.090510,-86.717100,BENITA DR,,,,551.00,Feet,North,PARAGON MILLS RD,,,,0.00,N,Not at Intersection,N,Non-Junction,None,,,         ,Tim,Le,Clear,Front to Rear,no,no,no,no,yes,False
102729943,METROPOLITAN NASHVILLE POLICE DEPT,20200418366,Davidson,Nashville,6/21/2020 1:11:00 AM,2,1,0,36.208900,-86.779000,AVONDALE CIR,,,,8.00,Feet,East,HAMPTON ST,,,,0.00,N,Not at Intersection,N,Non-Junction,None,,,         ,Joshua,Asbell,Clear,"Sideswipe, Same Direction",no,no,no,no,no,False
102729969,METROPOLITAN NASHVILLE POLICE DEPT,20200418720,Davidson,Nashville,6/21/2020 8:00:00 AM,1,0,0,36.160720,-86.820980,I 40,,,,0.00,,,,,,,206.15,N,Not at Intersection,N,Non-Junction,None,,,         ,Brian,Quigley,Rain,Not Collision with Motor Vehicle in Transport,no,no,no,no,no,False
102729978,METROPOLITAN NASHVILLE POLICE DEPT,20200418738,Davidson,Nashville,6/21/2020 8:27:00 AM,1,0,0,36.077220,-86.694490,I 24,,,,0.00,,,,,,,56.40,N,Not at Intersection,N,Non-Junction,None,,,         ,Gregory,Dixon,Rain,Not Collision with Motor Vehicle in Transport,no,no,no,no,no,False
102729984,METROPOLITAN NASHVILLE POLICE DEPT,20200418765,Davidson,Nashville,6/21/2020 8:05:00 AM,1,0,0,36.165470,-86.764230,I 24,,,,0.00,,,,,,,49.00,N,Not at Intersection, ,Non-Junction,None,,,         ,Rachel,Susee,Rain,Not Collision with Motor Vehicle in Transport,no,no,no,no,no,False
102729985,METROPOLITAN NASHVILLE POLICE DEPT,20200418737,Davidson,Nashville,6/21/2020 8:26:00 AM,1,1,0,36.151070,-86.750410,I 40,,,,0.00,,,,,,,211.60,N,Not at Intersection,N,Non-Junction,None,,,         ,Daniel,Fuentes,Rain,Not Collision with Motor Vehicle in Transport,no,no,no,no,no,False
102729986,METROPOLITAN NASHVILLE POLICE DEPT,20200418731,Davidson,Nashville,6/21/2020 8:20:00 AM,1,1,0,36.153370,-86.852730,I 40,,,,0.00,,,,,,,204.25,N,Not at Intersection,N,Non-Junction,None,,,         ,Michael,Pyle,Rain,Not Collision with Motor Vehicle in Transport,no,no,no,no,no,False
102729987,METROPOLITAN NASHVILLE POLICE DEPT,20200418713,Davidson,Nashville,6/21/2020 7:49:00 AM,2,0,0,36.242000,-86.756960,-- UNKNOWN RAMP/ROAD --,,,,0.00,,,US HWY 31W,,,,0.00,Y,Four-Way,Y,Entrance/Exit Ramp Related,None,,,         ,Ruben,Mariano,Rain,Angle,no,no,no,no,no,False
102730002,METROPOLITAN NASHVILLE POLICE DEPT,20200418795,Davidson,Not in City Limit,6/21/2020 9:33:00 AM,2,0,0,36.077460,-87.031820,I 40,,,,0.00,,,,,,,191.90,N,Not at Intersection,N,Non-Junction,None,,,         ,Benjamin,Cantrell,Rain,Front to Rear,no,no,no,no,yes,False
102730003,METROPOLITAN NASHVILLE POLICE DEPT,20200418705,Davidson,Nashville,6/21/2020 7:38:00 AM,3,1,0,36.157950,-86.784310,10TH AVS,,,,0.00,,,10TH AVN,,,,0.00,Y,Four-Way,N,Intersection,None,,,         ,Marvin,Williams,Rain,Rear to Rear,no,no,no,no,no,False
102730012,GOODLETTSVILLE POLICE DEPT,20-19310,Davidson,Goodlettsville,6/21/2020 9:43:00 AM,2,0,0,36.327510,-86.699480,LONG HOLLOW PKE,,,,137.00,Feet,South,NORTHCREEK BLVD,,,,0.00,N,Not at Intersection, ,Non-Junction,None,,,         ,George,Forbes,Cloudy,Angle,no,no,no,no,no,False
102730015,METROPOLITAN NASHVILLE POLICE DEPT,20200418757,Davidson,Nashville,6/21/2020 8:43:00 AM,2,2,0,36.102070,-86.713270,I 24,,,,0.00,,,,,,,54.40,N,Not at Intersection,N,Non-Junction,None,,,         ,Brian,Sherman,Rain,Front to Rear,no,no,no,no,no,False
102730018,METROPOLITAN NASHVILLE POLICE DEPT,20200418734,Davidson,Nashville,6/21/2020 8:24:00 AM,1,1,0,36.120200,-86.703990,GLENGARRY DR,,,,243.00,Feet,South,US HWY 41,,,,0.00,N,Not at Intersection,N,Non-Junction,None,,,         ,Robert,Higgins,Rain,Not Collision with Motor Vehicle in Transport,no,no,no,no,no,False
102730026,METROPOLITAN NASHVILLE POLICE DEPT,20200418726,Davidson,Nashville,6/21/2020 12:00:00 AM,2,0,0,36.090760,-86.714380,SCOTWOOD DR,,,,347.00,Feet,West,DAWN DR,,,,0.00,N,Not at Intersection,N,Non-Junction,None,,,         ,Ryan,Howard,Clear,Front to Rear,no,no,no,no,yes,False
102730030,METROPOLITAN NASHVILLE POLICE DEPT,20200418778,Davidson,Nashville,6/21/2020 9:20:00 AM,1,2,0,36.139550,-86.727340,I24 W ENT RAMP,,,,0.00,Feet,East,I 40,,,,0.00,N,Not at Intersection,N,Entrance/Exit Ramp Related,None,,,         ,Daniel,Fuentes,Rain,Not Collision with Motor Vehicle in Transport,no,no,no,no,no,False
102730036,METROPOLITAN NASHVILLE POLICE DEPT,20200418908,Davidson,Nashville,6/21/2020 11:18:00 AM,1,0,0,36.139890,-86.887410,I 40,,,,0.00,,,,,,,202.00,N,Not at Intersection, ,,None,,,         ,Benjamin,Cantrell,,,no,no,no,no,no,False
102730046,METROPOLITAN NASHVILLE POLICE DEPT,20200418897,Davidson,Nashville,6/21/2020 10:45:00 AM,2,0,0,36.176380,-86.791870,7TH AVN,,,,257.00,Feet,North,MONROE ST,,,,0.00,N,Not at Intersection,N,Non-Junction,None,,,         ,Brian,Quigley,Rain,Angle,no,no,no,no,yes,False
102730049,METROPOLITAN NASHVILLE POLICE DEPT,20200418922,Davidson,Nashville,6/21/2020 11:35:00 AM,2,0,0,36.068200,-86.719110,NOLENSVILLE PKE,,,,0.00,,,HAYWOOD LN,,,,0.00,Y,T-Intersection,N,Intersection,None,,,         ,Stanley,Collins,Cloudy,Front to Rear,no,no,no,no,yes,False
102730064,METROPOLITAN NASHVILLE POLICE DEPT,20200418925,Davidson,Nashville,6/21/2020 11:36:00 AM,2,4,0,36.138400,-86.727370,I24E,,,,312.00,Feet,West,I24 W ENT RAMP,,,,0.00,N,Not at Intersection,N,Non-Junction,None,,,         ,Katelyn,Argeroplos,Rain,Angle,no,no,no,no,no,False
102730067,METROPOLITAN NASHVILLE POLICE DEPT,20200418766,Davidson,Nashville,6/21/2020 9:00:00 AM,2,1,0,36.192300,-86.777100,I 65,,,,0.00,,,,,,,86.50,N,Not at Intersection,N,Non-Junction,None,,,         ,Bianca,Crawford,Rain,Angle,no,no,no,no,no,False
102730076,METROPOLITAN NASHVILLE POLICE DEPT,20200418977,Davidson,Nashville,6/21/2020 12:34:00 PM,2,1,0,36.232090,-86.787890,EWING DR,,,,681.00,Feet,East,ALDRICH LN,,,,0.00,N,Not at Intersection,N,Non-Junction,None,,,         ,Ruben,Mariano,Rain,Front to Rear,no,no,no,no,yes,False
102730090,METROPOLITAN NASHVILLE POLICE DEPT,20200418960,Davidson,Antioch,6/21/2020 12:10:00 PM,1,0,0,36.057160,-86.592740,HAMILTON CHURCH RD,,,,577.00,Feet,West,MARHADEN DR,,,,0.00,N,Not at Intersection,N,Non-Junction,None,,,         ,William,Burnett,Rain,Not Collision with Motor Vehicle in Transport,no,no,no,no,no,False
102730099,METROPOLITAN NASHVILLE POLICE DEPT,20200418975,Davidson,Nashville,6/21/2020 12:28:00 PM,2,2,0,36.104070,-86.729160,SOUTHLAKE DR,,,,141.00,Feet,North,HOLBROOK DR,,,,0.00,N,Not at Intersection,N,Non-Junction,None,,,         ,Robert,Higgins,Rain,Angle,no,no,no,no,no,False
102730103,METROPOLITAN NASHVILLE POLICE DEPT,20200419047,Davidson,Nashville,6/21/2020 1:30:00 PM,1,0,0,36.116570,-86.915850,I 40,,,,0.00,,,,,,,199.75,N,Not at Intersection, ,,None,,,         ,Benjamin,Cantrell,,,no,no,no,no,no,False
102730107,METROPOLITAN NASHVILLE POLICE DEPT,20200419035,Davidson,Nashville,6/21/2020 1:35:00 PM,2,1,0,36.101060,-86.774710,NEWMAN PL,,,,691.00,Feet,South,GLEN LEVEN DR,,,,0.00,N,Not at Intersection,N,Non-Junction,None,,,         ,Megan,Lamon,Rain,"Sideswipe, Opposite Direction",no,no,no,no,no,False
102730110,METROPOLITAN NASHVILLE POLICE DEPT,20200418740,Davidson,Nashville,6/21/2020 8:25:00 AM,1,0,0,36.232340,-86.826280,BRILEY PKWYW,,,,324.00,Feet,West,BRILEY PKWYE,,,,0.00,N,Not at Intersection,N,Non-Junction,None,,,         ,Keith,Parlato,Rain,Not Collision with Motor Vehicle in Transport,no,no,no,no,no,False
102730111,METROPOLITAN NASHVILLE POLICE DEPT,20200418988,Davidson,Nashville,6/21/2020 12:10:00 PM,2,0,0,36.180550,-86.749730,GALLATIN AV,,,,39.00,Feet,South,ORDWAY PL,,,,0.00,N,Not at Intersection,N,Non-Junction,None,,,         ,Torrance,Bennett,Rain,Front to Rear,no,no,no,yes,yes,False
102730112,METROPOLITAN NASHVILLE POLICE DEPT,20200418833,Davidson,Nashville,6/21/2020 10:07:00 AM,2,1,0,36.181850,-86.641520,LEBANON PKE,,,,0.00,,,JACKSON DOWNS BLVD,,,,0.00,Y,Four-Way,N,Intersection,None,,,         ,Roger,Luther,Cloudy,Front to Rear,no,no,no,no,no,False
102730114,METROPOLITAN NASHVILLE POLICE DEPT,20200419080,Davidson,Nashville,6/21/2020 12:45:00 PM,2,0,0,36.082670,-86.764990,HARDING PL,,,,37.00,Feet,East,I65 S ENT RAMP,,,,0.00,N,Not at Intersection, ,,None,,,         ,Brent,Bauer,,,no,no,no,no,no,False
102730115,METROPOLITAN NASHVILLE POLICE DEPT,20200419057,Davidson,Nashville,6/21/2020 1:36:00 PM,1,0,0,36.092850,-86.676450,EZELL PKE,,,,88.00,Feet,West,BUSH RD,,,,0.00,N,Not at Intersection,N,Non-Junction,None,,,         ,Charles,Wakefield,Rain,Not Collision with Motor Vehicle in Transport,no,no,no,no,no,False
102730118,METROPOLITAN NASHVILLE POLICE DEPT,20200419056,Davidson,Not in City Limit,6/21/2020 1:55:00 PM,2,0,0,36.262020,-86.712270,GALLATIN PKES,,,,69.00,Feet,South,E OLD HICKORY BLVD,,,,0.00,N,Not at Intersection, ,Non-Junction,None,,,         ,Nathan,Mayo,Rain,Angle,no,no,no,no,no,False
102730120,METROPOLITAN NASHVILLE POLICE DEPT,20200418724,Davidson,Nashville,6/21/2020 6:01:00 AM,2,0,0,36.191920,-86.782380,I 65,,,,0.00,,,,,,,86.20,N,Not at Intersection,N,Non-Junction,None,,,         ,Jedidayah,Merriweather,Rain,"Sideswipe, Same Direction",no,no,no,no,no,False
102730121,METROPOLITAN NASHVILLE POLICE DEPT,20200418998,Davidson,Nashville,6/21/2020 12:34:00 PM,1,0,0,36.232400,-86.786710,EWING DR,,,,763.00,Feet,North,EWING LN,,,,0.00,N,Not at Intersection,N,Non-Junction,None,,,         ,Jedidayah,Merriweather,Rain,Not Collision with Motor Vehicle in Transport,no,no,no,yes,no,False
102730123,METROPOLITAN NASHVILLE POLICE DEPT,20200419071,Davidson,Nashville,6/21/2020 12:00:00 AM,2,0,0,36.064280,-86.684050,I 24,,,,0.00,,,,,,,57.45,N,Not at Intersection,N,Non-Junction,None,,,         ,Lee,Davis,Rain,"Sideswipe, Same Direction",no,no,no,no,no,False
102730130,METROPOLITAN NASHVILLE POLICE DEPT,20200419034,Davidson,Nashville,6/21/2020 1:25:00 PM,2,0,0,36.081470,-86.697370,I 24,,,,0.00,,,,,,,56.10,N,Not at Intersection,N,Non-Junction,None,,,         ,Theodore,Flick,Rain,"Sideswipe, Same Direction",no,no,no,no,no,False
102730132,METROPOLITAN NASHVILLE POLICE DEPT,20200419063,Davidson,Nashville,6/21/2020 1:55:00 PM,1,0,0,36.166490,-86.764860,I 24,,,,0.00,,,,,,,49.00,N,Not at Intersection,N,Non-Junction,None,,,         ,Kimberly,Forsyth,Rain,Not Collision with Motor Vehicle in Transport,no,no,no,no,no,False
102730149,METROPOLITAN NASHVILLE POLICE DEPT,20200419077,Davidson,Antioch,6/21/2020 12:00:00 AM,1,0,0,36.049820,-86.604400,PIN HOOK RD,,,,522.00,Feet,East,GROVEDALE TRC,,,,0.00,N,Not at Intersection,N,Non-Junction,None,,,         ,Thomas,Parsons,Rain,Not Collision with Motor Vehicle in Transport,no,no,no,no,yes,False
102730150,METROPOLITAN NASHVILLE POLICE DEPT,20200419078,Davidson,Nashville,6/21/2020 2:13:00 PM,2,5,0,36.200950,-86.739940,GALLATIN PKE,,,,0.00,,East,BURCHWOOD AV,,,,0.00,N,Not at Intersection,N,Non-Junction,None,,,         ,Eric,Knight,Cloudy,Front to Rear,no,no,no,yes,yes,False
102730160,METROPOLITAN NASHVILLE POLICE DEPT,20200419030,Davidson,Nashville,6/21/2020 1:24:00 PM,2,5,0,36.081330,-86.697290,I 24,,,,0.00,,,,,,,56.10,N,Not at Intersection,N,Non-Junction,None,,,         ,Brian,Sherman,Rain,Angle,no,no,no,no,no,False
102730181,METROPOLITAN NASHVILLE POLICE DEPT,20200419161,Davidson,Nashville,6/21/2020 3:33:00 PM,2,0,0,36.121760,-86.701370,SATURN DR,,,,96.00,Feet,North,MERCURY DR,,,,0.00,N,Not at Intersection, ,,None,,,         ,Deandera,Payne,,,no,no,no,yes,no,False
102730186,METROPOLITAN NASHVILLE POLICE DEPT,20200417873,Davidson,Nashville,6/20/2020 6:34:00 PM,2,1,0,36.068180,-86.705700,HAYWOOD LN,,,,526.00,Feet,East,CHAMBERS DR,,,,0.00,N,Not at Intersection,N,Non-Junction,None,,,         ,Corey,Reed,Clear,Angle,no,no,no,no,no,False
102730188,METROPOLITAN NASHVILLE POLICE DEPT,20200419107,Davidson,Nashville,6/21/2020 12:00:00 AM,1,0,0,36.232010,-86.826700,BRILEY PKWYE,,,,489.00,Feet,West,BRILEY PKWYW,,,,0.00,N,Not at Intersection,N,Non-Junction,None,,,         ,Melvin,Taylor,Clear,Not Collision with Motor Vehicle in Transport,no,no,no,no,no,False
102730193,METROPOLITAN NASHVILLE POLICE DEPT,20200419109,Davidson,Nashville,6/21/2020 2:54:00 PM,2,0,0,36.077140,-86.641460,MURFREESBORO PKE,,,,0.00,,,LAKEVILLA DR,,,,0.00,Y,Four-Way, ,,None,,,         ,Phillip,Burke,,,no,no,no,no,no,False
102730200,METROPOLITAN NASHVILLE POLICE DEPT,20200419174,Davidson,Nashville,6/21/2020 3:45:00 PM,2,4,0,36.025470,-86.713050,NOLENSVILLE PKE,,,,0.00,,,LENOX VILLAGE DR,,,,0.00,Y,Four-Way,N,Intersection,None,,,         ,Darci,Stechman,Cloudy,Angle,no,no,no,no,no,False
102730201,METROPOLITAN NASHVILLE POLICE DEPT,20200419186,Davidson,Nashville,6/21/2020 3:15:00 PM,1,0,0,36.173900,-86.689560,BRILEY PKWYN,,,,310.00,Feet,South,BRILEY PKWYS,,,,0.00,N,Not at Intersection,N,Non-Junction,None,,,         ,Joseph,Simon,Rain,Not Collision with Motor Vehicle in Transport,no,no,no,no,no,False
102730204,METROPOLITAN NASHVILLE POLICE DEPT,20200419091,Davidson,Nashville,6/21/2020 2:01:00 PM,2,1,0,36.130490,-86.899170,CHARLOTTE PKE,,,,91.00,Feet,East,I40 W EXT RAMP,,,,0.00,N,Not at Intersection,N,Non-Junction,None,,,         ,McKenzie,Harper,Rain,Front to Rear,no,no,no,no,no,False
102730218,METROPOLITAN NASHVILLE POLICE DEPT,20200419212,Davidson,Nashville,6/21/2020 4:21:00 PM,1,0,0,36.068940,-86.680710,RICHARDS RD,,,,131.00,Feet,East,CUMMINGS PARK DR,,,,0.00,N,Not at Intersection,N,Non-Junction,None,,,         ,Thomas,Parsons,Rain,Not Collision with Motor Vehicle in Transport,no,no,no,no,yes,False
102730247,METROPOLITAN NASHVILLE POLICE DEPT,20200419300,Davidson,Nashville,6/21/2020 12:00:00 AM,1,1,0,36.051790,-86.714320,US HWY 31 ALT,,,,91.00,Feet,North,OCALA DR,,,,0.00,N,Not at Intersection,N,Non-Junction,None,,,         ,Maccio,Hightower,Clear,Not Collision with Motor Vehicle in Transport,no,no,no,no,no,False
102730248,METROPOLITAN NASHVILLE POLICE DEPT,20200419315,Davidson,Nashville,6/21/2020 5:55:00 PM,2,0,0,36.199600,-86.692910,OPRY MILLS DR,,,,1143.00,Feet,North,SHELBY BOTTOMS GRNWY,,,,0.00,N,Not at Intersection,N,Non-Junction,None,,,         ,Alberta,Auguste,Clear,HeadOn,no,no,no,no,yes,False
102730257,METROPOLITAN NASHVILLE POLICE DEPT,20200419252,Davidson,Goodlettsville,6/21/2020 4:30:00 PM,2,0,0,36.306010,-86.693880,CONFERENCE DR,,,,39.00,Feet,North,RIVERGATE MALL PVTDR,,,,0.00,N,Not at Intersection, ,,None,,,         ,Marcus,Mitchell,,,no,no,no,no,no,False
102730259,METROPOLITAN NASHVILLE POLICE DEPT,20200419110,Davidson,Nashville,6/21/2020 2:53:00 PM,1,0,0,36.059120,-86.771710,FRANKLIN PIKE CIR,,,,249.00,Feet,West,REGENT DR,,,,0.00,N,Not at Intersection,N,Non-Junction,None,,,         ,Justen,Ogle,Cloudy,Not Collision with Motor Vehicle in Transport,no,no,no,no,no,False
102730260,METROPOLITAN NASHVILLE POLICE DEPT,20200419149,Davidson,Nashville,6/21/2020 3:22:00 PM,3,1,0,36.183150,-86.775010,I 24,,,,0.00,,,,,,,47.40,N,Not at Intersection,N,Non-Junction,None,,,         ,Wayne,Helm,Cloudy,Front to Rear,no,no,no,no,no,False
102730266,METROPOLITAN NASHVILLE POLICE DEPT,20200419086,Davidson,Nashville,6/21/2020 2:30:00 PM,2,2,0,36.195000,-86.743160,CHESTER AV,,,,0.00,,,GALLATIN AV,,,,0.00,Y,Four-Way,N,Intersection,None,,,         ,Donovan,Coble,Clear,Front to Rear,no,no,no,no,yes,False
102730271,METROPOLITAN NASHVILLE POLICE DEPT,20200415911,Davidson,Nashville,6/19/2020 3:21:00 PM,1,0,0,36.168790,-86.811740,JEFFERSON ST,,,,642.00,Feet,West,21ST AVN,,,,0.00,N,Not at Intersection, ,Non-Junction,None,,,         ,Anna,Clayton,Clear,Not Collision with Motor Vehicle in Transport,no,no,no,no,no,False
102730273,METROPOLITAN NASHVILLE POLICE DEPT,20200419336,Davidson,Nashville,6/21/2020 6:16:00 PM,2,2,0,36.136910,-86.795900,WEDGEWOOD AV,,,,43.00,Feet,West,17TH AVS,,,,0.00,N,Not at Intersection,N,Non-Junction,None,,,         ,Ryan,Sherry,Clear,Angle,no,no,no,no,no,Campus
102730274,METROPOLITAN NASHVILLE POLICE DEPT,20200419338,Davidson,Nashville,6/21/2020 4:39:00 PM,2,0,0,36.206040,-86.774260,I65 N EXT RAMP,,,,0.00,Feet,East,I65 N ENT RAMP,,,,0.00,N,Not at Intersection, ,,None,,,         ,Maryanne,Bartello,,,no,no,no,no,no,False
102730279,METROPOLITAN NASHVILLE POLICE DEPT,20200419369,Davidson,Nashville,6/21/2020 6:44:00 PM,2,0,0,36.045600,-86.658470,I24 W EXT RAMP,,,,0.00,,,I 24,,,,0.00,Y,T-Intersection, ,,None,,,         ,Luis,Pena,,,no,no,no,no,no,False
102730281,METROPOLITAN NASHVILLE POLICE DEPT,20200419354,Davidson,Nashville,6/21/2020 12:00:00 AM,2,0,0,36.183080,-86.845810,HOSPITAL LN,,,,181.00,Feet,North,COUNTY HOSPITAL RD,,,,0.00,N,Not at Intersection,N,Non-Junction,None,,,         ,Wesley,Carver,Cloudy,Not Collision with Motor Vehicle in Transport,no,no,no,no,yes,False
102730284,METROPOLITAN NASHVILLE POLICE DEPT,20200419189,Davidson,Nashville,6/21/2020 3:58:00 PM,4,0,0,36.229380,-86.759280,BROADMOOR DR,,,,0.00,,,DICKERSON PKE,,,,0.00,Y,Four-Way,N,Intersection,None,,,         ,Wade,Johnson,Rain,Angle,no,no,no,no,no,False
102730286,METROPOLITAN NASHVILLE POLICE DEPT,20200419090,Davidson,Nashville,6/21/2020 2:44:00 PM,1,1,0,36.178270,-86.772200,DICKERSON PKE,,,,0.00,Feet,,MERIDIAN ST,,,,0.00,Y,T-Intersection,N,Intersection-Related,None,,,         ,Nicholas,Silinsky,Other,Not Collision with Motor Vehicle in Transport,no,no,no,no,no,False
102730292,METROPOLITAN NASHVILLE POLICE DEPT,20200419248,Davidson,Nashville,6/21/2020 12:00:00 AM,2,0,0,36.206620,-86.776990,I65 S ENT RAMP,,,,0.00,Feet,East,I 65,,,,0.00,N,Not at Intersection,N,Non-Junction,None,,,         ,Melvin,Taylor,Clear,Front to Rear,no,no,no,no,yes,False
102730293,METROPOLITAN NASHVILLE POLICE DEPT,20200419411,Davidson,Nashville,6/21/2020 7:11:00 PM,1,1,0,36.193880,-86.759520,DOUGLAS AV,,,,0.00,,,JONES AV,,,,0.00,Y,T-Intersection,Y,Intersection,None,,,         ,Sarah,Cartwright,Clear,Not Collision with Motor Vehicle in Transport,no,yes,no,no,no,False
102730331,METROPOLITAN NASHVILLE POLICE DEPT,20200419611,Davidson,Nashville,6/21/2020 9:40:00 PM,2,0,0,36.126840,-86.815010,I 440,,,,0.00,,,,,,,2.25,N,Not at Intersection,N,Non-Junction,None,,,         ,Brian,DeMarce,Clear,"Sideswipe, Same Direction",no,no,no,no,yes,False
102730332,METROPOLITAN NASHVILLE POLICE DEPT,20200419240,Davidson,Nashville,6/21/2020 6:00:00 PM,3,0,0,36.093560,-86.736340,NOLENSVILLE PKE,,,,51.00,Feet,North,NATCHEZ CT,,,,0.00,N,Not at Intersection,N,Non-Junction,None,,,         ,Melissa,Lomax,Clear,Front to Rear,no,no,no,no,no,False
102730333,METROPOLITAN NASHVILLE POLICE DEPT,20200419449,Davidson,Nashville,6/21/2020 7:44:00 PM,3,1,0,36.134420,-86.825710,WEST END AV,,,,139.00,Feet,West,BOWLING AV,,,,0.00,N,Not at Intersection,N,Non-Junction,None,,,         ,Lawrence,Whited,Clear,Front to Rear,no,no,no,no,no,False
102730370,METROPOLITAN NASHVILLE POLICE DEPT,20200419511,Davidson,Nashville,6/21/2020 7:00:00 PM,2,0,0,36.194560,-86.776210,I 65,,,,0.00,,,,,,,86.50,N,Not at Intersection, ,Non-Junction,None,,,         ,Brian,Warstadt,Clear,"Sideswipe, Same Direction",no,no,no,no,no,False
102730375,METROPOLITAN NASHVILLE POLICE DEPT,2020-0418624,Davidson,Nashville,6/21/2020 5:45:00 AM,2,1,0,36.135650,-86.724860,MURFREESBORO PKE,,,,76.00,Feet,East,I24 W EXT RAMP,,,,0.00,N,Not at Intersection, ,Non-Junction,None,,,         ,Jason,Kedzierski,Clear,Angle,no,no,no,no,no,False
102730377,METROPOLITAN NASHVILLE POLICE DEPT,20200419707,Davidson,Nashville,6/21/2020 10:35:00 PM,2,0,0,36.235890,-86.781170,RICHMOND HILL DR,,,,0.00,Feet,,BRICK CHURCH PKE,,,,0.00,Y,T-Intersection,N,Non-Junction,None,,,         ,Jonathon,Sheppard,Clear,"Sideswipe, Opposite Direction",no,no,no,no,yes,False
102730382,METROPOLITAN NASHVILLE POLICE DEPT,20200419708,Davidson,Nashville,6/21/2020 10:45:00 PM,2,0,0,36.188880,-86.730590,GREENWOOD AV,,,,244.00,Feet,East,GENTRY AV,,,,0.00,N,Not at Intersection, ,Non-Junction,None,,,         ,Frederick,Ware,Clear,"Sideswipe, Same Direction",no,no,no,no,yes,False
102730385,METROPOLITAN NASHVILLE POLICE DEPT,20200419106,Davidson,Nashville,6/21/2020 2:25:00 PM,2,0,0,36.194040,-86.830870,BUENA VISTA PKE,,,,174.00,Feet,North,CLARKSVILLE PKE,,,,0.00,N,Not at Intersection, ,Non-Junction,None,,,         ,Alec,Pellissier,Cloudy,"Sideswipe, Same Direction",no,no,no,no,yes,False
102730390,METROPOLITAN NASHVILLE POLICE DEPT,20200419221,Davidson,Nashville,6/21/2020 7:00:00 PM,2,1,0,36.084750,-86.647650,MURFREESBORO PKE,,,,420.00,Feet,North,BROOKSBORO PL,,,,0.00,N,Not at Intersection,N,Non-Junction,None,,,         ,Michael,Fox,Clear,Angle,no,no,no,no,no,False