master_record_number,agency,agency_tracking_number,county,city,collision_date,vehicles_involved,number_injured,number_dead,latitude,longitude,roadway_name,roadway_suffix,roadway_number,roadway_local_id,distance_from_reference,miles-feet_indicator,direction_from_reference,intersection_road_name,intersection_road_name_suffix,intersection_road_number,intersection_local_id,mile_marker,intersection_indicator,intersect_type,interchange_related_indicator,relation_to_junction,work_zone_type,construction_maintenance_zone,construction_maintenance_zone_location,fatal_case_number,officer_first_name,officer_last_name,weather_condition(s),manner_of_crash,pedestrian,bicycle,scooter,parking,hitrun,mou
102731180,METROPOLITAN NASHVILLE POLICE DEPT,20200422643,Davidson,Nashville,6/23/2020 12:30:00 PM,2,0,0,36.138930,-86.829820,CRAIGHEAD AV,,,,0.00,,,WESTBROOK AV,,,,0.00,Y,T-Intersection,N,Intersection,None,,,         ,George,Spencer,Clear,"Sideswipe, Opposite Direction",no,no,no,no,no,False
102731182,VANDERBILT UNIVERSITY POLICE,20200422526,Davidson,Nashville,6/23/2020 11:55:00 AM,2,0,0,36.110060,-86.753200,FOSTER CREIGHTON DR,,,,0.00,,,,,,,0.00,,, ,OtherLocation,None,,,         ,Fred,Oakley,Clear,"Sideswipe, Same Direction",no,no,no,yes,no,False
102731183,METROPOLITAN NASHVILLE POLICE DEPT,20200422440,Davidson,Not in City Limit,6/23/2020 11:26:00 AM,1,0,0,36.062170,-86.992510,MCCRORY LN,,,,1523.00,Feet,South,AVONDALE PARK BLVD,,,,0.00,N,Not at Intersection,N,Non-Junction,None,,,         ,Phillip,Murphy,Clear,Not Collision with Motor Vehicle in Transport,no,no,no,no,no,False
102731184,METROPOLITAN NASHVILLE POLICE DEPT,20200422617,Davidson,Nashville,6/23/2020 1:05:00 PM,2,1,0,36.082230,-86.919600,OLD HICKORY BLVD,,,,246.00,Feet,North,BELLE FOREST CONDOS PVTDR,,,,0.00,N,Not at Intersection,N,Non-Junction,None,,,         ,Alexis,Pond,Clear,Angle,no,no,no,no,no,False
102731186,METROPOLITAN NASHVILLE POLICE DEPT,20200422424,Davidson,Not in City Limit,6/23/2020 11:00:00 AM,1,0,0,36.342860,-86.756100,LICKTON PIKE,,,,0.00,,,FREEMAN HOLLOW RD,,,,0.00,Y,T-Intersection,N,Intersection-Related,None,,,         ,Ruben,Mariano,Clear,Not Collision with Motor Vehicle in Transport,no,no,no,no,yes,False
102731213,METROPOLITAN NASHVILLE POLICE DEPT,20200422752,Davidson,Nashville,6/23/2020 1:45:00 PM,2,0,0,36.113950,-86.810880,WOODMONT BLVD,,,,0.00,,,HILLSBORO PKE,,,,0.00,Y,Four-Way, ,Intersection-Related,None,,,         ,Devonte,Coleman,Clear,Front to Rear,no,no,no,no,no,False
102731219,METROPOLITAN NASHVILLE POLICE DEPT,20200422784,Davidson,Nashville,6/23/2020 2:22:00 PM,2,0,0,36.047710,-86.656160,HICKORY HOLLOW PKWY,,,,90.00,Feet,West,BELL RD,,,,0.00,N,Not at Intersection, ,Non-Junction,None,,,         ,Laura,Williams,Clear,Front to Rear,no,no,no,no,yes,False
102731222,METROPOLITAN NASHVILLE POLICE DEPT,20200422762,Davidson,Nashville,6/23/2020 2:00:00 PM,2,0,0,36.077320,-86.739290,HARDING PL,,,,230.00,Feet,East,BINKLEY DR,,,,0.00,N,Not at Intersection, ,Non-Junction,None,,,         ,Brady,Reynolds,Clear,Angle,no,no,no,no,no,False
102731223,METROPOLITAN NASHVILLE POLICE DEPT,20200422794,Davidson,Nashville,6/23/2020 3:07:00 PM,1,1,0,36.225000,-86.864630,BRILEY PKWYE,,,,487.00,Feet,East,BRILEY PKWYW,,,,0.00,N,Not at Intersection,N,Non-Junction,None,,,         ,Andrey,Volfson,Clear,Not Collision with Motor Vehicle in Transport,no,no,no,no,no,False
102731236,METROPOLITAN NASHVILLE POLICE DEPT,20200422748,Davidson,Nashville,6/23/2020 2:34:00 PM,3,2,0,36.073760,-86.724540,NOLENSVILLE PKE,,,,126.00,Feet,North,PROVIDENCE HTS,,,,0.00,N,Not at Intersection,N,Non-Junction,None,,,         ,FELIKS,ABRAHAMYAN,Clear,Front to Rear,no,no,no,no,no,False
102731237,METROPOLITAN NASHVILLE POLICE DEPT,20200422753,Davidson,Nashville,6/23/2020 2:35:00 PM,2,0,0,36.044070,-86.656620,I 24,,,,0.00,,,,,,,59.55,N,Not at Intersection,N,Non-Junction,None,,,         ,Edward,Starke,Clear,"Sideswipe, Same Direction",no,no,no,no,yes,False
102731252,METROPOLITAN NASHVILLE POLICE DEPT,20200422869,Davidson,Nashville,6/23/2020 3:40:00 PM,2,2,0,36.147430,-86.758290,LAFAYETTE ST,,,,116.00,Feet,West,FAIRFIELD AV,,,,0.00,N,Not at Intersection,N,Non-Junction,None,,,         ,Derek,Sibley,Clear,"Sideswipe, Opposite Direction",no,no,no,no,yes,False
102731254,METROPOLITAN NASHVILLE POLICE DEPT,20200422756,Davidson,Nashville,6/23/2020 2:41:00 PM,2,0,0,36.174360,-86.770670,I 24,,,,0.00,,,,,,,48.10,N,Not at Intersection, ,Non-Junction,None,,,         ,Nicholas,Silinsky,Clear,Front to Rear,no,no,no,no,no,False
102731255,METROPOLITAN NASHVILLE POLICE DEPT,20200422764,Davidson,Nashville,6/23/2020 2:27:00 PM,2,0,0,36.146480,-86.873560,PREMIER DR,,,,0.00,,,AMERICAN RD,,,,0.00,Y,T-Intersection, ,Intersection,None,,,         ,Justin,Coyle,Clear,"Sideswipe, Opposite Direction",no,no,no,no,no,False
102731261,METROPOLITAN NASHVILLE POLICE DEPT,20200422920,Davidson,Nashville,6/23/2020 3:40:00 PM,2,0,0,36.150400,-86.767750,2ND AVS,,,,59.00,Feet,South,MCCANN ST,,,,0.00,N,Not at Intersection,N,Non-Junction,None,,,         ,Eric,Laury,Clear,Front to Rear,no,no,no,no,yes,False
102731266,VANDERBILT UNIVERSITY POLICE,20200422818,Davidson,Nashville,6/23/2020 2:20:00 PM,2,0,0,36.141950,-86.804900,24TH AVS,,,,205.00,Feet,South,HIGHLAND AV,,,,0.00,N,Not at Intersection, ,,None,,,         ,Ray,Stanard,,,no,no,no,no,no,Campus
102731275,METROPOLITAN NASHVILLE POLICE DEPT,20200422998,Davidson,Nashville,6/23/2020 5:05:00 PM,2,0,0,36.089650,-86.650330,MURFREESBORO PKE,,,,232.00,Feet,North,RANSOM PL,,,,0.00,N,Not at Intersection, ,,None,,,         ,Edward,Starke,,,no,no,no,no,no,False
102731277,METROPOLITAN NASHVILLE POLICE DEPT,20200422926,Davidson,Nashville,6/23/2020 4:10:00 PM,2,0,0,36.151370,-86.799330,20TH AVS,,,,0.00,Feet,East,20TH AVN,,,,0.00,N,Not at Intersection,Y,Non-Junction,None,,,         ,Melissa,Lomax,Clear,"Sideswipe, Opposite Direction",no,no,no,no,no,Campus
102731282,METROPOLITAN NASHVILLE POLICE DEPT,20200422908,Davidson,Nashville,6/23/2020 12:00:00 AM,2,1,0,36.141700,-86.713470,I 40,,,,0.00,,,,,,,214.00,N,Not at Intersection,N,Non-Junction,None,,,         ,Adam,Gartner,Clear,"Sideswipe, Same Direction",no,no,no,no,yes,False
102731294,WILLIAMSON CO SHERIFFS OFFICE,2013008,Davidson,Nashville,6/23/2020 2:35:00 PM,1,1,0,36.024780,-86.785600,I 65,,,,0.00,,,,,,,73.60,N,Not at Intersection,N,Non-Junction,None,,,         ,Cody,Richardson,Clear,Not Collision with Motor Vehicle in Transport,no,no,no,no,no,False
102731300,METROPOLITAN NASHVILLE POLICE DEPT,20200422914,Davidson,Nashville,6/23/2020 3:23:00 PM,2,0,0,36.077350,-86.725640,NOLENSVILLE PKE,,,,96.00,Feet,North,WALLACE RD,,,,0.00,N,Not at Intersection, ,Non-Junction,None,,,         ,Edward,Starke,Clear,"Sideswipe, Same Direction",no,no,no,no,no,False
102731305,METROPOLITAN NASHVILLE POLICE DEPT,20200416322,Davidson,Nashville,6/19/2020 9:23:00 PM,2,3,0,36.112190,-86.922770,I40 W EXT RAMP,,,,0.00,,,OLD HICKORY BLVD,,,,0.00,Y,T-Intersection,Y,Entrance/Exit Ramp Related,None,,,         ,Russell,Ward,Clear,Front to Rear,no,no,no,no,no,False
102731306,METROPOLITAN NASHVILLE POLICE DEPT,20200416482,Davidson,Nashville,6/19/2020 11:15:00 PM,1,0,1,36.147390,-86.758180,LAFAYETTE ST,,,,80.00,Feet,West,FAIRFIELD AV,,,,0.00,N,Not at Intersection,N,Non-Junction,None,,,20-0443  ,Russell,Ward,Clear,Not Collision with Motor Vehicle in Transport,yes,no,no,no,yes,False
102731307,Nashville Airport Police,2020-01518,Davidson,Nashville,6/15/2020 5:53:00 PM,2,1,0,36.139830,-86.666320,DONELSON PKE,,,,0.00,,,I40 E ENT RAMP,,,,0.00,Y,OTHER,Y,Entrance/Exit Ramp Related,None,,,         ,Zachary,Voigts,Clear,Angle,no,no,no,no,no,False
102731310,METROPOLITAN NASHVILLE POLICE DEPT,20200422830,Davidson,Goodlettsville,6/23/2020 3:23:00 PM,2,0,0,36.291690,-86.721130,I 65,,,,0.00,,,,,,,94.40,N,Not at Intersection, ,Non-Junction,None,,,         ,Christopher,Littles,Clear,Front to Rear,no,no,no,no,no,False
102731311,METROPOLITAN NASHVILLE POLICE DEPT,20200422859,Davidson,Not in City Limit,6/23/2020 3:38:00 PM,1,0,0,36.270160,-86.683530,RIO VISTA DR,,,,0.00,,,CHARTER VILLAGE APTS PVTDR,,,,0.00,Y,T-Intersection, ,Intersection,None,,,         ,Christopher,Littles,Clear,Not Collision with Motor Vehicle in Transport,no,no,no,yes,no,False
102731312,METROPOLITAN NASHVILLE POLICE DEPT,20200423008,Davidson,Not in City Limit,6/23/2020 4:25:00 PM,2,1,0,36.263470,-86.711780,GALLATIN PKEN,,,,128.00,Feet,South,OLD TIME VILLAGE PVTDR,,,,0.00,N,Not at Intersection,N,Non-Junction,None,,,         ,Christopher,Littles,Clear,Front to Rear,no,no,no,no,no,False
102731313,METROPOLITAN NASHVILLE POLICE DEPT,20200423098,Davidson,Goodlettsville,6/23/2020 4:57:00 PM,2,0,0,36.298430,-86.697920,GALLATIN PKEN,,,,627.00,Feet,South,CUDE LN,,,,0.00,N,Not at Intersection, ,Non-Junction,None,,,         ,Christopher,Littles,Clear,Front to Rear,no,no,no,no,no,False
102731314,METROPOLITAN NASHVILLE POLICE DEPT,20200423136,Davidson,Nashville,6/23/2020 6:21:00 PM,2,0,0,36.152200,-86.625830,BLACKWOOD DR,,,,224.00,Feet,West,STEWARTS FERRY PKE,,,,0.00,N,Not at Intersection, ,,None,,,         ,Deandera,Payne,,,no,no,no,yes,no,False
102731323,METROPOLITAN NASHVILLE POLICE DEPT,20200423203,Davidson,Nashville,6/23/2020 6:28:00 PM,2,0,0,36.047840,-86.612050,MURFREESBORO PKE,,,,1284.00,Feet,North,MOUNTAIN SPRINGS RD,,,,0.00,N,Not at Intersection, ,,None,,,         ,Edward,Starke,,,no,no,no,no,no,False
102731326,METROPOLITAN NASHVILLE POLICE DEPT,20200416631,Davidson,Nashville,6/20/2020 12:50:00 AM,2,0,0,36.146340,-86.763370,CHESTNUT ST,,,,0.00,,,1ST AVS,,,,0.00,Y,Four-Way,N,Intersection,None,,,         ,Russell,Ward,Clear,Angle,no,no,no,no,no,False
102731327,VANDERBILT UNIVERSITY POLICE,20200423130,Davidson,Nashville,6/23/2020 12:00:00 AM,1,0,0,36.141930,-86.800740,21ST AVS,,,,0.00,,,,,,,0.00,,, ,Non-Junction,None,,,         ,David,Taliaferro,Clear,Not Collision with Motor Vehicle in Transport,no,no,no,yes,no,Campus
102731328,METROPOLITAN NASHVILLE POLICE DEPT,20200422872,Davidson,Nashville,6/23/2020 3:52:00 PM,2,1,0,36.187750,-86.798470,ROSA L PARKS BLVD,,,,62.00,Feet,South,DOMINICAN DR,,,,0.00,N,Not at Intersection,N,Non-Junction,None,,,         ,Jacob,Krispin,Clear,"Sideswipe, Same Direction",no,no,no,no,no,False
102731344,METROPOLITAN NASHVILLE POLICE DEPT,20200422777,Davidson,Nashville,6/23/2020 2:59:00 PM,2,0,0,36.040130,-86.816030,OLD HICKORY BLVD,,,,118.00,Feet,East,GRANNY WHITE PKE,,,,0.00,N,Not at Intersection, ,Non-Junction,None,,,         ,Brandon,Hughes,Clear,Front to Rear,no,no,no,no,no,False
102731366,METROPOLITAN NASHVILLE POLICE DEPT,20200423252,Davidson,Nashville,6/23/2020 11:58:00 AM,2,0,0,36.216260,-86.603110,LEBANON PKE,,,,939.00,Feet,South,SWEETWATER CIR,,,,0.00,N,Not at Intersection,N,Non-Junction,None,,,         ,Cheri,Cox,Clear,Front to Rear,no,no,no,yes,yes,False
102731378,METROPOLITAN NASHVILLE POLICE DEPT,20200423304,Davidson,Nashville,6/23/2020 8:14:00 PM,3,4,0,36.222110,-86.726120,GALLATIN PKE,,,,271.00,Feet,South,GREENLAND AV,,,,0.00,N,Not at Intersection,N,Non-Junction,None,,,         ,Marc,Kozen,Clear,"Sideswipe, Opposite Direction",no,no,no,no,no,False
102731380,METROPOLITAN NASHVILLE POLICE DEPT,20200423310,Davidson,Nashville,6/23/2020 7:52:00 PM,2,0,0,36.210190,-86.775850,I 65,,,,0.00,,,,,,,87.60,N,Not at Intersection, ,Non-Junction,None,,,         ,Sarah,Cartwright,Clear,Front to Rear,no,no,no,no,no,False
102731390,METROPOLITAN NASHVILLE POLICE DEPT,20200423345,Davidson,Nashville,6/23/2020 8:40:00 PM,3,0,0,36.168400,-86.813970,I40 E EXT RAMP,,,,0.00,Feet,East,I 40,,,,0.00,N,Not at Intersection, ,Entrance/Exit Ramp Related,None,,,         ,Amery,Milligan,Clear,Front to Rear,no,no,no,no,no,False
102731395,THP District 3 - Nashville,320038842,Davidson,Nashville,6/22/2020 3:01:00 AM,2,0,0,36.045640,-86.653840,HICKORY HOLLOW PKWY,,,,383.00,Feet,South,HICKORY HOLLOW LN,,,,0.00,N,Not at Intersection,N,Non-Junction,None,,,         ,Sherman,Lingo,Cloudy,Front to Rear,no,no,no,no,no,False
102731411,METROPOLITAN NASHVILLE POLICE DEPT,20200423629,Davidson,Goodlettsville,6/23/2020 11:45:00 PM,2,0,0,36.296510,-86.715030,I 65,,,,0.00,,,,,,,94.85,N,Not at Intersection,N,Non-Junction,None,,,         ,Jonathon,Sheppard,Clear,"Sideswipe, Same Direction",no,no,no,no,yes,False
102731446,METROPOLITAN NASHVILLE POLICE DEPT,20200423604,Davidson,Nashville,6/23/2020 11:50:00 PM,1,0,0,36.175450,-86.766790,ELLINGTON PKWYN,,,,41.00,Feet,North,ELLINGTON PKWY N ENT RAMP,,,,0.00,N,Not at Intersection,N,Non-Junction,None,,,         ,Coleman,Womack,Clear,Not Collision with Motor Vehicle in Transport,no,no,no,no,no,False
102731535,METROPOLITAN NASHVILLE POLICE DEPT,2020-0376905,Davidson,Nashville,5/29/2020 6:43:00 AM,2,0,0,36.053920,-86.775150,I 65,,,,0.00,,,,,,,74.80,N,Not at Intersection,N,Non-Junction,None,,,         ,Gregory,Scott,Clear,"Sideswipe, Same Direction",no,no,no,no,no,False
102731826,METROPOLITAN NASHVILLE POLICE DEPT,20200414202,Davidson,Nashville,6/18/2020 5:39:00 PM,3,2,0,36.055200,-86.642340,BELL RD,,,,71.00,Feet,North,THE OVERLOOK PVTDR,,,,0.00,N,Not at Intersection,N,Non-Junction,None,,,         ,Joel,Bennett,Clear,Front to Rear,no,no,no,no,no,False
102732092,METROPOLITAN NASHVILLE POLICE DEPT,20200424716,Davidson,Nashville,6/22/2020 8:08:00 PM,2,1,0,36.176960,-86.751430,S 10TH ST,,,,0.00,,,WOODLAND ST,,,,0.00,Y,Four-Way,N,Intersection-Related,None,,,         ,Kenneth,Oneal,Clear,Front to Rear,no,no,no,no,yes,False
102732155,METROPOLITAN NASHVILLE POLICE DEPT,20200380107,Davidson,Nashville,5/30/2020 6:25:00 PM,2,0,0,36.163250,-86.776070,2ND AVN,,,,0.00,,,COMMERCE ST,,,,0.00,Y,T-Intersection,N,Intersection,None,,,         ,Julius,Gallon,Clear,"Sideswipe, Same Direction",no,no,no,no,no,False
102732225,METROPOLITAN NASHVILLE POLICE DEPT,20200405733,Davidson,Nashville,6/14/2020 3:20:00 AM,2,0,1,36.156740,-86.781160,DEMONBREUN ST,,,,122.00,Feet,West,US HWY 31,,,,0.00,N,Not at Intersection,N,Non-Junction,None,,,20-0412  ,Kevin,Coleman,Clear,Front to Rear,no,no,no,no,no,False
102732641,BELLE MEADE POLICE DEPT,20-0114,Davidson,Belle Meade,6/17/2020 4:23:00 PM,1,1,0,36.110600,-86.844850,ABBOTT MARTIN RD,,,,54.00,Feet,East,LYNNWOOD BLVD,,,,0.00,N,Not at Intersection,N,Non-Junction,None,,,         ,Wes,Bowker,Clear,Not Collision with Motor Vehicle in Transport,no,no,no,no,no,False
102732648,GOODLETTSVILLE POLICE DEPT,20-19526,Davidson,Goodlettsville,6/23/2020 1:25:00 PM,2,1,0,36.302290,-86.709530,I 65,,,,0.00,,,,,,,95.35,N,Not at Intersection,N,Non-Junction,None,,,         ,George,Henry,Clear,Angle,no,no,no,no,no,False
102732829,METROPOLITAN NASHVILLE POLICE DEPT,20200405405,Davidson,Nashville,6/13/2020 9:57:00 PM,1,0,1,36.196930,-86.828240,BUENA VISTA PIKE,,,,57.00,Feet,South,CLIFF DR,,,,0.00,N,Not at Intersection,N,Non-Junction,None,,,20-0414  ,Kevin,Coleman,Clear,Not Collision with Motor Vehicle in Transport,yes,no,no,no,no,False
102734935,METROPOLITAN NASHVILLE POLICE DEPT,20200414502,Davidson,Madison,6/18/2020 9:04:00 PM,2,2,0,36.263070,-86.711920,STATE RT 45,,,,0.00,Feet,,OLD HICKORY BLVDW,,,,0.00,Y,Four-Way,N,Intersection,None,,,         ,Nicholas,Berry,Clear,Front to Rear,no,no,no,no,no,False
102735279,METROPOLITAN NASHVILLE POLICE DEPT,20200405819,Davidson,Nashville,6/14/2020 5:17:00 AM,1,1,0,36.089170,-86.732690,US HWY 31 ALT,,,,446.00,Feet,South,ZOO RD,,,,0.00,N,Not at Intersection,N,Non-Junction,None,,,         ,Kevin,Coleman,Clear,Not Collision with Motor Vehicle in Transport,no,no,no,no,no,False
102735642,THP District 3 - Nashville,320038328,Davidson,Not in City Limit,6/17/2020 10:00:00 PM,2,0,0,36.338000,-86.914680,I 24,,,,0.00,,,,,,,32.10,N,Not at Intersection, ,Non-Junction,None,,,         ,Jeremy,Hoyt,Clear,Front to Rear,no,no,no,no,yes,False
102731414,METROPOLITAN NASHVILLE POLICE DEPT,20200423643,Davidson,Nashville,6/24/2020 12:17:00 AM,1,2,0,36.169740,-86.771090,S 2ND ST,,,,94.00,Feet,North,WOODLAND ST,,,,0.00,N,Not at Intersection,N,Non-Junction,None,,,         ,James,Wells Jr.,Clear,Not Collision with Motor Vehicle in Transport,no,no,no,no,no,False
102731479,METROPOLITAN NASHVILLE POLICE DEPT,20200424039,Davidson,Nashville,6/24/2020 6:03:00 AM,2,0,0,36.151310,-86.769240,I 40,,,,0.00,,,,,,,210.50,N,Not at Intersection, ,Non-Junction,None,,,         ,Michael,Suagua,Clear,Front to Rear,no,no,no,no,no,False
102731501,METROPOLITAN NASHVILLE POLICE DEPT,20200424113,Davidson,Nashville,6/24/2020 7:16:00 AM,1,0,0,36.115820,-86.783330,I 440,,,,0.00,,,,,,,4.35,N,Not at Intersection,N,Non-Junction,None,,,         ,Nathan,Kemp,Clear,Not Collision with Motor Vehicle in Transport,no,no,no,no,no,False
102731502,METROPOLITAN NASHVILLE POLICE DEPT,20200424172,Davidson,Nashville,6/24/2020 7:50:00 AM,2,0,0,36.143230,-86.814750,WEST END AV,,,,134.00,Feet,South,30TH AVS,,,,0.00,N,Not at Intersection, ,Non-Junction,None,,,         ,Nathan,Kemp,Clear,Front to Rear,no,no,no,no,no,Campus
102731555,METROPOLITAN NASHVILLE POLICE DEPT,20200424260,Davidson,Nashville,6/24/2020 8:59:00 AM,2,1,0,36.155520,-86.760150,I40 E ENT RAMP,,,,0.00,,,I24 W ENT RAMP,,,,0.00,Y,OTHER,Y,Entrance/Exit Ramp Related,None,,,         ,Michael,Brooks,Cloudy,Not Collision with Motor Vehicle in Transport,no,no,no,no,no,False
102731576,METROPOLITAN NASHVILLE POLICE DEPT,20200424462,Davidson,Nashville,6/24/2020 11:08:00 AM,1,0,0,36.091310,-86.625400,BELL RD,,,,479.00,Feet,North,SMITH SPRINGS RD,,,,0.00,N,Not at Intersection, ,Non-Junction,None,,,         ,Michael,Brooks,Cloudy,Not Collision with Motor Vehicle in Transport,no,no,no,no,no,False
102731583,METROPOLITAN NASHVILLE POLICE DEPT,20200424300,Davidson,Nashville,6/24/2020 9:30:00 AM,2,0,0,36.074480,-86.920940,OLD HICKORY BLVD,,,,0.00,,,HIGHWAY 70S,,,,0.00,Y,Four-Way, ,,None,,,         ,Charles,Boles,,,no,no,no,no,no,False
102731585,METROPOLITAN NASHVILLE POLICE DEPT,20200424411,Davidson,Nashville,6/24/2020 10:47:00 AM,2,0,0,36.038650,-86.783180,OLD HICKORY BLVD,,,,101.00,Feet,East,I65 S EXT RAMP,,,,0.00,N,Not at Intersection, ,Non-Junction,None,,,         ,Nathan,Kemp,Clear,"Sideswipe, Same Direction",no,no,no,no,no,False
102731602,METROPOLITAN NASHVILLE POLICE DEPT,20200424543,Davidson,Nashville,6/24/2020 12:20:00 PM,1,1,0,36.083110,-86.805040,GRANNY WHITE PKE,,,,250.00,Feet,South,GATEWAY LN,,,,0.00,N,Not at Intersection,N,Non-Junction,None,,,         ,Nathan,Kemp,Clear,Not Collision with Motor Vehicle in Transport,no,no,no,no,no,False
102731603,METROPOLITAN NASHVILLE POLICE DEPT,20200424460,Davidson,Nashville,6/24/2020 11:09:00 AM,2,0,0,36.143430,-86.859200,OCEOLA AV,,,,0.00,,,,,,,0.00,,, ,,None,,,         ,Michael,Pyle,,,no,no,no,yes,no,False
102731604,METROPOLITAN NASHVILLE POLICE DEPT,20200424505,Davidson,Nashville,6/24/2020 11:51:00 AM,2,0,0,36.045310,-86.713810,OLD HICKORY BLVD,,,,164.00,Feet,West,NOLENSVILLE PKE,,,,0.00,N,Not at Intersection,N,Non-Junction,None,,,         ,Gary,Sneed,Cloudy,Rear to Side,no,no,no,yes,yes,False
102731607,METROPOLITAN NASHVILLE POLICE DEPT,20200424549,Davidson,Nashville,6/24/2020 12:23:00 PM,2,0,0,36.183170,-86.677460,MCGAVOCK PKE,,,,0.00,,,TWO RIVERS PKWY,,,,0.00,Y,T-Intersection, ,Intersection,None,,,         ,Michael,Brooks,Cloudy,Front to Rear,no,no,no,no,no,False
102731608,METROPOLITAN NASHVILLE POLICE DEPT,20200424466,Davidson,Nashville,6/24/2020 10:07:00 AM,2,0,0,36.184020,-86.748280,GALLATIN AV,,,,78.00,Feet,North,EASTLAND AV,,,,0.00,N,Not at Intersection, ,,None,,,         ,Michael,Agee,,,no,no,no,no,no,False
102731643,GOODLETTSVILLE POLICE DEPT,20-19601,Davidson,Goodlettsville,6/24/2020 12:09:00 PM,2,3,0,36.334720,-86.717190,N MAIN ST,,,,188.00,Feet,North,FANNIN DR,,,,0.00,N,Not at Intersection,N,Non-Junction,None,,,         ,Brian,Hajdu,Cloudy,Angle,no,no,no,no,no,False
102731653,VANDERBILT UNIVERSITY POLICE,20200042456,Davidson,Nashville,6/24/2020 12:22:00 PM,2,0,0,36.145580,-86.810600,WEST END AV,,,,0.00,,,,,,,0.00,,, ,Non-Junction,None,,,         ,O'Darra,Beauvais,Cloudy,"Sideswipe, Opposite Direction",no,no,no,yes,no,Campus
102731670,METROPOLITAN NASHVILLE POLICE DEPT,20200424627,Davidson,Nashville,6/24/2020 1:14:00 PM,2,1,0,36.119740,-86.749630,NOLENSVILLE PKE,,,,253.00,Feet,North,NEWSOME ST,,,,0.00,N,Not at Intersection,N,Non-Junction,None,,,         ,Tyler,Heckaman,Clear,Front to Rear,no,no,no,no,yes,False
102731679,METROPOLITAN NASHVILLE POLICE DEPT,20200424695,Davidson,Nashville,6/24/2020 1:15:00 PM,2,0,0,36.151800,-86.771250,4TH AVS,,,,0.00,Feet,East,LAFAYETTE ST,,,,0.00,N,Not at Intersection,Y,Non-Junction,None,,,         ,Charles,Embry,Clear,"Sideswipe, Same Direction",no,no,no,no,yes,False
102731683,METROPOLITAN NASHVILLE POLICE DEPT,20200424610,Davidson,Nashville,6/24/2020 1:03:00 PM,1,1,0,36.038480,-86.601950,MURFREESBORO PKE,,,,350.00,Feet,South,OLD HICKORY BLVD,,,,0.00,N,Not at Intersection,N,Non-Junction,None,,,         ,Caleb,Jernigan,Clear,Not Collision with Motor Vehicle in Transport,no,no,no,no,yes,False
102731686,METROPOLITAN NASHVILLE POLICE DEPT,20200424463,Davidson,Nashville,6/24/2020 11:15:00 AM,3,0,0,36.202360,-86.776850,I 65,,,,0.00,,,,,,,87.00,N,Not at Intersection, ,Non-Junction,None,,,         ,Mark,Anderson,Clear,Front to Rear,no,no,no,no,no,False
102731687,METROPOLITAN NASHVILLE POLICE DEPT,20200424630,Davidson,Nashville,6/24/2020 12:16:00 PM,2,0,0,36.192300,-86.744590,GALLATIN AV,,,,152.00,Feet,North,MCKENNIE AV,,,,0.00,N,Not at Intersection, ,Non-Junction,None,,,         ,Michael,Agee,Cloudy,Front to Rear,no,no,no,no,no,False
102731688,METROPOLITAN NASHVILLE POLICE DEPT,20200424642,Davidson,Nashville,6/24/2020 1:17:00 PM,3,0,0,36.149440,-86.793320,MUSIC SQW,,,,262.00,Feet,South,ROY ACUFF PL,,,,0.00,N,Not at Intersection, ,Non-Junction,None,,,         ,William,Caillouette,Clear,"Sideswipe, Same Direction",no,no,no,no,no,False
102731712,METROPOLITAN NASHVILLE POLICE DEPT,20200424702,Davidson,Nashville,6/24/2020 2:09:00 PM,2,1,0,36.193040,-86.737200,STRAIGHTWAY AV,,,,0.00,Feet,East,N 16TH ST,,,,0.00,N,Not at Intersection,N,Non-Junction,None,,,         ,Michael,Agee,Cloudy,Not Collision with Motor Vehicle in Transport,no,no,no,no,no,False
102731731,METROPOLITAN NASHVILLE POLICE DEPT,20200424746,Davidson,Nashville,6/24/2020 2:00:00 PM,2,0,0,36.098810,-86.871720,HEADY DR,,,,57.00,Feet,East,HIGHWAY 100,,,,0.00,N,Not at Intersection, ,Non-Junction,None,,,         ,Je-Marc,Sears,Clear,HeadOn,no,no,no,no,no,False
102731736,METROPOLITAN NASHVILLE POLICE DEPT,20200424815,Davidson,Nashville,6/24/2020 2:31:00 PM,2,0,0,36.044830,-86.662690,BELL RD,,,,345.00,Feet,West,CANE RIDGE RD,,,,0.00,N,Not at Intersection, ,Non-Junction,None,,,         ,Edward,Starke,Clear,Angle,no,no,no,no,no,False
102731737,METROPOLITAN NASHVILLE POLICE DEPT,20200424631,Davidson,Nashville,6/24/2020 1:10:00 PM,2,0,0,36.045280,-86.660030,I24 E EXT RAMP,,,,0.00,Feet,East,I 24,,,,0.00,N,Not at Intersection, ,Non-Junction,None,,,         ,Gerald,Gomes,Clear,Front to Rear,no,no,no,no,no,False
102731741,METROPOLITAN NASHVILLE POLICE DEPT,20200424696,Davidson,Nashville,6/24/2020 2:00:00 PM,3,3,0,36.154030,-86.787570,I40 W EXT RAMP,,,,0.00,,,I 40,,,,0.00,Y,Four-Way,Y,Intersection-Related,None,,,         ,Trevor,Taylor,Clear,Front to Rear,no,no,no,no,no,False