master_record_number,agency,agency_tracking_number,county,city,collision_date,vehicles_involved,number_injured,number_dead,latitude,longitude,roadway_name,roadway_suffix,roadway_number,roadway_local_id,distance_from_reference,miles-feet_indicator,direction_from_reference,intersection_road_name,intersection_road_name_suffix,intersection_road_number,intersection_local_id,mile_marker,intersection_indicator,intersect_type,interchange_related_indicator,relation_to_junction,work_zone_type,construction_maintenance_zone,construction_maintenance_zone_location,fatal_case_number,officer_first_name,officer_last_name,weather_condition(s),manner_of_crash,pedestrian,bicycle,scooter,parking,hitrun,mou
102732406,METROPOLITAN NASHVILLE POLICE DEPT,20200426993,Davidson,Nashville,6/25/2020 5:15:00 PM,2,0,0,36.109140,-86.811880,HILLSBORO PKE,,,,0.00,,,CRESTMOOR RD,,,,0.00,Y,T-Intersection, ,,None,,,         ,Matthew,Turppa,,,no,no,no,no,no,False
102732414,METROPOLITAN NASHVILLE POLICE DEPT,20200426942,Davidson,Nashville,6/25/2020 5:00:00 PM,3,1,0,36.170170,-86.806390,I 40,,,,0.00,,,,,,,207.30,N,Not at Intersection,N,Non-Junction,None,,,         ,Eric,McCoy,Clear,Front to Rear,no,no,no,no,no,False
102732415,METROPOLITAN NASHVILLE POLICE DEPT,20200426975,Davidson,Nashville,6/25/2020 4:48:00 PM,2,0,0,36.162720,-86.761270,I 24,,,,0.00,,,,,,,49.30,N,Not at Intersection, ,Non-Junction,None,,,         ,Tyler,Manivong,Clear,Front to Rear,no,no,no,no,no,False
102732417,METROPOLITAN NASHVILLE POLICE DEPT,20200426953,Davidson,Nashville,6/25/2020 3:43:00 PM,1,0,0,36.205080,-86.815050,W TRINITY LN,,,,1244.00,Feet,West,OLD BUENA VISTA RD,,,,0.00,N,Not at Intersection, ,,None,,,         ,Chase,Harriman,,,no,no,no,no,no,False
102732423,METROPOLITAN NASHVILLE POLICE DEPT,20200427054,Davidson,Nashville,6/25/2020 4:43:00 PM,2,0,0,36.140630,-86.732000,I 40,,,,0.00,,,,,,,213.00,N,Not at Intersection,N,Non-Junction,None,,,         ,Deandera,Payne,Clear,"Sideswipe, Same Direction",no,no,no,no,yes,False
102732424,METROPOLITAN NASHVILLE POLICE DEPT,20200426931,Davidson,Nashville,6/25/2020 5:15:00 PM,2,2,0,36.048500,-86.713510,US HWY 31 ALT,,,,96.00,Feet,South,HICKORYVIEW DR,,,,0.00,N,Not at Intersection,N,Non-Junction,None,,,         ,Luis,Pena,Clear,Angle,no,no,no,no,no,False
102732433,METROPOLITAN NASHVILLE POLICE DEPT,20200427030,Davidson,Nashville,6/25/2020 6:18:00 PM,2,0,0,36.048250,-86.584920,LAKEWOOD VILLAGE DR,,,,55.00,Feet,North,DUPREE POINT DR,,,,0.00,N,Not at Intersection, ,Non-Junction,None,,,         ,Joel,Bennett,Clear,"Sideswipe, Same Direction",no,no,no,no,no,False
102732438,METROPOLITAN NASHVILLE POLICE DEPT,20200427018,Davidson,Nashville,6/25/2020 6:10:00 PM,2,0,0,36.149690,-86.779180,DIVISION ST,,,,0.00,,,8TH AVS,,,,0.00,Y,Four-Way, ,Intersection-Related,None,,,         ,Trevor,Taylor,Clear,Front to Rear,no,no,no,no,yes,False
102732443,METROPOLITAN NASHVILLE POLICE DEPT,20200427052,Davidson,Nashville,6/25/2020 6:21:00 PM,2,0,0,36.023410,-86.639860,CANE SPRINGS RD,,,,6.00,Feet,North,SUZY DR,,,,0.00,N,Not at Intersection, ,Non-Junction,None,,,         ,Edward,Starke,Clear,Angle,no,no,no,no,no,False
102732445,METROPOLITAN NASHVILLE POLICE DEPT,20200426860,Davidson,Nashville,6/25/2020 4:28:00 PM,2,0,0,36.161200,-86.792680,CHARLOTTE AV,,,,0.00,,,GEORGE L DAVIS BLVD,,,,0.00,Y,Four-Way,N,Intersection,None,,,         ,Roy,Sain Jr.,Clear,Angle,no,no,no,no,no,False
102732453,METROPOLITAN NASHVILLE POLICE DEPT,20200427146,Davidson,Nashville,6/25/2020 12:00:00 AM,2,0,0,36.195060,-86.833110,W SUMMITT AV,,,,67.00,Feet,North,CLARKSVILLE PKE,,,,0.00,N,Not at Intersection,N,Non-Junction,None,,,         ,Chase,Harriman,Clear,Unknown,no,no,no,no,yes,False
102732468,METROPOLITAN NASHVILLE POLICE DEPT,20200427183,Davidson,Nashville,6/25/2020 6:29:00 PM,2,0,0,36.111140,-86.741840,LOGAN ST,,,,172.00,Feet,North,THOMPSON LN,,,,0.00,N,Not at Intersection,N,Non-Junction,None,,,         ,Edward,Starke,Clear,Angle,no,no,no,no,yes,False
102732487,METROPOLITAN NASHVILLE POLICE DEPT,20200427185,Davidson,Nashville,6/25/2020 6:15:00 PM,2,0,0,36.171610,-86.807520,DR D B TODD JR BLVD,,,,82.00,Feet,North,HEIMAN ST,,,,0.00,N,Not at Intersection, ,Non-Junction,None,,,         ,Jacob,Krispin,Clear,Front to Rear,no,no,no,no,yes,False
102732500,METROPOLITAN NASHVILLE POLICE DEPT,20200427158,Davidson,Nashville,6/25/2020 6:23:00 PM,2,0,0,36.159100,-86.833640,ALAMEDA ST,,,,208.00,Feet,South,TSU CONNECTOR,,,,0.00,N,Not at Intersection, ,Non-Junction,None,,,         ,Je-Marc,Sears,Clear,Angle,no,no,no,no,yes,False
102732502,METROPOLITAN NASHVILLE POLICE DEPT,20200427238,Davidson,Nashville,6/25/2020 8:25:00 PM,2,0,0,36.165330,-86.762110,SUMMER PL,,,,101.00,Feet,East,-- UNKNOWN RAMP/ROAD --,,,,0.00,N,Not at Intersection,N,Non-Junction,None,,,         ,Tyler,Manivong,,Unknown,no,no,no,no,yes,False
102732503,METROPOLITAN NASHVILLE POLICE DEPT,20200427159,Davidson,Nashville,6/25/2020 7:43:00 PM,1,1,0,36.179940,-86.839730,PANORAMA DR,,,,94.00,Feet,North,SNELL BLVD,,,,0.00,N,Not at Intersection,N,Non-Junction,None,,,         ,Andrey,Volfson,Clear,Not Collision with Motor Vehicle in Transport,no,no,no,no,no,False
102732511,METROPOLITAN NASHVILLE POLICE DEPT,20200427199,Davidson,Nashville,6/25/2020 8:00:00 PM,1,1,0,36.110550,-86.740670,THOMPSON LN,,,,17.00,Feet,East,SIMMONS AV,,,,0.00,N,Not at Intersection,N,Non-Junction,None,,,         ,Joel,Bennett,Clear,Not Collision with Motor Vehicle in Transport,no,yes,no,no,no,False
102732527,METROPOLITAN NASHVILLE POLICE DEPT,20200427378,Davidson,Nashville,6/25/2020 9:35:00 PM,1,0,0,36.255340,-86.703370,NEELYS BEND RD,,,,87.00,Feet,East,MARGARET ST,,,,0.00,N,Not at Intersection,N,Non-Junction,None,,,         ,Zachary,Scott,Clear,Unknown,no,no,no,no,yes,False
102732531,METROPOLITAN NASHVILLE POLICE DEPT,20200427377,Davidson,Madison,6/25/2020 9:33:00 PM,1,0,0,36.263120,-86.699860,E OLD HICKORY BLVD,,,,90.00,Feet,East,HANKINS ST,,,,0.00,N,Not at Intersection,N,Non-Junction,None,,,         ,Christopher,Littles,Clear,Not Collision with Motor Vehicle in Transport,no,no,no,no,no,False
102732532,METROPOLITAN NASHVILLE POLICE DEPT,20200427220,Davidson,Nashville,6/25/2020 8:18:00 PM,2,1,0,36.152200,-86.842220,CHARLOTTE AV,,,,0.00,Feet,East,46TH AVN,,,,0.00,N,Not at Intersection,N,Non-Junction,None,,,         ,Je-Marc,Sears,Clear,Angle,no,no,no,no,no,False
102732533,METROPOLITAN NASHVILLE POLICE DEPT,20200427149,Davidson,Nashville,6/25/2020 6:57:00 PM,2,0,0,36.148860,-86.878580,THUNDERBIRD DR,,,,145.00,Feet,West,GROSSE POINT CT,,,,0.00,N,Not at Intersection,N,Non-Junction,None,,,         ,Jeremy,Huffine,Clear,Rear to Rear,no,no,no,no,no,False
102732543,METROPOLITAN NASHVILLE POLICE DEPT,20200426855,Davidson,Nashville,6/25/2020 4:27:00 PM,2,0,0,36.126490,-86.710830,MURFREESBORO PKE,,,,108.00,Feet,South,THOMPSON PL,,,,0.00,N,Not at Intersection,N,Non-Junction,None,,,         ,Dontaveous,Eubanks,Clear,Angle,no,no,no,no,no,False
102732547,METROPOLITAN NASHVILLE POLICE DEPT,20200427413,Davidson,Nashville,6/25/2020 12:00:00 AM,2,0,0,36.073750,-86.622320,ANDERSON RD,,,,9.00,Feet,West,CEDARCLIFF RD,,,,0.00,N,Not at Intersection, ,Non-Junction,None,,,         ,Maccio,Hightower,Clear,Angle,no,no,no,no,no,False
102732554,METROPOLITAN NASHVILLE POLICE DEPT,20200427351,Davidson,Nashville,6/25/2020 12:00:00 AM,2,2,0,36.210920,-86.733110,GREENFIELD AV,,,,0.00,Feet,West,GALLATIN PKE,,,,0.00,N,Not at Intersection,N,Non-Junction,None,,,         ,Maryanne,Bartello,Clear,Front to Rear,no,no,no,no,no,False
102732562,METROPOLITAN NASHVILLE POLICE DEPT,20200427320,Davidson,Nashville,6/25/2020 9:05:00 PM,2,0,0,36.073870,-86.623510,ANDERSON RD,,,,0.00,Feet,,OWENDALE DR,,,,0.00,Y,Four-Way,N,Intersection,None,,,         ,Mary,Robinson,Clear,Angle,no,no,no,no,yes,False
102732563,METROPOLITAN NASHVILLE POLICE DEPT,20200427577,Davidson,Nashville,6/25/2020 11:44:00 PM,3,0,0,36.077280,-86.641650,MURFREESBORO PKE,,,,77.00,Feet,West,LAKEVILLA DR,,,,0.00,N,Not at Intersection, ,Non-Junction,None,,,         ,Madison,Meiss,Clear,Front to Rear,no,no,no,no,no,False
102732583,METROPOLITAN NASHVILLE POLICE DEPT,20200427663,Davidson,Nashville,6/26/2020 12:26:00 AM,2,0,0,36.153150,-86.625860,STEWARTS FERRY PKE,,,,280.00,Feet,South,PERCY PRIEST DR,,,,0.00,N,Not at Intersection,N,Non-Junction,None,,,         ,Jason,Kedzierski,Clear,"Sideswipe, Same Direction",no,no,no,yes,yes,False
102732591,METROPOLITAN NASHVILLE POLICE DEPT,20200427725,Davidson,Nashville,6/26/2020 1:53:00 AM,1,1,0,36.152780,-86.773410,5TH AVE S,,,,0.00,,,ELM ST,,,,0.00,Y,T-Intersection,N,Non-Junction,None,,,         ,Joseph,Hurst,Clear,Not Collision with Motor Vehicle in Transport,yes,no,no,no,yes,False
102732607,METROPOLITAN NASHVILLE POLICE DEPT,20200427878,Davidson,Nashville,6/26/2020 3:50:00 AM,1,0,0,36.169700,-86.585260,I 40,,,,0.00,,,,,,,221.70,N,Not at Intersection, ,Non-Junction,None,,,         ,Graham,Binkley,Clear,Not Collision with Motor Vehicle in Transport,no,no,no,no,no,False
102732634,METROPOLITAN NASHVILLE POLICE DEPT,20200427519,Davidson,Nashville,6/25/2020 8:00:00 PM,2,0,0,36.089830,-86.715380,TAMPA DR,,,,631.00,Feet,West,BENITA DR,,,,0.00,N,Not at Intersection, ,,None,,,         ,Holly,Davis,,,no,no,no,no,no,False
102732653,Nashville Airport Police,2020-01588,Davidson,Nashville,6/24/2020 12:00:00 AM,2,0,0,36.116980,-86.669080,HANGAR LN,,,,0.00,,,AIRPORT SERVICE RD,,,,0.00,Y,OTHER,N,Non-Junction,None,,,         ,Daniel,Winter,Clear,Front to Rear,no,no,no,no,no,False
102732657,METROPOLITAN NASHVILLE POLICE DEPT,20200428062,Davidson,Madison,6/26/2020 12:00:00 AM,2,0,0,36.281350,-86.706830,MCKINLEY ST,,,,300.00,Feet,East,GALLATIN PKEN,,,,0.00,N,Not at Intersection,N,Non-Junction,None,,,         ,William,Coy,Unknown,Angle,no,no,no,no,yes,False
102732673,METROPOLITAN NASHVILLE POLICE DEPT,20200428089,Davidson,Nashville,6/26/2020 7:24:00 AM,2,0,0,36.143800,-86.648740,I 40,,,,0.00,,,,,,,217.35,N,Not at Intersection,N,Non-Junction,None,,,         ,Katelyn,Argeroplos,Clear,"Sideswipe, Same Direction",no,no,no,no,yes,False
102732681,METROPOLITAN NASHVILLE POLICE DEPT,20200428199,Davidson,Not in City Limit,6/26/2020 8:49:00 AM,2,2,0,36.091510,-86.994260,HIGHWAY 70,,,,1660.00,Feet,East,NEWSOM STATION RD,,,,0.00,N,Not at Intersection,N,Non-Junction,None,,,         ,Curtis,Rich,Cloudy,Angle,no,no,no,no,no,False
102732682,METROPOLITAN NASHVILLE POLICE DEPT,20200428183,Davidson,Nashville,6/26/2020 7:56:00 AM,2,0,0,36.084920,-86.703440,HARDING PL,,,,0.00,,,TRAVELERS INN DR,,,,0.00,Y,T-Intersection,N,Intersection,None,,,         ,Todd,Watson,Clear,Angle,no,no,no,no,no,False
102732689,METROPOLITAN NASHVILLE POLICE DEPT,20200428212,Davidson,Madison,6/26/2020 9:02:00 AM,1,1,0,36.238810,-86.723860,GALLATIN PKES,,,,0.00,,,GALLATIN PKE,,,,0.00,Y,T-Intersection,N,Intersection,None,,,         ,Dillon,Hunt,Clear,Not Collision with Motor Vehicle in Transport,yes,no,no,no,yes,False
102732706,METROPOLITAN NASHVILLE POLICE DEPT,20200428297,Davidson,Nashville,6/26/2020 9:57:00 AM,2,0,0,36.232290,-86.624730,SHUTE LN,,,,0.00,,,OLD HICKORY BLVD,,,,0.00,Y,T-Intersection, ,Intersection,None,,,         ,Ian,Hammond,Clear,Front to Rear,no,no,no,no,no,False
102732709,METROPOLITAN NASHVILLE POLICE DEPT,20200428258,Davidson,Nashville,6/26/2020 9:30:00 AM,1,1,0,36.142310,-86.822480,WEST END AV EXT RAMP,,,,0.00,Feet,East,I 440,,,,0.00,N,Not at Intersection,N,Non-Junction,None,,,         ,Melina,Tamborella,Clear,Not Collision with Motor Vehicle in Transport,no,no,no,no,yes,False
102732721,METROPOLITAN NASHVILLE POLICE DEPT,20200428314,Davidson,Nashville,6/26/2020 10:10:00 AM,1,0,0,36.115890,-86.774830,I 440,,,,0.00,,,,,,,4.80,N,Not at Intersection, ,Non-Junction,None,,,         ,John,Roberson,Clear,Not Collision with Motor Vehicle in Transport,no,no,no,no,no,False
102732742,METROPOLITAN NASHVILLE POLICE DEPT,20200428283,Davidson,Nashville,6/26/2020 7:20:00 AM,2,0,0,36.134570,-86.722840,MURFREESBORO PKE,,,,0.00,,,,,,,0.00,,,N,OtherLocation,None,,,         ,Terry,Denton,Clear,Rear to Rear,no,no,no,yes,yes,False
102732754,METROPOLITAN NASHVILLE POLICE DEPT,20200428308,Davidson,Nashville,6/26/2020 10:02:00 AM,2,1,0,36.151680,-86.773070,DIVISION ST,,,,101.00,Feet,West,5TH AVS,,,,0.00,N,Not at Intersection,N,Non-Junction,None,,,         ,Frank,Campbell,Clear,Angle,no,no,no,no,no,False
102732764,METROPOLITAN NASHVILLE POLICE DEPT,20200428433,Davidson,Nashville,6/26/2020 11:15:00 AM,3,2,0,36.101790,-86.740550,NOLENSVILLE PKE,,,,0.00,,,ANTIOCH PKE,,,,0.00,Y,T-Intersection,N,Intersection-Related,None,,,         ,Earl,Davis,Clear,Front to Rear,no,no,no,no,yes,False
102732766,METROPOLITAN NASHVILLE POLICE DEPT,20200428195,Davidson,Nashville,6/26/2020 8:40:00 AM,1,0,0,36.155790,-86.827320,I 40,,,,0.00,,,,,,,205.65,N,Not at Intersection,N,Non-Junction,None,,,         ,Brian,Quigley,Clear,Not Collision with Motor Vehicle in Transport,no,no,no,no,no,False
102732771,METROPOLITAN NASHVILLE POLICE DEPT,20200428494,Davidson,Not in City Limit,6/26/2020 12:22:00 PM,1,0,0,36.055300,-86.968840,HARPETH GLEN TRC,,,,117.00,Feet,East,ALLENS LN,,,,0.00,N,Not at Intersection, ,,None,,,         ,Curtis,Rich,,,no,no,no,no,no,False
102732786,METROPOLITAN NASHVILLE POLICE DEPT,20200428418,Davidson,Nashville,6/26/2020 11:30:00 AM,2,1,0,36.183870,-86.611060,OLD HICKORY BLVD,,,,143.00,Feet,West,ANDREW JACKSON PKWY,,,,0.00,N,Not at Intersection,N,Non-Junction,None,,,         ,Ian,Hammond,Clear,"Sideswipe, Same Direction",no,no,no,no,no,False
102732801,METROPOLITAN NASHVILLE POLICE DEPT,20200428564,Davidson,Nashville,6/26/2020 1:00:00 PM,2,0,0,36.074770,-86.924140,BELLE FOREST CIR,,,,315.00,Feet,North,HIGHWAY 70S,,,,0.00,N,Not at Intersection, ,,None,,,         ,Curtis,Rich,,,no,no,no,yes,no,False
102732816,METROPOLITAN NASHVILLE POLICE DEPT,20200428501,Davidson,Nashville,6/26/2020 11:55:00 AM,2,0,0,36.169390,-86.766650,I 24,,,,0.00,,,,,,,48.75,N,Not at Intersection,N,Non-Junction,None,,,         ,Henry,Perez,Clear,Front to Rear,no,no,no,no,no,False
102732817,METROPOLITAN NASHVILLE POLICE DEPT,20200428577,Davidson,Nashville,6/26/2020 11:48:00 AM,2,0,0,36.205570,-86.764120,E TRINITY LN,,,,226.00,Feet,West,SULTANA AV,,,,0.00,N,Not at Intersection,N,Non-Junction,None,,,         ,Andrew,Ivey,Clear,Front to Rear,no,no,no,no,yes,False
102732821,METROPOLITAN NASHVILLE POLICE DEPT,20200428424,Davidson,Nashville,6/26/2020 11:37:00 AM,2,1,0,36.185170,-86.775180,I 24,,,,0.00,,,,,,,47.25,N,Not at Intersection,N,Non-Junction,None,,,         ,Brandon,Evans,Clear,Front to Rear,no,no,no,no,no,False
102732827,THP District 9 - Administrative,320039373,Davidson,Nashville,6/26/2020 12:00:00 PM,2,0,0,36.157400,-86.784100,US HWY 70,,,,216.00,Feet,South,10TH AVE N,,,,0.00,N,Not at Intersection, ,Non-Junction,None,,,         ,Christopher,Brooks,Clear,Front to Rear,no,no,no,no,no,False
102732830,BELLE MEADE POLICE DEPT,20-0119,Davidson,Belle Meade,6/26/2020 12:50:00 PM,2,0,0,36.077880,-86.868560,PAGE RD,,,,1965.00,Feet,South,BELLE MEADE BLVD,,,,0.00,N,Not at Intersection, ,,None,,,         ,Wes,Bowker,,,no,no,no,no,no,False
102732840,METROPOLITAN NASHVILLE POLICE DEPT,20200428443,Davidson,Nashville,6/26/2020 11:30:00 AM,3,1,0,36.073140,-86.617280,ANDERSON RD,RD,,,50.00,Feet,South,ANDERSON RD,RD,,ANDERSON RD,0.00,N,Not at Intersection,N,Non-Junction,None,,,         ,Thomas,White,Clear,Not Collision with Motor Vehicle in Transport,no,no,no,no,no,False
102732843,METROPOLITAN NASHVILLE POLICE DEPT,20200428542,Davidson,Nashville,6/26/2020 12:50:00 PM,2,0,0,36.143230,-86.874170,CHARLOTTE PKE,,,,15.00,Feet,North,CHARLOTTE ROAD CIR,,,,0.00,N,Not at Intersection, ,Non-Junction,None,,,         ,Gerry,Hutcheson,Clear,Front to Rear,no,no,no,no,yes,False
102732879,Metro Park Police,20200428549,Davidson,Nashville,6/26/2020 12:30:00 PM,1,0,0,36.140970,-86.842270,MCCABE PARK PVTDR,,,,83.00,Feet,East,RICHLAND CREEK GRNWY,,,,0.00,N,Not at Intersection, ,Non-Junction,None,,,         ,Elgrine,"Kirby, Jr.",Clear,Not Collision with Motor Vehicle in Transport,no,no,no,yes,no,False
102732882,METROPOLITAN NASHVILLE POLICE DEPT,20200428618,Davidson,Nashville,6/26/2020 1:36:00 PM,2,0,0,36.192710,-86.744370,DOUGLAS AV,,,,0.00,Feet,East,GALLATIN AV,,,,0.00,N,Not at Intersection, ,Non-Junction,None,,,         ,Jamel,Griffin,Clear,Front to Rear,no,no,no,no,no,False
102732901,METROPOLITAN NASHVILLE POLICE DEPT,20200428682,Davidson,Nashville,6/26/2020 11:58:00 AM,2,0,0,36.079490,-86.726660,HARDING PL,,,,110.00,Feet,West,NOLENSVILLE PKE,,,,0.00,N,Not at Intersection,N,Non-Junction,None,,,         ,Brady,Reynolds,Cloudy,"Sideswipe, Same Direction",no,no,no,no,yes,False
102732902,METROPOLITAN NASHVILLE POLICE DEPT,20200428709,Davidson,Not in City Limit,6/26/2020 3:03:00 PM,1,2,0,36.266940,-86.690120,MYATT DR,,,,148.00,Feet,North,N DUPONT AV,,,,0.00,N,Not at Intersection,N,Non-Junction,None,,,         ,Christopher,Littles,Cloudy,Not Collision with Motor Vehicle in Transport,no,no,no,no,no,False
102732906,METROPOLITAN NASHVILLE POLICE DEPT,20200428648,Davidson,Nashville,6/26/2020 1:52:00 PM,2,0,0,36.169700,-86.766870,I 24,,,,0.00,,,,,,,48.70,N,Not at Intersection, ,Non-Junction,None,,,         ,Frank,Campbell,Cloudy,"Sideswipe, Same Direction",no,no,no,no,no,False
102732921,METROPOLITAN NASHVILLE POLICE DEPT,20200428789,Davidson,Nashville,6/26/2020 1:50:00 PM,2,0,0,36.217970,-86.803320,US HWY 431,,,,95.00,Feet,South,MOORMANS ARM RD,,,,0.00,N,Not at Intersection, ,Non-Junction,None,,,         ,Gabriel,Centeno,Clear,Front to Rear,no,no,no,no,yes,False
102732923,METROPOLITAN NASHVILLE POLICE DEPT,20200428806,Davidson,Nashville,6/26/2020 3:35:00 PM,2,0,0,36.082670,-86.765130,I65 S EXT RAMP,,,,0.00,,,I 65,,,,0.00,Y,OTHER, ,,None,,,         ,Citlaly,Juarez,,,no,no,no,no,no,False
102732929,METROPOLITAN NASHVILLE POLICE DEPT,20200428816,Davidson,Nashville,6/26/2020 3:19:00 PM,1,0,0,36.016700,-86.619920,OLD HICKORY BLVD,,,,57.00,Feet,South,FIRESTONE PKWY,,,,0.00,N,Not at Intersection,N,Non-Junction,None,,,         ,Edward,Starke,Clear,Not Collision with Motor Vehicle in Transport,no,no,no,yes,yes,False
102732931,METROPOLITAN NASHVILLE POLICE DEPT,20200428781,Davidson,Madison,6/26/2020 3:25:00 PM,2,0,0,36.264210,-86.734300,OLD HICKORY BLVDW,,,,129.00,Feet,West,HEAD DR,,,,0.00,N,Not at Intersection, ,,None,,,         ,William,Badger,,,no,no,no,no,no,False
102732937,METROPOLITAN NASHVILLE POLICE DEPT,20200428840,Davidson,Nashville,6/26/2020 3:00:00 PM,2,0,0,36.160580,-86.818990,28TH AVE N,,,,141.00,Feet,North,BOOKER ST,,,,0.00,N,Not at Intersection, ,Non-Junction,None,,,         ,Goran,Manojlovic,Clear,Angle,no,no,no,yes,yes,False
102732941,METROPOLITAN NASHVILLE POLICE DEPT,20200428746,Davidson,Nashville,6/26/2020 3:19:00 PM,3,0,0,36.188250,-86.775380,I 24,,,,0.00,,,,,,,47.00,N,Not at Intersection, ,Non-Junction,None,,,         ,Cressie,Prill,Cloudy,Front to Rear,no,no,no,no,no,False
102732944,METROPOLITAN NASHVILLE POLICE DEPT,20200428774,Davidson,Nashville,6/26/2020 3:47:00 PM,1,0,0,36.241180,-86.764930,BRILEY PKWYE,,,,493.00,Feet,East,BRILEY PKWYW,,,,0.00,N,Not at Intersection,N,Non-Junction,None,,,         ,Bradley,Fort,Cloudy,Not Collision with Motor Vehicle in Transport,no,no,no,no,no,False
102732952,METROPOLITAN NASHVILLE POLICE DEPT,20200428869,Davidson,Nashville,6/26/2020 4:42:00 PM,2,1,0,36.075060,-86.724920,NOLENSVILLE PKE,,,,0.00,,,FLORA MAXWELL RD,,,,0.00,Y,T-Intersection,N,Non-Junction,None,,,         ,FELIKS,ABRAHAMYAN,Clear,Angle,no,no,no,no,no,False
102732956,METROPOLITAN NASHVILLE POLICE DEPT,20200428841,Davidson,Nashville,6/26/2020 4:27:00 PM,2,1,0,36.231000,-86.751060,BROADMOOR DR,,,,0.00,Feet,,WALTON LN,,,,0.00,Y,T-Intersection,Y,Intersection-Related,None,,,         ,Sarah,Cartwright,Clear,Front to Rear,no,no,no,no,no,False
102732970,METROPOLITAN NASHVILLE POLICE DEPT,20200428907,Davidson,Nashville,6/26/2020 4:01:00 PM,2,0,0,36.091790,-86.685310,MCGAVOCK PKE,,,,8.00,Feet,North,HARDING PL,,,,0.00,N,Not at Intersection, ,Non-Junction,None,,,         ,Austin,Binner,Clear,Front to Rear,no,no,no,no,no,False
102732971,METROPOLITAN NASHVILLE POLICE DEPT,20200428893,Davidson,Nashville,6/26/2020 4:30:00 PM,2,0,0,36.132060,-86.895410,I40 E ENT RAMP,,,,0.00,Feet,East,I 40,,,,0.00,N,Not at Intersection,N,Entrance/Exit Ramp Related,None,,,         ,Devonte,Coleman,Clear,Front to Rear,no,no,no,no,yes,False
102732972,METROPOLITAN NASHVILLE POLICE DEPT,20200428871,Davidson,Nashville,6/26/2020 4:42:00 PM,2,0,0,36.106490,-86.673720,MURFREESBORO PKE,,,,219.00,Feet,West,DONELSON PKE,,,,0.00,N,Not at Intersection, ,Non-Junction,None,,,         ,Cressie,Prill,Clear,Front to Rear,no,no,no,no,no,False
102732974,METROPOLITAN NASHVILLE POLICE DEPT,20200427338,Davidson,Goodlettsville,6/25/2020 9:13:00 PM,2,0,0,36.300330,-86.711260,I 65,,,,0.00,,,,,,,95.20,N,Not at Intersection,N,Non-Junction,None,,,         ,Benjamin,Williams,Clear,Front to Rear,no,no,no,no,yes,False
102732976,METROPOLITAN NASHVILLE POLICE DEPT,20200428947,Davidson,Nashville,6/26/2020 5:15:00 PM,2,0,0,36.129180,-86.802330,ASHWOOD AV,,,,87.00,Feet,East,21ST AVS,,,,0.00,N,Not at Intersection, ,,None,,,         ,Melissa,Lomax,,,no,no,no,no,no,False
102732983,METROPOLITAN NASHVILLE POLICE DEPT,20200428920,Davidson,Nashville,6/26/2020 5:15:00 PM,2,1,0,36.154140,-86.757780,I 40,,,,0.00,,,,,,,211.10,N,Not at Intersection,N,Non-Junction,None,,,         ,Reagan,Heath,Clear,Angle,no,no,no,no,no,False
102732984,METROPOLITAN NASHVILLE POLICE DEPT,20200428839,Davidson,Nashville,6/26/2020 12:00:00 AM,5,1,0,36.172170,-86.768860,I 24,,,,0.00,,,,,,,48.30,N,Not at Intersection,N,Non-Junction,None,,,         ,Trevor,Taylor,Cloudy,Front to Rear,no,no,no,no,no,False
102732988,METROPOLITAN NASHVILLE POLICE DEPT,20200428966,Davidson,Nashville,6/26/2020 6:03:00 PM,2,1,0,36.187430,-86.773360,CLEVELAND ST,,,,0.00,Feet,,DICKERSON PKE,,,,0.00,Y,Four-Way,N,Intersection-Related,None,,,         ,Sarah,Cartwright,Clear,Front to Rear,no,no,no,no,yes,False
102732990,METROPOLITAN NASHVILLE POLICE DEPT,20200428949,Davidson,Nashville,6/26/2020 5:35:00 PM,2,2,0,36.017570,-86.624300,I 24,,,,0.00,,,,,,,62.30,N,Not at Intersection,N,Non-Junction,None,,,         ,Edward,Starke,Clear,Front to Rear,no,no,no,no,no,False
102732998,METROPOLITAN NASHVILLE POLICE DEPT,20200428982,Davidson,Nashville,6/26/2020 6:05:00 PM,2,1,0,36.146480,-86.870280,CHARLOTTE PKE,,,,190.00,Feet,East,WESTBORO DR,,,,0.00,N,Not at Intersection, ,Non-Junction,None,,,         ,Brian,DeMarce,Clear,Front to Rear,no,no,no,no,no,False
102733000,METROPOLITAN NASHVILLE POLICE DEPT,20200428964,Davidson,Nashville,6/26/2020 6:01:00 PM,2,1,0,36.226190,-86.829660,BOBWHITE CT,,,,466.00,Feet,West,BOBWHITE DR,,,,0.00,N,Not at Intersection,N,Non-Junction,None,,,         ,Andrey,Volfson,Clear,Not Collision with Motor Vehicle in Transport,no,no,no,no,no,False
102733012,METROPOLITAN NASHVILLE POLICE DEPT,20200428945,Davidson,Nashville,6/26/2020 5:44:00 PM,2,0,0,36.213570,-86.764520,DELLWAY VILLA RD,,,,0.00,,,DICKERSON PKE,,,,0.00,Y,T-Intersection,N,Intersection,None,,,         ,Richard,Conger,Clear,Angle,no,no,no,no,no,False
102733013,METROPOLITAN NASHVILLE POLICE DEPT,20200429055,Davidson,Nashville,6/26/2020 7:15:00 PM,1,1,0,36.169270,-86.765050,S 4TH ST,,,,0.00,,,FATHERLAND ST,,,,0.00,Y,T-Intersection,N,Intersection,None,,,         ,Richard,Conger,Clear,Not Collision with Motor Vehicle in Transport,no,no,no,no,no,False