master_record_number,agency,agency_tracking_number,county,city,collision_date,vehicles_involved,number_injured,number_dead,latitude,longitude,roadway_name,roadway_suffix,roadway_number,roadway_local_id,distance_from_reference,miles-feet_indicator,direction_from_reference,intersection_road_name,intersection_road_name_suffix,intersection_road_number,intersection_local_id,mile_marker,intersection_indicator,intersect_type,interchange_related_indicator,relation_to_junction,work_zone_type,construction_maintenance_zone,construction_maintenance_zone_location,fatal_case_number,officer_first_name,officer_last_name,weather_condition(s),manner_of_crash,pedestrian,bicycle,scooter,parking,hitrun,mou
102733014,METROPOLITAN NASHVILLE POLICE DEPT,20200428824,Davidson,Nashville,6/26/2020 12:55:00 PM,2,0,0,36.096450,-86.656010,RAMP,,,,0.00,,,US HWY 41,,,,0.00,Y,Y-Intersection, ,Entrance/Exit Ramp Related,None,,,         ,Michael,Fox,Clear,Front to Rear,no,no,no,no,no,False
102733020,METROPOLITAN NASHVILLE POLICE DEPT,20200428959,Davidson,Nashville,6/26/2020 5:20:00 PM,3,0,0,36.221700,-86.761670,HART LN,,,,0.00,Feet,,DICKERSON PKE,,,,0.00,Y,T-Intersection, ,Intersection,None,,,         ,Marc,Kozen,Clear,Front to Rear,no,no,no,no,no,False
102733022,METROPOLITAN NASHVILLE POLICE DEPT,20200428988,Davidson,Nashville,6/26/2020 6:25:00 PM,1,0,0,36.139760,-86.887870,I 40,,,,0.00,,,,,,,202.00,N,Not at Intersection,N,Non-Junction,None,,,         ,Devonte,Coleman,Clear,Not Collision with Motor Vehicle in Transport,no,no,no,no,no,False
102733023,METROPOLITAN NASHVILLE POLICE DEPT,20200429095,Davidson,Nashville,6/26/2020 7:40:00 PM,1,1,0,36.143910,-86.738540,I 40,,,,0.00,,,,,,,212.40,N,Not at Intersection,N,Non-Junction,None,,,         ,Reagan,Heath,Clear,Not Collision with Motor Vehicle in Transport,no,no,no,no,no,False
102733027,METROPOLITAN NASHVILLE POLICE DEPT,20200428971,Davidson,Nashville,6/26/2020 4:00:00 PM,3,0,0,36.252220,-86.743330,DUE WEST AVN,,,,643.00,Feet,South,PORT DR,,,,0.00,N,Not at Intersection,N,Non-Junction,None,,,         ,Christopher,Littles,Cloudy,Angle,no,no,no,yes,yes,False
102733028,METROPOLITAN NASHVILLE POLICE DEPT,20200429088,Davidson,Nashville,6/26/2020 7:40:00 PM,2,0,0,36.241260,-86.785410,I 24,,,,0.00,,,,,,,43.30,N,Not at Intersection,N,Entrance/Exit Ramp Related,None,,,         ,Christopher,Littles,Clear,Front to Rear,no,no,no,no,no,False
102733029,METROPOLITAN NASHVILLE POLICE DEPT,20200428923,Davidson,Nashville,6/26/2020 5:27:00 PM,2,0,0,36.067140,-86.630960,MURFREESBORO PKE,,,,128.00,Feet,South,FOREST VIEW DR,,,,0.00,N,Not at Intersection,N,Non-Junction,None,,,         ,Matthew,Swindell,Clear,Front to Rear,no,no,no,no,yes,False
102733036,METROPOLITAN NASHVILLE POLICE DEPT,20200429074,Davidson,Nashville,6/26/2020 7:32:00 PM,1,1,0,36.136110,-86.727250,I24 E EXT RAMP,,,,0.00,Feet,East,I 24,,,,0.00,N,Not at Intersection,N,Entrance/Exit Ramp Related,None,,,         ,Austin,Binner,Cloudy,Not Collision with Motor Vehicle in Transport,no,no,no,no,no,False
102733039,METROPOLITAN NASHVILLE POLICE DEPT,20200428950,Davidson,Nashville,6/26/2020 12:00:00 AM,2,0,0,36.036180,-86.599330,MURFREESBORO PKE,,,,1502.00,Feet,South,OLD HICKORY BLVD,,,,0.00,N,Not at Intersection,N,Non-Junction,None,,,         ,Corey,Reed,Clear,Angle,no,no,no,no,no,False
102733040,METROPOLITAN NASHVILLE POLICE DEPT,20200428981,Davidson,Nashville,6/26/2020 6:13:00 PM,2,1,0,36.235130,-86.788800,EWINGDALE DR,,,,17.00,Feet,South,EWINGWOOD DR,,,,0.00,N,Not at Intersection,Y,Non-Junction,None,,,         ,Tyler,Manivong,Clear,Angle,no,no,no,no,yes,False
102733048,METROPOLITAN NASHVILLE POLICE DEPT,20200429133,Davidson,Nashville,6/26/2020 7:44:00 PM,2,0,0,36.151190,-86.691830,BRILEY PKWY S EXT RAMP,,,,0.00,Feet,East,ELM HILL PKE,,,,0.00,N,Not at Intersection, ,,None,,,         ,Citlaly,Juarez,,,no,no,no,no,no,False
102733052,METROPOLITAN NASHVILLE POLICE DEPT,20200429172,Davidson,Nashville,6/26/2020 8:45:00 PM,2,0,0,36.042660,-86.606880,HOBSON PKE,,,,119.00,Feet,West,MURFREESBORO PKE,,,,0.00,N,Not at Intersection, ,Non-Junction,None,,,         ,Edward,Starke,Clear,Front to Rear,no,no,no,no,no,False
102733057,METROPOLITAN NASHVILLE POLICE DEPT,20200429160,Davidson,Nashville,6/26/2020 8:10:00 PM,2,0,0,36.169480,-86.667730,OLD LEBANON PKE,,,,0.00,,,,,,,0.00,,,N,Non-Junction,None,,,         ,Peter,Kinsey,Cloudy,Front to Rear,no,no,no,yes,yes,False
102733061,METROPOLITAN NASHVILLE POLICE DEPT,20200429194,Davidson,Nashville,6/26/2020 8:55:00 PM,2,0,0,36.069270,-86.692200,I24 E EXT RAMP,,,,0.00,,,HAYWOOD LN,,,,0.00,Y,T-Intersection,Y,Entrance/Exit Ramp Related,None,,,         ,Steven,Begley,Clear,Front to Rear,no,no,no,no,no,False
102733062,METROPOLITAN NASHVILLE POLICE DEPT,2020-0428934,Davidson,Nashville,6/26/2020 5:30:00 PM,2,1,0,36.045420,-86.718350,OLD HICKORY BLVD,,,,0.00,,,HICKORY TRACE DR,,,,0.00,Y,T-Intersection, ,"Driveway, Alley Access, etc",None,,,         ,William,King,Clear,Angle,no,no,no,no,no,False
102733065,METROPOLITAN NASHVILLE POLICE DEPT,20200429245,Davidson,Nashville,6/26/2020 9:41:00 PM,2,1,0,36.193660,-86.806830,ROSA L PARKS BLVD,,,,58.00,Feet,East,GREAT CIRCLE RD,,,,0.00,N,Not at Intersection,N,Non-Junction,None,,,         ,Devonte,Coleman,Clear,Front to Rear,no,no,no,no,yes,False
102733068,METROPOLITAN NASHVILLE POLICE DEPT,20200429226,Davidson,Nashville,6/26/2020 6:07:00 PM,2,0,0,36.046910,-86.655230,HICKORY HOLLOW PKWY,,,,232.00,Feet,North,HICKORY HOLLOW LN,,,,0.00,N,Not at Intersection,N,Non-Junction,None,,,         ,Edward,Starke,Clear,Front to Rear,no,no,no,no,yes,False
102733084,METROPOLITAN NASHVILLE POLICE DEPT,20200429178,Davidson,Nashville,6/26/2020 12:00:00 AM,1,1,0,36.179880,-86.798640,DELTA AV,,,,47.00,Feet,North,GARFIELD ST,,,,0.00,N,Not at Intersection,Y,OtherLocation,None,,,         ,Trevor,Taylor,Clear,Not Collision with Motor Vehicle in Transport,yes,no,no,no,no,False
102733085,METROPOLITAN NASHVILLE POLICE DEPT,20200428908,Davidson,Nashville,6/26/2020 5:10:00 PM,2,2,0,36.200320,-86.618600,LEBANON PKE,,,,0.00,,,HERMITAGE RD,,,,0.00,Y,Four-Way,N,Intersection,None,,,         ,Destiny,Zunic,Clear,Angle,no,no,no,no,no,False
102733103,METROPOLITAN NASHVILLE POLICE DEPT,20200429282,Davidson,Nashville,6/26/2020 10:14:00 PM,2,0,0,36.071740,-86.677920,WAIKIKI BLVD,,,,83.00,Feet,South,HONOLULU RD,,,,0.00,N,Not at Intersection,N,Non-Junction,None,,,         ,Marcus,Darden,Clear,Front to Rear,no,no,no,yes,yes,False
102733115,METROPOLITAN NASHVILLE POLICE DEPT,20200429354,Davidson,Nashville,6/26/2020 11:15:00 PM,1,0,0,36.119790,-86.730590,GLENROSE AV,,,,125.00,Feet,East,GLENROSE CT,,,,0.00,N,Not at Intersection,N,Non-Junction,None,,,         ,Teresah,Pinho,Clear,Not Collision with Motor Vehicle in Transport,no,no,no,no,yes,False
102733116,METROPOLITAN NASHVILLE POLICE DEPT,20200429348,Davidson,Nashville,6/26/2020 11:08:00 PM,2,0,0,36.166410,-86.764820,I 24,,,,0.00,,,,,,,49.00,N,Not at Intersection,N,Non-Junction,None,,,         ,Richard,Luellen,Clear,Front to Rear,no,no,no,no,no,False
102733122,METROPOLITAN NASHVILLE POLICE DEPT,20200429390,Davidson,Nashville,6/26/2020 11:50:00 PM,1,2,0,36.143200,-86.686780,I 40,,,,0.00,,,,,,,215.50,N,Not at Intersection,N,Non-Junction,None,,,         ,Amy,Hirschmann,Clear,Not Collision with Motor Vehicle in Transport,no,no,no,no,no,False
102733127,METROPOLITAN NASHVILLE POLICE DEPT,20200429349,Davidson,Antioch,6/26/2020 8:50:00 PM,1,0,0,36.001580,-86.632210,OLD HICKORY BLVD,,,,768.00,Feet,South,RED APPLE RD,,,,0.00,N,Not at Intersection,N,Non-Junction,None,,,         ,Sandra,Fly,Clear,Not Collision with Motor Vehicle in Transport,no,no,no,no,yes,False
102733128,METROPOLITAN NASHVILLE POLICE DEPT,20200429187,Davidson,Nashville,6/26/2020 8:24:00 PM,2,0,0,36.169270,-86.599960,I40 E ENT RAMP,,,,173.00,Feet,South,I 40,,,,0.00,N,Not at Intersection,N,Non-Junction,None,,,         ,Ryan,Storm,Clear,Rear to Side,no,no,no,yes,no,False
102733130,METROPOLITAN NASHVILLE POLICE DEPT,20200429397,Davidson,Nashville,6/26/2020 11:40:00 PM,2,0,0,36.086840,-86.695770,HARDING PL,,,,56.00,Feet,East,METROPLEX DR,,,,0.00,N,Not at Intersection,N,Non-Junction,None,,,         ,Jonathan,Handley,Clear,Front to Rear,no,no,no,no,yes,False
102733131,METROPOLITAN NASHVILLE POLICE DEPT,20200429388,Davidson,Nashville,6/26/2020 11:54:00 PM,2,1,0,36.154070,-86.757610,I 40,,,,0.00,,,,,,,211.10,N,Not at Intersection,N,Non-Junction,None,,,         ,Joshua,Whitworth,Clear,Front to Rear,no,no,no,no,no,False
102733133,METROPOLITAN NASHVILLE POLICE DEPT,20200429490,Davidson,Nashville,6/27/2020 1:02:00 AM,2,0,0,36.172860,-86.765260,US HWY 31,,,,0.00,,,MAIN ST,,,,0.00,Y,Four-Way, ,Intersection,None,,,         ,Kristopher,Sutton,Clear,Angle,no,no,no,no,yes,False
102733134,METROPOLITAN NASHVILLE POLICE DEPT,20200429445,Davidson,Nashville,6/26/2020 10:40:00 PM,2,1,0,36.218150,-86.803480,WHITES CREEK PKE,,,,0.00,,,MOORMANS ARM RD,,,,0.00,Y,Four-Way,Y,Intersection,None,,,         ,Chase,Harriman,Clear,Angle,no,no,no,no,yes,False
102733135,METROPOLITAN NASHVILLE POLICE DEPT,20200429510,Davidson,Nashville,6/27/2020 1:32:00 AM,2,1,0,36.189630,-86.745800,GALLATIN AV,,,,83.00,Feet,North,SHARPE AV,,,,0.00,N,Not at Intersection,N,Non-Junction,None,,,         ,Matthew,Jankiewicz,Clear,HeadOn,no,no,no,no,yes,False
102733151,METROPOLITAN NASHVILLE POLICE DEPT,20200429532,Davidson,Nashville,6/27/2020 12:00:00 AM,1,0,0,36.121670,-86.922920,OLD CHARLOTTE PKE,,,,35.00,Feet,East,OLD HICKORY BLVD,,,,0.00,N,Not at Intersection,Y,OtherLocation,None,,,         ,Juan,Gonzalez,Unknown,Not Collision with Motor Vehicle in Transport,no,no,no,no,yes,False
102733175,METROPOLITAN NASHVILLE POLICE DEPT,20200429528,Davidson,Nashville,6/27/2020 1:47:00 AM,3,0,0,36.151470,-86.751350,I40 W EXT RAMP,,,,0.00,Feet,East,I 40,,,,0.00,N,Not at Intersection,N,Non-Junction,None,,,         ,Amy,Hirschmann,Clear,Front to Rear,no,no,no,no,yes,False
102733181,METROPOLITAN NASHVILLE POLICE DEPT,2020-0429493,Davidson,Nashville,6/27/2020 1:15:00 AM,3,1,0,36.151630,-86.651270,BOULDER PARK DR,,,,374.00,Feet,North,JONESBORO DR,,,,0.00,N,Not at Intersection,N,Non-Junction,None,,,         ,Joshua,McGarvey,Clear,HeadOn,no,no,no,no,no,False
102733196,METROPOLITAN NASHVILLE POLICE DEPT,20200429756,Davidson,Nashville,6/27/2020 5:31:00 AM,2,0,0,36.155650,-86.789720,I40 E ENT RAMP,,,,0.00,Feet,East,BROADWAY,,,,0.00,N,Not at Intersection,N,Entrance/Exit Ramp Related,None,,,         ,Kevin,Reynolds,Clear,Angle,no,no,no,no,yes,False
102733199,METROPOLITAN NASHVILLE POLICE DEPT,20200429775,Davidson,Nashville,6/27/2020 6:02:00 AM,1,1,0,36.169620,-86.587000,I 40,,,,0.00,,,,,,,221.60,N,Not at Intersection,N,Non-Junction,None,,,         ,Aimee,Ortiz,Cloudy,Not Collision with Motor Vehicle in Transport,no,no,no,no,no,False
102733208,METROPOLITAN NASHVILLE POLICE DEPT,20200429776,Davidson,Nashville,6/27/2020 5:55:00 AM,1,1,0,36.186400,-86.747230,GALLATIN AV,,,,72.00,Feet,South,PETWAY AV,,,,0.00,N,Not at Intersection,N,Non-Junction,None,,,         ,Jackson,Sanders,Clear,Not Collision with Motor Vehicle in Transport,no,no,no,no,no,False
102733215,METROPOLITAN NASHVILLE POLICE DEPT,20200429767,Davidson,Nashville,6/27/2020 6:20:00 AM,2,0,0,36.188480,-86.775360,I 24,,,,0.00,,,,,,,47.00,N,Not at Intersection,N,Non-Junction,None,,,         ,Kristopher,Sutton,Clear,"Sideswipe, Same Direction",no,no,no,no,no,False
102733217,METROPOLITAN NASHVILLE POLICE DEPT,20200429783,Davidson,Nashville,6/27/2020 6:00:00 AM,2,0,0,36.150770,-86.770480,I 40,,,,0.00,,,,,,,210.40,N,Not at Intersection,Y,Entrance/Exit Ramp Related,None,,,         ,James,Wells Jr.,Clear,"Sideswipe, Same Direction",no,no,no,no,yes,False
102733223,METROPOLITAN NASHVILLE POLICE DEPT,20200429819,Davidson,Nashville,6/26/2020 6:20:00 PM,2,0,0,36.213250,-86.796850,AVALON DR,,,,0.00,,,ADLAI ST,,,,0.00,Y,T-Intersection,N,Non-Junction,None,,,         ,James,Wray,Clear,Front to Rear,no,no,no,yes,yes,False
102733238,METROPOLITAN NASHVILLE POLICE DEPT,20200429815,Davidson,Nashville,6/27/2020 7:05:00 AM,2,3,0,36.168420,-86.869450,BRILEY PKWY S ENT RAMP,,,,0.00,Feet,East,BRILEY PKWYS,,,,0.00,N,Not at Intersection,N,Non-Junction,None,,,         ,Gerry,Hutcheson,Cloudy,Angle,no,no,no,no,no,False
102733272,METROPOLITAN NASHVILLE POLICE DEPT,20200429981,Davidson,Nashville,6/27/2020 10:05:00 AM,2,0,0,36.138630,-86.881110,CHARLOTTE PKE,,,,228.00,Feet,West,HILLWOOD BLVD,,,,0.00,N,Not at Intersection,N,Non-Junction,None,,,         ,Wesley,Tilley,Clear,Front to Rear,no,no,no,no,no,False
102733276,METROPOLITAN NASHVILLE POLICE DEPT,20200429872,Davidson,Nashville,6/27/2020 7:23:00 AM,3,1,0,36.169390,-86.579820,I 40,,,,0.00,,,,,,,222.00,N,Not at Intersection,N,Non-Junction,None,,,         ,Mario,Diaz,Clear,"Sideswipe, Same Direction",no,no,no,no,no,False
102733280,METROPOLITAN NASHVILLE POLICE DEPT,20200429932,Davidson,Not in City Limit,6/27/2020 9:15:00 AM,1,0,0,36.311530,-86.882180,RAWLINGS RD,,,,182.00,Feet,East,CLARKSVILLE PKE,,,,0.00,N,Not at Intersection,N,Non-Junction,None,,,         ,Garren,Hoskins,Cloudy,Not Collision with Motor Vehicle in Transport,no,no,no,no,no,False
102733290,METROPOLITAN NASHVILLE POLICE DEPT,20200429991,Davidson,Nashville,6/27/2020 10:09:00 AM,2,0,0,36.154890,-86.779150,8TH AVS,,,,0.00,,,KOREAN VETERANS BLVD,,,,0.00,Y,Roundabout, ,Non-Junction,None,,,         ,Marvin,Williams,Cloudy,"Sideswipe, Same Direction",no,no,no,no,no,False
102733298,METROPOLITAN NASHVILLE POLICE DEPT,20200429869,Davidson,Nashville,6/27/2020 8:12:00 AM,1,0,0,36.179200,-86.795460,US HWY 41 ALT,,,,151.00,Feet,North,HUME ST,,,,0.00,N,Not at Intersection,N,Non-Junction,None,,,         ,Keith,Parlato,Smog/Smoke,Not Collision with Motor Vehicle in Transport,no,no,no,no,no,False
102733311,METROPOLITAN NASHVILLE POLICE DEPT,20200430081,Davidson,Nashville,6/27/2020 11:51:00 AM,2,0,0,36.256290,-86.738510,I 65,,,,0.00,,,,,,,91.70,N,Not at Intersection,N,Non-Junction,None,,,         ,Ian,Wilson,Clear,"Sideswipe, Same Direction",no,no,no,no,no,False
102733329,METROPOLITAN NASHVILLE POLICE DEPT,20200429975,Davidson,Nashville,6/27/2020 10:01:00 AM,1,0,0,36.218550,-86.794520,PAPPUS CT,,,,232.00,Feet,West,OLD MATTHEWS RD,,,,0.00,N,Not at Intersection, ,Non-Junction,None,,,         ,Tyler,Adcock,Cloudy,Not Collision with Motor Vehicle in Transport,no,no,no,no,no,False
102733330,METROPOLITAN NASHVILLE POLICE DEPT,20200430102,Davidson,Not in City Limit,6/27/2020 12:12:00 PM,2,0,0,36.260120,-86.712960,GALLATIN PKES,,,,93.00,Feet,South,HICKORY ST,,,,0.00,N,Not at Intersection, ,Non-Junction,None,,,         ,William,Coy,Cloudy,Front to Rear,no,no,no,no,no,False
102733341,METROPOLITAN NASHVILLE POLICE DEPT,20200429979,Davidson,Nashville,6/27/2020 10:06:00 AM,3,2,0,36.231480,-86.616830,SHUTE LN,,,,0.00,Feet,East,MONTCHANIN TER,,,,0.00,N,Not at Intersection,N,Non-Junction,None,,,         ,Mario,Diaz,Clear,HeadOn,no,no,no,no,no,False
102733342,METROPOLITAN NASHVILLE POLICE DEPT,20200430114,Davidson,Nashville,6/27/2020 12:22:00 PM,2,0,0,36.173890,-86.800970,I65 N ENT RAMP,,,,0.00,Feet,East,I40 E ENT RAMP,,,,0.00,N,Not at Intersection,N,Non-Junction,None,,,         ,Cody,Jaworski,Cloudy,"Sideswipe, Same Direction",no,no,no,no,yes,False
102733354,METROPOLITAN NASHVILLE POLICE DEPT,20200430040,Davidson,Nashville,6/27/2020 11:05:00 AM,1,1,0,36.147060,-86.857970,WHITE BRIDGE PKE,,,,428.00,Feet,West,LENOX AV,,,,0.00,N,Not at Intersection,N,Non-Junction,None,,,         ,Brian,Myatt,Clear,Not Collision with Motor Vehicle in Transport,no,no,no,no,no,False
102733368,METROPOLITAN NASHVILLE POLICE DEPT,20200430131,Davidson,Nashville,6/27/2020 12:42:00 PM,1,1,0,36.151360,-86.799320,20TH AVE S,,,,0.00,,,20TH AVE N,,,,0.00,Y,Four-Way,Y,Intersection,None,,,         ,Melina,Tamborella,Cloudy,Not Collision with Motor Vehicle in Transport,no,yes,no,no,no,Campus
102733370,METROPOLITAN NASHVILLE POLICE DEPT,20200430187,Davidson,Not in City Limit,6/27/2020 12:43:00 PM,2,0,0,36.263850,-86.712860,OLD TIME VILLAGE PVTDR,,,,0.00,Feet,East,OLD HICKORY BLVDW,,,,0.00,N,Not at Intersection,N,Non-Junction,None,,,         ,Ian,Wilson,Clear,Angle,no,no,no,yes,yes,False
102733371,METROPOLITAN NASHVILLE POLICE DEPT,20200430148,Davidson,Nashville,6/27/2020 11:20:00 AM,2,0,0,36.205130,-86.841180,CLARKSVILLE PKE,,,,731.00,Feet,North,ABERNATHY RD,,,,0.00,N,Not at Intersection, ,Non-Junction,None,,,         ,Garren,Hoskins,Cloudy,Angle,no,no,no,yes,yes,False
102733373,METROPOLITAN NASHVILLE POLICE DEPT,20200430076,Davidson,Nashville,6/27/2020 11:48:00 AM,3,0,0,36.248050,-86.720330,DUE WEST AVE,,,,0.00,,,GALLATIN PKES,,,,0.00,Y,Four-Way,N,Intersection,None,,,         ,Dillon,Hunt,Cloudy,Front to Rear,no,no,no,no,yes,False
102733375,METROPOLITAN NASHVILLE POLICE DEPT,20200430190,Davidson,Nashville,6/27/2020 12:00:00 AM,2,1,0,36.293140,-86.702350,RIVERGATE STATION PVTDR,,,,0.00,,,GALLATIN PKEN,,,,0.00,Y,Four-Way,N,Intersection,None,,,         ,Keenan,McCann,Cloudy,Front to Rear,no,no,no,no,yes,False
102733381,METROPOLITAN NASHVILLE POLICE DEPT,20200430137,Davidson,Not in City Limit,6/27/2020 10:30:00 AM,2,0,0,36.032330,-86.991550,OLD HARDING PKE,,,,96.00,Feet,North,HIGHWAY 100,,,,0.00,N,Not at Intersection, ,Non-Junction,None,,,         ,Jack,Crouch,Cloudy,"Sideswipe, Opposite Direction",no,no,no,no,no,False
102733391,METROPOLITAN NASHVILLE POLICE DEPT,20200430068,Davidson,Nashville,6/27/2020 12:15:00 PM,2,0,0,36.165760,-86.764430,I 24,,,,0.00,,,,,,,49.00,N,Not at Intersection, ,Non-Junction,None,,,         ,Faye,Denson,Clear,Front to Rear,no,no,no,no,no,False
102733398,METROPOLITAN NASHVILLE POLICE DEPT,20200430173,Davidson,Nashville,6/27/2020 12:10:00 PM,2,0,0,36.081700,-86.726980,NOLENSVILLE PKE,,,,342.00,Feet,South,WELSHWOOD DR,,,,0.00,N,Not at Intersection,N,OtherLocation,None,,,         ,Cynthia,Quirouette,Cloudy,Front to Rear,no,no,no,yes,yes,False
102733404,METROPOLITAN NASHVILLE POLICE DEPT,20200430219,Davidson,Nashville,6/27/2020 2:03:00 PM,2,0,0,36.164700,-86.763380,I 24,,,,0.00,,,,,,,49.10,N,Not at Intersection, ,Non-Junction,None,,,         ,Mathew,Clement,Clear,"Sideswipe, Same Direction",no,no,no,no,no,False
102733410,METROPOLITAN NASHVILLE POLICE DEPT,20200430064,Davidson,Nashville,6/27/2020 11:35:00 AM,3,1,0,36.255210,-86.738500,I 65,,,,0.00,,,,,,,91.60,N,Not at Intersection,N,Non-Junction,None,,,         ,Ricki,Armstrong,Cloudy,"Sideswipe, Same Direction",no,no,no,no,no,False
102733420,METROPOLITAN NASHVILLE POLICE DEPT,20200430221,Davidson,Nashville,6/27/2020 2:00:00 PM,2,0,0,36.153200,-86.769600,ASH ST,,,,17.00,Feet,West,2ND AVE S,,,,0.00,N,Not at Intersection,N,Non-Junction,None,,,         ,Brent,Morris,Clear,"Sideswipe, Same Direction",no,no,no,no,no,False
102733424,METROPOLITAN NASHVILLE POLICE DEPT,20200430286,Davidson,Nashville,6/27/2020 3:06:00 PM,2,0,0,36.201950,-86.724850,BRANCH ST,,,,0.00,,,BRANCH CT,,,,0.00,Y,T-Intersection,N,Intersection,None,,,         ,Randy,Puckett,Clear,Angle,no,no,no,no,no,False
102733433,METROPOLITAN NASHVILLE POLICE DEPT,20200430235,Davidson,Not in City Limit,6/27/2020 2:23:00 PM,1,1,0,36.275150,-86.702440,PIERCE RD,,,,92.00,Feet,South,PARK AV,,,,0.00,N,Not at Intersection,N,Non-Junction,None,,,         ,Eric,Wegener,Cloudy,Not Collision with Motor Vehicle in Transport,no,no,no,no,no,False
102733436,METROPOLITAN NASHVILLE POLICE DEPT,20200430261,Davidson,Nashville,6/27/2020 12:30:00 PM,2,0,0,36.147240,-86.743650,I 40,,,,0.00,,,,,,,212.00,N,Not at Intersection, ,Non-Junction,None,,,         ,Evan,Grace,Cloudy,Front to Rear,no,no,no,no,no,False
102733445,METROPOLITAN NASHVILLE POLICE DEPT,20200430294,Davidson,Nashville,6/27/2020 3:10:00 PM,2,0,0,36.220490,-86.824820,MEADOW HILL DR,,,,74.00,Feet,North,KINGS LN,,,,0.00,N,Not at Intersection, ,,None,,,         ,Alec,Pellissier,,,no,no,no,no,no,False
102733455,METROPOLITAN NASHVILLE POLICE DEPT,20200430366,Davidson,Nashville,6/27/2020 4:00:00 PM,2,0,0,36.074480,-86.920940,OLD HICKORY BLVD,,,,0.00,,,HIGHWAY 70S,,,,0.00,Y,Four-Way, ,,None,,,         ,William,Vanbergen,,,no,no,no,no,no,False
102733466,METROPOLITAN NASHVILLE POLICE DEPT,20200430401,Davidson,Nashville,6/27/2020 4:08:00 PM,2,0,0,36.231170,-86.724930,GALLATIN PKE,,,,30.00,Feet,East,HAYSBORO AV,,,,0.00,N,Not at Intersection,N,Non-Junction,None,,,         ,Randy,Puckett,Clear,Angle,no,no,no,no,yes,False
102733478,METROPOLITAN NASHVILLE POLICE DEPT,20200430360,Davidson,Nashville,6/27/2020 3:58:00 PM,1,1,0,36.136940,-86.700320,GLASTONBURY RD,,,,214.00,Feet,West,BRILEY PKWY,,,,0.00,N,Not at Intersection,N,OtherLocation,None,,,         ,Mary,Robinson,Cloudy,Not Collision with Motor Vehicle in Transport,no,no,no,no,no,False
102733482,METROPOLITAN NASHVILLE POLICE DEPT,20200430311,Davidson,Nashville,6/27/2020 3:20:00 PM,2,2,0,36.025190,-86.664750,PETTUS RD,,,,0.00,Feet,East,PRESTON RD,,,,0.00,N,Not at Intersection,N,Non-Junction,None,,,         ,John,Jones,Clear,HeadOn,no,no,no,no,no,False
102733488,METROPOLITAN NASHVILLE POLICE DEPT,20200430253,Davidson,Not in City Limit,6/27/2020 2:03:00 PM,2,0,0,36.264370,-86.757130,DICKERSON PKE,,,,428.00,Feet,North,WESTCHESTER DR,,,,0.00,N,Not at Intersection, ,Non-Junction,None,,,         ,Benjamin,Williams,Clear,"Sideswipe, Same Direction",no,no,no,no,no,False
102733510,METROPOLITAN NASHVILLE POLICE DEPT,20200430394,Davidson,Antioch,6/27/2020 3:41:00 PM,2,0,0,36.047840,-86.612050,MURFREESBORO PKE,,,,1284.00,Feet,North,MOUNTAIN SPRINGS RD,,,,0.00,N,Not at Intersection, ,Non-Junction,None,,,         ,Austin,Binner,Clear,Angle,no,no,no,no,no,False
102733516,METROPOLITAN NASHVILLE POLICE DEPT,20200430398,Davidson,Nashville,6/27/2020 4:29:00 PM,3,1,0,36.064060,-86.683810,I 24,,,,0.00,,,,,,,57.50,N,Not at Intersection,N,Non-Junction,None,,,         ,Corey,Reed,Clear,Front to Rear,no,no,no,no,no,False
102733522,METROPOLITAN NASHVILLE POLICE DEPT,20200430535,Davidson,Nashville,6/26/2020 5:00:00 PM,2,0,0,36.193240,-86.830540,CLARKSVILLE PKE,,,,250.00,Feet,East,S HAMILTON RD,,,,0.00,N,Not at Intersection,N,Non-Junction,None,,,         ,Jeffrey,Mullins,Clear,"Sideswipe, Same Direction",no,no,no,no,yes,False
102733523,METROPOLITAN NASHVILLE POLICE DEPT,20200430534,Davidson,Nashville,6/27/2020 6:24:00 PM,3,1,0,36.058460,-86.719950,TUSCULUM RD,,,,198.00,Feet,West,HASTY DR,,,,0.00,N,Not at Intersection,N,Non-Junction,None,,,         ,Justen,Ogle,Clear,Front to Rear,no,no,no,no,no,False
102733527,METROPOLITAN NASHVILLE POLICE DEPT,2020-0430438,Davidson,Nashville,6/27/2020 5:05:00 PM,1,0,0,36.239130,-86.731770,SAUNDERS AV,,,,141.00,Feet,South,WALTON LN,,,,0.00,N,Not at Intersection,N,Non-Junction,None,,,         ,Arthur,Hipp,Clear,Not Collision with Motor Vehicle in Transport,no,no,no,no,no,False
102733530,METROPOLITAN NASHVILLE POLICE DEPT,20200430450,Davidson,Nashville,6/27/2020 5:14:00 PM,2,1,0,36.162080,-86.775290,2ND AVN,,,,79.00,Feet,North,BROADWAY,,,,0.00,N,Not at Intersection,N,Non-Junction,None,,,         ,James,Hill,Clear,Angle,no,no,no,no,no,False
102733532,METROPOLITAN NASHVILLE POLICE DEPT,20200430565,Davidson,Nashville,6/27/2020 6:55:00 PM,1,1,0,36.190810,-86.750010,W GREENWOOD AV,,,,0.00,,,LAURENT ST,,,,0.00,Y,T-Intersection,N,Intersection,None,,,         ,Marc,Kozen,Clear,Not Collision with Motor Vehicle in Transport,no,yes,no,no,no,False