master_record_number,agency,agency_tracking_number,county,city,collision_date,vehicles_involved,number_injured,number_dead,latitude,longitude,roadway_name,roadway_suffix,roadway_number,roadway_local_id,distance_from_reference,miles-feet_indicator,direction_from_reference,intersection_road_name,intersection_road_name_suffix,intersection_road_number,intersection_local_id,mile_marker,intersection_indicator,intersect_type,interchange_related_indicator,relation_to_junction,work_zone_type,construction_maintenance_zone,construction_maintenance_zone_location,fatal_case_number,officer_first_name,officer_last_name,weather_condition(s),manner_of_crash,pedestrian,bicycle,scooter,parking,hitrun,mou
102733541,METROPOLITAN NASHVILLE POLICE DEPT,20200430644,Davidson,Nashville,6/27/2020 7:45:00 PM,2,0,0,36.150900,-86.750430,I 40,,,,0.00,,,,,,,211.60,N,Not at Intersection,N,Non-Junction,None,,,         ,Reagan,Heath,Clear,"Sideswipe, Same Direction",no,no,no,no,no,False
102733559,METROPOLITAN NASHVILLE POLICE DEPT,20200430651,Davidson,Nashville,6/27/2020 7:58:00 PM,1,1,0,36.152590,-86.830980,CHARLOTTE AV,,,,0.00,,,38TH AVN,,,,0.00,Y,T-Intersection,N,Intersection,None,,,         ,Hillary,Sherman,Clear,Not Collision with Motor Vehicle in Transport,no,yes,no,no,no,False
102733570,METROPOLITAN NASHVILLE POLICE DEPT,20200430714,Davidson,Nashville,6/27/2020 8:15:00 PM,2,0,0,36.157860,-86.791750,CHURCH ST,,,,47.00,Feet,West,14TH AVN,,,,0.00,N,Not at Intersection, ,,None,,,         ,Jacob,Robbins,,,no,no,no,no,no,False
102733589,METROPOLITAN NASHVILLE POLICE DEPT,20200430849,Davidson,Nashville,6/27/2020 10:30:00 PM,1,0,0,36.150050,-86.770060,4TH AVS,,,,155.00,Feet,North,MCCANN ST,,,,0.00,N,Not at Intersection,N,Non-Junction,None,,,         ,Garrett,Reingardt,Clear,Not Collision with Motor Vehicle in Transport,no,no,no,no,no,False
102733590,METROPOLITAN NASHVILLE POLICE DEPT,20200430845,Davidson,Nashville,6/27/2020 10:44:00 PM,1,1,0,36.201260,-86.619340,HERMITAGE RD,,,,403.00,Feet,North,LEBANON PKE,,,,0.00,N,Not at Intersection,N,Non-Junction,None,,,         ,Randall,Ward,Clear,Not Collision with Motor Vehicle in Transport,no,no,no,no,no,False
102733601,METROPOLITAN NASHVILLE POLICE DEPT,20200430879,Davidson,Nashville,6/27/2020 8:10:00 PM,1,0,0,36.248020,-86.719990,DUE WEST AVE,,,,103.00,Feet,East,GALLATIN PKES,,,,0.00,N,Not at Intersection,N,Non-Junction,None,,,         ,Reuben,Hewit,Clear,Not Collision with Motor Vehicle in Transport,no,no,no,yes,yes,False
102733602,METROPOLITAN NASHVILLE POLICE DEPT,20200430865,Davidson,Nashville,6/27/2020 9:06:00 PM,2,0,0,36.077580,-86.919970,OLD HICKORY BLVD,,,,24.00,Feet,South,BELLE FOREST CONDOS PVTDR,,,,0.00,N,Not at Intersection,N,Non-Junction,None,,,         ,Juan,Gonzalez,Clear,Front to Rear,no,no,no,no,yes,False
102733603,METROPOLITAN NASHVILLE POLICE DEPT,20200430958,Davidson,Antioch,6/27/2020 8:57:00 PM,1,0,0,36.052620,-86.575050,LAVERGNE COUCHVILLE PKE,,,,0.00,Feet,East,HAMILTON CHURCH RD,,,,0.00,N,Not at Intersection, ,Non-Junction,None,,,         ,Sandra,Fly,Unknown,Not Collision with Motor Vehicle in Transport,no,no,no,no,no,False
102733613,METROPOLITAN NASHVILLE POLICE DEPT,20200430868,Davidson,Nashville,6/27/2020 10:57:00 PM,1,1,0,36.046140,-86.657780,BELL RD,,,,64.00,Feet,East,COLLINS PARK DR,,,,0.00,N,Not at Intersection,N,Non-Junction,None,,,         ,David,Simmonds,Clear,Not Collision with Motor Vehicle in Transport,no,no,no,no,no,False
102733614,METROPOLITAN NASHVILLE POLICE DEPT,20200431004,Davidson,Nashville,6/28/2020 12:00:00 AM,1,0,0,36.083880,-86.705780,LINBAR DR,,,,64.00,Feet,North,LARGO DR,,,,0.00,N,Not at Intersection,N,Non-Junction,None,,,         ,Antoine,Maghamez,Clear,Not Collision with Motor Vehicle in Transport,no,no,no,no,no,False
102733623,METROPOLITAN NASHVILLE POLICE DEPT,20200430834,Davidson,Nashville,6/27/2020 10:25:00 PM,4,0,0,36.151860,-86.626810,BLACKWOOD DR,,,,530.00,Feet,West,BELL RD,,,,0.00,N,Not at Intersection,N,Non-Junction,None,,,         ,Phillip,Burke,Clear,Angle,no,no,no,no,no,False
102733624,METROPOLITAN NASHVILLE POLICE DEPT,20200431025,Davidson,Nashville,6/28/2020 12:30:00 AM,1,1,0,36.174430,-86.651060,DISSPAYNE DR,,,,15.00,Feet,North,JENRY DR,,,,0.00,N,Not at Intersection,N,Non-Junction,None,,,         ,Jeremy,Crisp,Clear,Not Collision with Motor Vehicle in Transport,no,no,no,no,no,False
102733632,METROPOLITAN NASHVILLE POLICE DEPT,20200430852,Davidson,Antioch,6/27/2020 8:30:00 PM,2,1,0,36.047840,-86.612050,MURFREESBORO PKE,,,,1284.00,Feet,North,MOUNTAIN SPRINGS RD,,,,0.00,N,Not at Intersection,N,Non-Junction,None,,,         ,Holly,Davis,Clear,Front to Rear,no,no,no,no,yes,False
102733634,METROPOLITAN NASHVILLE POLICE DEPT,20200431044,Davidson,Nashville,6/28/2020 12:45:00 AM,1,1,0,36.132080,-86.900070,CABOT DR,,,,633.00,Feet,North,I40 W EXT RAMP,,,,0.00,N,Not at Intersection,N,Non-Junction,None,,,         ,Jonathan,Phipps,Clear,Not Collision with Motor Vehicle in Transport,no,no,no,no,no,False
102733635,METROPOLITAN NASHVILLE POLICE DEPT,20200431051,Davidson,Not in City Limit,6/28/2020 12:50:00 AM,2,0,0,36.258030,-86.765610,BELLSHIRE TERRACE DR,,,,525.00,Feet,West,UNION CT,,,,0.00,N,Not at Intersection,N,Non-Junction,None,,,         ,Coleman,McKellar,Clear,Front to Rear,no,no,no,no,yes,False
102733636,METROPOLITAN NASHVILLE POLICE DEPT,20200431163,Davidson,Nashville,6/28/2020 2:31:00 AM,1,0,0,36.196400,-86.619600,OLD HICKORY BLVD,,,,270.00,Feet,West,LEBANON PKE PVTDR,,,,0.00,N,Not at Intersection,N,Non-Junction,None,,,         ,Carey,Steel,Clear,Unknown,no,no,no,no,yes,False
102733638,METROPOLITAN NASHVILLE POLICE DEPT,20200431155,Davidson,Nashville,6/28/2020 2:23:00 AM,1,1,0,36.044780,-86.661520,CANE RIDGE RD,,,,3.00,Feet,North,BELL RD,,,,0.00,N,Not at Intersection,N,OtherLocation,None,,,         ,Alex,DiBernardo,Clear,Not Collision with Motor Vehicle in Transport,no,no,no,no,no,False
102733641,METROPOLITAN NASHVILLE POLICE DEPT,20200431108,Davidson,Nashville,6/28/2020 1:40:00 AM,2,1,0,36.161480,-86.776100,BROADWAY,,,,42.00,Feet,West,3RD AVN,,,,0.00,N,Not at Intersection,N,Non-Junction,None,,,         ,Garrett,Short,Clear,Angle,no,no,no,no,no,False
102733644,METROPOLITAN NASHVILLE POLICE DEPT,20200430926,Davidson,Nashville,6/27/2020 11:20:00 PM,2,1,0,36.044290,-86.657500,I 24,,,,0.00,,,,,,,59.50,N,Not at Intersection,Y,Entrance/Exit Ramp Related,Construction Zone,Laneclosure,Activity Area,         ,Kevin,Breeding,Clear,Front to Rear,no,no,no,no,no,False
102733653,BERRY HILL POLICE DEPT,20-2338,Davidson,Berry Hill,6/28/2020 2:17:00 AM,1,0,0,36.126670,-86.774500,CRAIGHEAD ST,,,,54.00,Feet,West,WHITE AV,,,,0.00,N,Not at Intersection,N,Non-Junction,None,,,         ,James,Haddock,Clear,Not Collision with Motor Vehicle in Transport,no,no,no,no,yes,False
102733657,METROPOLITAN NASHVILLE POLICE DEPT,20200431191,Davidson,Nashville,6/28/2020 2:30:00 AM,2,0,0,36.171780,-86.799340,I 65,,,,0.00,,,,,,,84.45,N,Not at Intersection,N,Non-Junction,None,,,         ,David,Crisman,Clear,"Sideswipe, Same Direction",no,no,no,no,yes,False
102733661,METROPOLITAN NASHVILLE POLICE DEPT,20200430814,Davidson,Nashville,6/27/2020 10:10:00 PM,1,1,0,36.171110,-86.800070,JEFFERSON ST,,,,185.00,Feet,East,14TH AVN,,,,0.00,N,Not at Intersection,N,Non-Junction,None,,,         ,Christopher,Royer,Clear,Not Collision with Motor Vehicle in Transport,yes,no,no,no,no,False
102733664,METROPOLITAN NASHVILLE POLICE DEPT,20200431254,Davidson,Nashville,6/28/2020 12:00:00 AM,1,0,0,36.076050,-86.640030,MURFREESBORO PKE,,,,0.00,,,,,,,0.00,,,N,Non-Junction,None,,,         ,Bradley,Pope,Clear,Not Collision with Motor Vehicle in Transport,no,no,no,no,yes,False
102733669,METROPOLITAN NASHVILLE POLICE DEPT,20200431179,Davidson,Nashville,6/28/2020 2:50:00 AM,2,1,0,36.088300,-86.701910,I 24,,,,0.00,,,,,,,55.55,N,Not at Intersection,N,Non-Junction,None,,,         ,Holly,Davis,Clear,Front to Rear,no,no,no,no,no,False
102733670,METROPOLITAN NASHVILLE POLICE DEPT,20200431134,Davidson,Nashville,6/28/2020 12:00:00 AM,2,1,0,36.047440,-86.662890,I 24,,,,0.00,,,,,,,59.15,N,Not at Intersection,N,Non-Junction,None,,,         ,Jeremy,Spears,Clear,"Sideswipe, Same Direction",no,no,no,no,yes,False
102733673,METROPOLITAN NASHVILLE POLICE DEPT,20200431174,Davidson,Nashville,6/28/2020 2:46:00 AM,2,0,0,36.094780,-86.706900,I 24,,,,0.00,,,,,,,55.00,N,Not at Intersection,N,Non-Junction,None,,,         ,Robert,Leverick,Clear,Not Collision with Motor Vehicle in Transport,no,no,no,no,no,False
102733684,METROPOLITAN NASHVILLE POLICE DEPT,20200431327,Davidson,Nashville,6/28/2020 4:58:00 AM,1,0,0,36.180190,-86.760450,NEILL AVE,,,,0.00,,,,,,,0.00,,, ,Non-Junction,None,,,         ,Kristopher,Sutton,Clear,Not Collision with Motor Vehicle in Transport,no,no,no,yes,no,False
102733691,METROPOLITAN NASHVILLE POLICE DEPT,20200431128,Davidson,Nashville,6/28/2020 12:30:00 AM,2,1,0,36.110050,-86.720720,BRILEY PKWYS,,,,39.00,Feet,West,I24 W EXT RAMP,,,,0.00,N,Not at Intersection,N,Non-Junction,None,,,         ,Thomas,Broatch,Cloudy,Front to Rear,no,no,no,no,no,False
102733692,METROPOLITAN NASHVILLE POLICE DEPT,20200431346,Davidson,Not in City Limit,6/28/2020 5:33:00 AM,1,0,0,36.270230,-86.710470,GARNER AVE,,,,0.00,,,US HWY 31E,,,,0.00,Y,T-Intersection, ,Intersection-Related,None,,,         ,John,Hoesli,Cloudy,Not Collision with Motor Vehicle in Transport,no,no,no,no,no,False
102733701,METROPOLITAN NASHVILLE POLICE DEPT,20200430228,Davidson,Nashville,6/27/2020 2:15:00 PM,1,0,0,36.083500,-86.705140,LINBAR DR,,,,184.00,Feet,East,LARGO DR,,,,0.00,N,Not at Intersection,N,Non-Junction,None,,,         ,Theodore,Flick,Clear,Not Collision with Motor Vehicle in Transport,no,no,no,no,no,False
102733706,METROPOLITAN NASHVILLE POLICE DEPT,20200431361,Davidson,Antioch,6/28/2020 5:40:00 AM,1,1,0,36.047840,-86.612050,MURFREESBORO PKE,,,,1284.00,Feet,North,MOUNTAIN SPRINGS RD,,,,0.00,N,Not at Intersection,N,"Driveway, Alley Access, etc",None,,,         ,Holly,Davis,Clear,Not Collision with Motor Vehicle in Transport,no,no,no,yes,no,False
102733734,METROPOLITAN NASHVILLE POLICE DEPT,20200431322,Davidson,Nashville,6/28/2020 3:00:00 AM,2,1,0,36.180070,-86.811040,BUCHANAN ST,,,,0.00,,,DR D B TODD JR BLVD,,,,0.00,Y,Four-Way,N,Intersection,None,,,         ,Christopher,Royer,Clear,Angle,no,no,no,no,no,False
102733736,METROPOLITAN NASHVILLE POLICE DEPT,20200431433,Davidson,Nashville,6/28/2020 7:33:00 AM,1,1,0,36.152950,-86.876860,WESTBORO DR,,,,287.00,Feet,West,ALAMO PL,,,,0.00,N,Not at Intersection,N,Non-Junction,None,,,         ,Michael,Pyle,Clear,Not Collision with Motor Vehicle in Transport,no,no,no,no,no,False
102733763,METROPOLITAN NASHVILLE POLICE DEPT,20200431462,Davidson,Nashville,6/28/2020 8:05:00 AM,2,1,0,36.147420,-86.743940,I 40,,,,0.00,,,,,,,212.00,N,Not at Intersection,N,Non-Junction,None,,,         ,Jason,Thomas,Cloudy,Front to Rear,no,no,no,no,no,False
102733783,METROPOLITAN NASHVILLE POLICE DEPT,2020-0429950,Davidson,Nashville,6/28/2020 9:10:00 AM,1,0,0,36.160900,-86.789610,11TH AVN,,,,33.00,Feet,North,ELEVEN NORTH APTS PVTDR,,,,0.00,N,Not at Intersection, ,Non-Junction,Construction Zone,,,         ,Rachel,Susee,Clear,Not Collision with Motor Vehicle in Transport,no,no,no,no,no,False
102733784,METROPOLITAN NASHVILLE POLICE DEPT,20200431398,Davidson,Nashville,6/28/2020 6:39:00 AM,1,1,0,36.112540,-86.708790,STATE HWY 155,,,,305.00,Feet,East,CURREY RD,,,,0.00,N,Not at Intersection,N,Non-Junction,None,,,         ,Robert,Higgins,Clear,Not Collision with Motor Vehicle in Transport,no,no,no,no,no,False
102733795,METROPOLITAN NASHVILLE POLICE DEPT,20200431651,Davidson,Nashville,6/28/2020 11:21:00 AM,2,1,0,36.197600,-86.620060,OLD HICKORY BLVD,,,,175.00,Feet,North,LEBANON PKE EB EXT RAMP,,,,0.00,N,Not at Intersection, ,Non-Junction,None,,,         ,Michael,Parman,Cloudy,Front to Rear,no,no,no,no,no,False
102733797,METROPOLITAN NASHVILLE POLICE DEPT,20200431569,Davidson,Nashville,6/28/2020 9:29:00 AM,1,1,0,36.135550,-86.632300,TRAILS END LN,,,,165.00,Feet,East,SANDBURG PL,,,,0.00,N,Not at Intersection,N,Non-Junction,None,,,         ,Mario,Diaz,Clear,Not Collision with Motor Vehicle in Transport,no,no,no,no,no,False
102733802,METROPOLITAN NASHVILLE POLICE DEPT,20200431454,Davidson,Nashville,6/28/2020 7:44:00 AM,2,3,0,36.204200,-86.777240,BRICK CHURCH PKE,,,,199.00,Feet,North,I65 S ENT RAMP,,,,0.00,N,Not at Intersection,N,Non-Junction,None,,,         ,Jedidayah,Merriweather,Cloudy,HeadOn,no,no,no,no,yes,False
102733821,METROPOLITAN NASHVILLE POLICE DEPT,20200431696,Davidson,Nashville,6/28/2020 12:13:00 PM,2,0,0,36.165700,-86.764360,I 24,,,,0.00,,,,,,,49.00,N,Not at Intersection, ,Non-Junction,None,,,         ,Henry,Perez,Clear,"Sideswipe, Same Direction",no,no,no,no,yes,False
102733827,METROPOLITAN NASHVILLE POLICE DEPT,20200431698,Davidson,Nashville,6/28/2020 12:15:00 PM,2,0,0,36.248670,-86.719910,GALLATIN PKES,,,,257.00,Feet,North,DUE WEST AVE,,,,0.00,N,Not at Intersection,N,Non-Junction,None,,,         ,Dillon,Hunt,Clear,Front to Rear,no,no,no,no,no,False
102733844,METROPOLITAN NASHVILLE POLICE DEPT,20200431719,Davidson,Nashville,6/28/2020 12:32:00 PM,2,2,0,36.151760,-86.768630,2ND AVS,,,,0.00,,,I40 W EXT RAMP,,,,0.00,Y,Four-Way,N,Intersection,None,,,         ,Marvin,Williams,Clear,Angle,no,no,no,no,no,False
102733867,METROPOLITAN NASHVILLE POLICE DEPT,20200431670,Davidson,Nashville,6/28/2020 12:00:00 AM,2,0,0,36.272760,-86.697560,ANDERSON LN,,,,240.00,Feet,East,SNOW AV,,,,0.00,N,Not at Intersection,N,"Driveway, Alley Access, etc",None,,,         ,Keenan,McCann,Cloudy,Rear to Side,no,no,no,yes,no,False
102733868,METROPOLITAN NASHVILLE POLICE DEPT,20200431752,Davidson,Madison,6/28/2020 12:00:00 AM,2,4,0,36.263090,-86.690490,E OLD HICKORY BLVD,,,,0.00,Feet,,MYATT DR,,,,0.00,Y,Four-Way,Y,Intersection,None,,,         ,Keenan,McCann,Cloudy,"Sideswipe, Opposite Direction",no,no,no,no,no,False
102733870,METROPOLITAN NASHVILLE POLICE DEPT,20200431796,Davidson,Nashville,6/28/2020 1:33:00 PM,2,1,0,36.058840,-86.678400,I 24,,,,0.00,,,,,,,58.00,N,Not at Intersection, ,Non-Junction,None,,,         ,Michael,Moss,Clear,"Sideswipe, Same Direction",no,no,no,no,no,False
102733883,METROPOLITAN NASHVILLE POLICE DEPT,20200431843,Davidson,Nashville,6/28/2020 2:38:00 PM,2,1,0,36.171430,-86.769040,INTERSTATE DR,,,,0.00,,,JAMES ROBERTSON PKWY,,,,0.00,Y,OTHER, ,Intersection,None,,,         ,Gabriel,Vasquez,Clear,Front to Rear,no,no,no,no,no,False
102733898,METROPOLITAN NASHVILLE POLICE DEPT,20200431860,Davidson,Nashville,6/28/2020 2:15:00 PM,2,0,0,36.140730,-86.732280,I 40,,,,0.00,,,,,,,213.00,N,Not at Intersection,N,Non-Junction,None,,,         ,Reagan,Heath,Clear,Angle,no,no,no,no,no,False
102733902,METROPOLITAN NASHVILLE POLICE DEPT,20200431799,Davidson,Nashville,6/28/2020 1:41:00 PM,2,0,0,36.173600,-86.744490,FATHERLAND ST,,,,0.00,Feet,East,S 15TH ST,,,,0.00,N,Not at Intersection, ,Non-Junction,None,,,         ,Jamel,Griffin,Clear,Angle,no,no,no,no,no,False
102733908,METROPOLITAN NASHVILLE POLICE DEPT,20200431927,Davidson,Nashville,6/28/2020 2:30:00 PM,2,0,0,36.167730,-86.820730,28TH AVN,,,,23.00,Feet,South,JEFFERSON ST,,,,0.00,N,Not at Intersection,N,Non-Junction,None,,,         ,Daniel,Kallman,Clear,"Sideswipe, Same Direction",no,no,no,no,yes,False
102733928,METROPOLITAN NASHVILLE POLICE DEPT,20200431945,Davidson,Nashville,6/28/2020 3:45:00 PM,2,0,0,36.213160,-86.721690,STRATFORD AV,,,,0.00,,,KENNEDY AV,,,,0.00,Y,Four-Way, ,Intersection,None,,,         ,Randy,Puckett,Clear,Angle,no,no,no,no,no,False
102733958,METROPOLITAN NASHVILLE POLICE DEPT,20200432030,Davidson,Nashville,6/28/2020 4:48:00 PM,2,0,0,36.210710,-86.731560,GREENFIELD AV,,,,446.00,Feet,South,GALLATIN PKE,,,,0.00,N,Not at Intersection,N,Non-Junction,None,,,         ,Randy,Puckett,Clear,Angle,no,no,no,no,yes,False
102733959,METROPOLITAN NASHVILLE POLICE DEPT,20200431954,Davidson,Nashville,6/28/2020 2:20:00 PM,2,0,0,36.045410,-86.660150,I24 E EXT RAMP,,,,0.00,Feet,East,I 24,,,,0.00,N,Not at Intersection,N,Entrance/Exit Ramp Related,None,,,         ,Jerre,Fly,Clear,Angle,no,no,no,no,yes,False
102733976,METROPOLITAN NASHVILLE POLICE DEPT,20200431982,Davidson,Nashville,6/28/2020 4:18:00 PM,1,1,0,36.054910,-86.652620,RURAL HILL RD,,,,987.00,Feet,North,WILLOW POINTE PVTDR,,,,0.00,N,Not at Intersection,N,Non-Junction,None,,,         ,Garrett,Latham,Clear,Not Collision with Motor Vehicle in Transport,no,no,no,no,no,False
102733982,METROPOLITAN NASHVILLE POLICE DEPT,20200431973,Davidson,Nashville,6/28/2020 4:00:00 PM,2,0,0,36.196790,-86.742180,GALLATIN AV,,,,52.00,Feet,North,CAHAL AV,,,,0.00,N,Not at Intersection, ,Non-Junction,None,,,         ,Donovan,Coble,Clear,Angle,no,no,no,no,no,False
102733986,METROPOLITAN NASHVILLE POLICE DEPT,20200432036,Davidson,Not in City Limit,6/28/2020 4:58:00 PM,3,2,0,36.269260,-86.755740,OLD HICKORY BLVDW,,,,0.00,,,DICKERSON PKE,,,,0.00,Y,Four-Way,N,Intersection,None,,,         ,Rodney,Phipps,Rain,Angle,no,no,no,no,yes,False
102733988,METROPOLITAN NASHVILLE POLICE DEPT,20200432102,Davidson,Nashville,6/28/2020 5:30:00 PM,2,0,0,36.215930,-86.689220,MCGAVOCK PKE,,,,3.00,Feet,West,PENNINGTON BEND RD,,,,0.00,N,Not at Intersection,N,Non-Junction,None,,,         ,Evan,Grace,Clear,Front to Rear,no,no,no,no,no,False
102733994,METROPOLITAN NASHVILLE POLICE DEPT,20200431988,Davidson,Nashville,6/28/2020 4:19:00 PM,2,0,0,36.195580,-86.621710,LEBANON PKE,,,,0.00,Feet,West,BONNASPRING DR,,,,0.00,N,Not at Intersection, ,,None,,,         ,Phillip,Burke,,,no,no,no,no,no,False
102734004,METROPOLITAN NASHVILLE POLICE DEPT,20200432104,Davidson,Not in City Limit,6/28/2020 5:45:00 PM,2,2,0,36.263000,-86.680930,STATE HWY 45,,,,0.00,Feet,,RIO VISTA DR,,,,0.00,Y,Four-Way,N,Intersection-Related,None,,,         ,Carey,Steel,Clear,Front to Rear,no,no,no,no,yes,False
102734005,METROPOLITAN NASHVILLE POLICE DEPT,20200432175,Davidson,Nashville,6/28/2020 5:58:00 PM,2,0,0,36.171380,-86.769160,JAMES ROBERTSON PKWY,,,,0.00,,,INTERSTATE DR,,,,0.00,Y,OTHER, ,Non-Junction,None,,,         ,Gabriel,Vasquez,Clear,Front to Rear,no,no,no,no,no,False
102734008,METROPOLITAN NASHVILLE POLICE DEPT,20200432110,Davidson,Antioch,6/28/2020 12:00:00 AM,2,0,0,36.068490,-86.585210,SMITH SPRINGS PKWY,,,,1.00,Feet,North,STATE HWY 171,,,,0.00,N,Not at Intersection,N,Non-Junction,None,,,         ,Maccio,Hightower,Clear,Front to Rear,no,no,no,no,no,False
102734014,METROPOLITAN NASHVILLE POLICE DEPT,20200432120,Davidson,Madison,6/28/2020 5:50:00 PM,2,0,0,36.292800,-86.695360,MYATT DR,,,,495.00,Feet,South,SPRING BRANCH DR,,,,0.00,N,Not at Intersection,N,Non-Junction,None,,,         ,Marcus,Mitchell,Clear,"Sideswipe, Same Direction",no,no,no,no,yes,False
102734023,METROPOLITAN NASHVILLE POLICE DEPT,20200431923,Davidson,Nashville,6/28/2020 3:32:00 PM,3,0,0,36.044790,-86.669250,STATE HWY 254,,,,254.00,Feet,West,BEECHWOOD TER,,,,0.00,N,Not at Intersection,N,Non-Junction,None,,,         ,Luis,Pena,Clear,Front to Rear,no,no,no,no,no,False
102734029,GOODLETTSVILLE POLICE DEPT,20-19992,Davidson,Goodlettsville,6/28/2020 1:40:00 AM,2,2,0,36.305660,-86.703030,RIVERGATE PKWY,,,,0.00,,,RIVERGATE DR,,,,0.00,Y,Four-Way,Y,Intersection,None,,,         ,Shane,Farrell,Cloudy,Angle,no,no,no,no,no,False
102734042,METROPOLITAN NASHVILLE POLICE DEPT,20200432190,Davidson,Nashville,6/28/2020 7:12:00 PM,2,3,0,36.045740,-86.674350,BELL RD,,,,0.00,Feet,,BLUE HOLE RD,,,,0.00,Y,Four-Way,N,Intersection,None,,,         ,Garrett,Latham,Clear,Angle,no,no,no,no,no,False
102734053,METROPOLITAN NASHVILLE POLICE DEPT,20200432261,Davidson,Nashville,6/28/2020 7:55:00 PM,2,0,0,36.046110,-86.660740,I24 E EXT RAMP,,,,0.00,Feet,East,I 24,,,,0.00,N,Not at Intersection,N,Non-Junction,None,,,         ,John,Jones,Clear,"Sideswipe, Same Direction",no,no,no,no,yes,False
102734055,METROPOLITAN NASHVILLE POLICE DEPT,20200432229,Davidson,Nashville,6/28/2020 12:00:00 AM,2,0,0,36.169010,-86.755670,S 8TH ST,,,,80.00,Feet,North,SYLVAN ST,,,,0.00,N,Not at Intersection,N,Non-Junction,None,,,         ,Christopher,Beery,Clear,Unknown,no,no,no,no,yes,False
102734057,METROPOLITAN NASHVILLE POLICE DEPT,20200432130,Davidson,Nashville,6/28/2020 6:10:00 PM,1,1,0,36.238780,-86.630010,OLD HICKORY BLVD,,,,0.00,,,LAKESHORE DR,,,,0.00,Y,Four-Way,N,Non-Junction,None,,,         ,Zachary,Aldrich,Clear,Not Collision with Motor Vehicle in Transport,no,no,no,no,no,False
102734059,METROPOLITAN NASHVILLE POLICE DEPT,20200432324,Davidson,Nashville,6/28/2020 12:00:00 AM,2,1,0,36.037520,-86.786400,STATE HWY 254,,,,34.00,Feet,East,US HWY 31,,,,0.00,N,Not at Intersection,N,Non-Junction,None,,,         ,Sekou,Samassi,Clear,"Sideswipe, Opposite Direction",no,no,no,no,yes,False
102734084,METROPOLITAN NASHVILLE POLICE DEPT,20200432321,Davidson,Nashville,6/28/2020 8:40:00 PM,2,0,0,36.203550,-86.738530,GALLATIN PKE,,,,0.00,,,E TRINITY LN,,,,0.00,Y,T-Intersection, ,Intersection-Related,None,,,         ,Sarah,Cartwright,Clear,Angle,no,no,no,no,no,False
102734085,METROPOLITAN NASHVILLE POLICE DEPT,20200432369,Davidson,Nashville,6/28/2020 8:42:00 PM,2,0,0,36.138260,-86.765400,HAMILTON AV,,,,375.00,Feet,West,RAINS AV,,,,0.00,N,Not at Intersection,N,Non-Junction,None,,,         ,Ryan,Sherry,Clear,Other,no,no,no,no,no,False
102734105,METROPOLITAN NASHVILLE POLICE DEPT,20200432291,Davidson,Nashville,6/28/2020 7:03:00 PM,2,0,0,36.104940,-86.818210,BANDYWOOD DR,,,,394.00,Feet,East,HILLSBORO CIR,,,,0.00,N,Not at Intersection,N,Non-Junction,None,,,         ,Lawrence,Whited,Clear,Angle,no,no,no,yes,yes,False
102734115,METROPOLITAN NASHVILLE POLICE DEPT,20200432313,Davidson,Nashville,6/27/2020 5:00:00 PM,2,0,0,36.201290,-86.743940,SPAIN AV,,,,820.00,Feet,North,DELMAS AV,,,,0.00,N,Not at Intersection,N,Non-Junction,None,,,         ,Sarah,Cartwright,Unknown,"Sideswipe, Same Direction",no,no,no,no,yes,False
102734117,METROPOLITAN NASHVILLE POLICE DEPT,20200432420,Davidson,Nashville,6/28/2020 10:00:00 PM,1,0,0,36.229500,-86.748800,ELLINGTON PKWY S ENT RAMP,,,,0.00,Feet,East,ELLINGTON PKWY S EXT RAMP,,,,0.00,N,Not at Intersection,Y,Entrance/Exit Ramp Related,None,,,         ,Donovan,Coble,Clear,Not Collision with Motor Vehicle in Transport,no,no,no,no,yes,False
102734141,METROPOLITAN NASHVILLE POLICE DEPT,20200432598,Davidson,Nashville,6/29/2020 12:24:00 AM,1,0,0,36.192650,-86.724560,RIVERSIDE DR,,,,73.00,Feet,East,CONNECTING ROAD,,,,0.00,N,Not at Intersection,N,Non-Junction,None,,,         ,Ryan,Worstall,Clear,Not Collision with Motor Vehicle in Transport,no,no,no,no,no,False
102734149,METROPOLITAN NASHVILLE POLICE DEPT,20200432577,Davidson,Nashville,6/28/2020 10:32:00 PM,2,0,0,36.148940,-86.774500,I 40,,,,0.00,,,,,,,210.15,N,Not at Intersection,Y,Entrance/Exit Ramp Related,None,,,         ,David,Barras,Clear,Front to Rear,no,no,no,no,no,False
102734155,METROPOLITAN NASHVILLE POLICE DEPT,20200432660,Davidson,Not in City Limit,6/29/2020 1:04:00 AM,2,0,0,36.077270,-87.013710,I 40,,,,0.00,,,,,,,192.90,N,Not at Intersection,N,Non-Junction,None,,,         ,Nicholas,Smith,Clear,"Sideswipe, Same Direction",no,no,no,no,yes,False
102734173,METROPOLITAN NASHVILLE POLICE DEPT,20200432694,Davidson,Nashville,6/29/2020 12:00:00 AM,1,0,0,36.133290,-86.819620,RICHARDSON AV,,,,120.00,Feet,East,RANSOM AV,,,,0.00,N,Not at Intersection,N,Non-Junction,None,,,         ,Eric,Jackson,Clear,Unknown,no,no,no,no,yes,False