master_record_number,agency,agency_tracking_number,county,city,collision_date,vehicles_involved,number_injured,number_dead,latitude,longitude,roadway_name,roadway_suffix,roadway_number,roadway_local_id,distance_from_reference,miles-feet_indicator,direction_from_reference,intersection_road_name,intersection_road_name_suffix,intersection_road_number,intersection_local_id,mile_marker,intersection_indicator,intersect_type,interchange_related_indicator,relation_to_junction,work_zone_type,construction_maintenance_zone,construction_maintenance_zone_location,fatal_case_number,officer_first_name,officer_last_name,weather_condition(s),manner_of_crash,pedestrian,bicycle,scooter,parking,hitrun,mou
102734854,METROPOLITAN NASHVILLE POLICE DEPT,20200435472,Davidson,Nashville,6/30/2020 11:00:00 AM,1,0,0,36.251400,-86.736290,S GRAYCROFT AVE,,,,963.00,Feet,North,DUE WEST AVE W,,,,0.00,N,Not at Intersection, ,OtherLocation,None,,,         ,Ruben,Mariano,Rain,Not Collision with Motor Vehicle in Transport,no,no,no,yes,no,False
102734859,METROPOLITAN NASHVILLE POLICE DEPT,20200435470,Davidson,Nashville,6/30/2020 11:54:00 AM,1,0,0,36.170240,-86.596660,I 40,,,,0.00,,,,,,,221.10,N,Not at Intersection,N,Non-Junction,None,,,         ,Michael,Brooks,Rain,Not Collision with Motor Vehicle in Transport,no,no,no,no,no,False
102734862,GOODLETTSVILLE POLICE DEPT,20-20199,Davidson,Goodlettsville,6/30/2020 10:30:00 AM,1,0,0,36.311520,-86.701730,I 65,,,,0.00,,,,,,,96.15,N,Not at Intersection,N,Non-Junction,None,,,         ,Brian,Hajdu,Rain,Not Collision with Motor Vehicle in Transport,no,no,no,no,no,False
102734863,METROPOLITAN NASHVILLE POLICE DEPT,20200435336,Davidson,Nashville,6/30/2020 10:23:00 AM,2,1,0,36.153050,-86.765300,I 40,,,,0.00,,,,,,,210.70,N,Not at Intersection,N,Non-Junction,None,,,         ,Mathew,Clement,Rain,"Sideswipe, Same Direction",no,no,no,no,no,False
102734870,METROPOLITAN NASHVILLE POLICE DEPT,20200435345,Davidson,Not in City Limit,6/30/2020 9:30:00 AM,2,0,0,36.262010,-86.738070,I 65,,,,0.00,,,,,,,92.10,N,Not at Intersection,N,Non-Junction,None,,,         ,Ricki,Armstrong,Rain,Front to Rear,no,no,no,no,no,False
102734871,GOODLETTSVILLE POLICE DEPT,20-20194,Davidson,Goodlettsville,6/30/2020 9:35:00 AM,1,0,0,36.300180,-86.711390,I 65,,,,0.00,,,,,,,95.20,N,Not at Intersection,N,Non-Junction,None,,,         ,George,Forbes,Rain,Not Collision with Motor Vehicle in Transport,no,no,no,no,no,False
102734873,METROPOLITAN NASHVILLE POLICE DEPT,20200435177,Davidson,Nashville,6/30/2020 8:33:00 AM,2,0,0,36.155700,-86.789410,I40 E ENT RAMP,,,,0.00,Feet,East,I 40,,,,0.00,N,Not at Intersection, ,Entrance/Exit Ramp Related,None,,,         ,Nathan,Kemp,Rain,Front to Rear,no,no,no,no,no,False
102734874,METROPOLITAN NASHVILLE POLICE DEPT,20200435279,Davidson,Nashville,6/30/2020 9:38:00 AM,1,1,0,36.151400,-86.822470,I 440,,,,0.00,,,,,,,1.55,N,Not at Intersection,N,Non-Junction,None,,,         ,Nathan,Kemp,Rain,Not Collision with Motor Vehicle in Transport,no,no,no,no,no,False
102734875,METROPOLITAN NASHVILLE POLICE DEPT,20200435330,Davidson,Nashville,6/30/2020 10:20:00 AM,4,0,0,36.093410,-86.762780,I 65,,,,0.00,,,,,,,78.60,N,Not at Intersection,N,Non-Junction,None,,,         ,Nathan,Kemp,Rain,Angle,no,no,no,no,no,False
102734876,METROPOLITAN NASHVILLE POLICE DEPT,20200435483,Davidson,Nashville,6/30/2020 11:54:00 AM,2,0,0,36.037550,-86.785090,I65 S ENT RAMP,,,,0.00,,,OLD HICKORY BLVD,,,,0.00,Y,T-Intersection, ,Entrance/Exit Ramp Related,None,,,         ,Nathan,Kemp,Rain,Front to Rear,no,no,no,no,no,False
102734877,METROPOLITAN NASHVILLE POLICE DEPT,20200435480,Davidson,Nashville,6/30/2020 11:58:00 AM,2,0,0,36.216720,-86.623500,OLD HICKORY BLVD,,,,19.00,Feet,South,2ND ST,,,,0.00,N,Not at Intersection,N,Non-Junction,None,,,         ,Mario,Diaz,Cloudy,Front to Rear,no,no,no,no,no,False
102734878,METROPOLITAN NASHVILLE POLICE DEPT,20200435535,Davidson,Nashville,6/30/2020 12:28:00 PM,2,2,0,36.238780,-86.630010,OLD HICKORY BLVD,,,,0.00,,,LAKESHORE DR,,,,0.00,Y,Four-Way,N,Intersection,None,,,         ,Michael,Dance,Cloudy,Front to Rear,no,no,no,no,no,False
102734879,METROPOLITAN NASHVILLE POLICE DEPT,20200435496,Davidson,Nashville,6/30/2020 12:00:00 PM,1,0,0,36.071210,-86.664230,UNA ANTIOCH PKE,,,,124.00,Feet,South,APOLLO DR,,,,0.00,N,Not at Intersection,N,Non-Junction,None,,,         ,Han,Hong,Rain,Not Collision with Motor Vehicle in Transport,no,no,no,no,no,False
102734880,METROPOLITAN NASHVILLE POLICE DEPT,20200435526,Davidson,Nashville,6/30/2020 12:05:00 PM,2,0,0,36.144580,-86.813140,29TH AVN,,,,0.00,,,WEST END AV,,,,0.00,Y,T-Intersection, ,Intersection,None,,,         ,Jackson,Smythe,Cloudy,Angle,no,no,no,no,no,Campus
102734882,METROPOLITAN NASHVILLE POLICE DEPT,20200435554,Davidson,Nashville,6/30/2020 12:33:00 PM,2,0,0,36.170860,-86.601380,I40 W EXT RAMP,,,,0.00,,,I 40,,,,0.00,Y,OTHER, ,Entrance/Exit Ramp Related,None,,,         ,Michael,Brooks,Cloudy,"Sideswipe, Same Direction",no,no,no,no,no,False
102734892,METROPOLITAN NASHVILLE POLICE DEPT,20200435559,Davidson,Madison,6/30/2020 12:42:00 PM,2,0,0,36.272120,-86.689560,ANDERSON LN,,,,0.00,,,MYATT DR,,,,0.00,Y,Four-Way, ,Non-Junction,None,,,         ,Dillon,Hunt,Clear,Front to Rear,no,no,no,no,no,False
102734893,METROPOLITAN NASHVILLE POLICE DEPT,20200435463,Davidson,Nashville,6/30/2020 11:40:00 AM,2,0,0,36.082850,-86.762010,SIDCO DR,,,,204.00,Feet,South,CSX DR,,,,0.00,N,Not at Intersection,N,Non-Junction,None,,,         ,Tyler,Heckaman,Rain,Rear to Rear,no,no,no,yes,yes,False
102734900,BELLE MEADE POLICE DEPT,20-0120,Davidson,Belle Meade,6/30/2020 1:04:00 PM,2,0,0,36.113270,-86.862950,JACKSON BLVD,,,,0.00,,,HARDING PKE,,,,0.00,Y,T-Intersection, ,Intersection-Related,None,,,         ,David,Wright,Clear,Angle,no,no,no,no,no,False
102734901,METROPOLITAN NASHVILLE POLICE DEPT,20200435556,Davidson,Nashville,6/30/2020 12:30:00 PM,2,0,0,36.106610,-86.674010,MURFREESBORO PKE,,,,317.00,Feet,West,DONELSON PKE,,,,0.00,N,Not at Intersection, ,Non-Junction,None,,,         ,Brian,Ewing,Clear,Angle,no,no,no,no,no,False
102734903,METROPOLITAN NASHVILLE POLICE DEPT,20200435490,Davidson,Nashville,6/30/2020 12:00:00 PM,2,0,0,36.202930,-86.776850,I 65,,,,0.00,,,,,,,87.10,N,Not at Intersection, ,,None,,,         ,Kenneth,Oneal,,,no,no,no,no,no,False
102734916,METROPOLITAN NASHVILLE POLICE DEPT,20200435515,Davidson,Nashville,6/30/2020 12:12:00 PM,2,0,0,36.108900,-86.721290,I 24,,,,0.00,,,,,,,53.75,N,Not at Intersection,N,Non-Junction,None,,,         ,Todd,Watson,Clear,"Sideswipe, Same Direction",no,no,no,no,yes,False
102734917,METROPOLITAN NASHVILLE POLICE DEPT,20200435448,Davidson,Nashville,6/30/2020 11:35:00 AM,1,1,0,36.186580,-86.757890,ELLINGTON PKWYS,,,,100.00,Feet,West,ELLINGTON PKWY S EXT RAMP,,,,0.00,N,Not at Intersection,N,Non-Junction,None,,,         ,Donald,Davidson,Rain,Not Collision with Motor Vehicle in Transport,no,no,no,no,no,False
102734918,METROPOLITAN NASHVILLE POLICE DEPT,20200435643,Davidson,Nashville,6/30/2020 1:33:00 PM,2,0,0,36.152240,-86.625070,BLACKWOOD DR,,,,0.00,,,STEWARTS FERRY PKE,,,,0.00,Y,Four-Way, ,Intersection,None,,,         ,Michael,Dance,Cloudy,Angle,no,no,no,no,no,False
102734919,METROPOLITAN NASHVILLE POLICE DEPT,20200435635,Davidson,Nashville,6/30/2020 12:00:00 AM,2,0,0,36.120760,-86.807120,HILLSBORO PLACE CONDOS PVTDR,,,,147.00,Feet,North,HILLSBORO PL,,,,0.00,N,Not at Intersection, ,"Driveway, Alley Access, etc",None,,,         ,Charles,Embry,Unknown,Unknown,no,no,no,yes,yes,False
102734923,METROPOLITAN NASHVILLE POLICE DEPT,20200435613,Davidson,Nashville,6/30/2020 12:18:00 PM,2,0,0,36.197160,-86.620960,LEBANON PKE,,,,0.00,,,LEBANON PKE EB EXT RAMP,,,,0.00,Y,Four-Way, ,Intersection-Related,None,,,         ,Michael,Brooks,Cloudy,Front to Rear,no,no,no,no,no,False
102734937,METROPOLITAN NASHVILLE POLICE DEPT,20200435677,Davidson,Nashville,6/30/2020 1:53:00 PM,2,1,0,36.088510,-86.627570,BELL RD,,,,237.00,Feet,South,NASHBORO BLVD,,,,0.00,N,Not at Intersection,N,Non-Junction,None,,,         ,Michael,Dance,Clear,HeadOn,no,no,no,no,no,False
102734943,METROPOLITAN NASHVILLE POLICE DEPT,20200435358,Davidson,Not in City Limit,6/30/2020 10:40:00 AM,3,0,0,36.262010,-86.738070,I 65,,,,0.00,,,,,,,92.10,N,Not at Intersection,N,Non-Junction,None,,,         ,Ricki,Armstrong,Rain,Front to Rear,no,no,no,no,no,False
102734962,METROPOLITAN NASHVILLE POLICE DEPT,20200435603,Davidson,Nashville,6/30/2020 1:28:00 PM,2,1,0,36.244020,-86.780350,BRICK CHURCH PKE,,,,69.00,Feet,South,BRICK CHURCH LN,,,,0.00,N,Not at Intersection,N,Non-Junction,None,,,         ,Ricki,Armstrong,Clear,"Sideswipe, Opposite Direction",no,no,no,no,no,False
102734968,METROPOLITAN NASHVILLE POLICE DEPT,20200435654,Davidson,Nashville,6/30/2020 1:35:00 PM,2,0,0,36.045310,-86.701660,STATE HWY 254,,,,0.00,,,BENZING RD,,,,0.00,Y,OTHER,N,Non-Junction,None,,,         ,Alex,Moore,Cloudy,Not Collision with Motor Vehicle in Transport,no,no,no,no,no,False
102734969,METROPOLITAN NASHVILLE POLICE DEPT,20200435479,Davidson,Nashville,6/30/2020 11:57:00 AM,4,1,0,36.193350,-86.752840,DOUGLAS AV,,,,29.00,Feet,East,ELLINGTON PKWYS,,,,0.00,N,Not at Intersection,N,Non-Junction,None,,,         ,Torrance,Bennett,Rain,Front to Rear,no,no,no,no,no,False
102734970,METROPOLITAN NASHVILLE POLICE DEPT,20200433732,Davidson,Nashville,6/29/2020 2:30:00 PM,2,0,0,36.128400,-86.842340,HARDING PKE,,,,546.00,Feet,East,WOODLAWN DR,,,,0.00,N,Not at Intersection, ,Non-Junction,None,,,         ,Torian,Cox,Cloudy,Front to Rear,no,no,no,no,no,False
102734971,METROPOLITAN NASHVILLE POLICE DEPT,20200435748,Davidson,Not in City Limit,6/30/2020 2:53:00 PM,1,0,0,36.261690,-86.712380,GALLATIN PKES,,,,193.00,Feet,South,E OLD HICKORY BLVD,,,,0.00,N,Not at Intersection,N,Non-Junction,None,,,         ,Christopher,Littles,Cloudy,Not Collision with Motor Vehicle in Transport,no,no,no,yes,yes,False
102734972,METROPOLITAN NASHVILLE POLICE DEPT,20200435642,Davidson,Nashville,6/30/2020 1:30:00 PM,2,0,0,36.210910,-86.733030,GREENFIELD AV,,,,0.00,,,GALLATIN PKE,,,,0.00,Y,T-Intersection, ,Intersection-Related,None,,,         ,Russell,Freeman,Cloudy,Front to Rear,no,no,no,no,no,False
102734975,METROPOLITAN NASHVILLE POLICE DEPT,2020-0435572,Davidson,Nashville,6/30/2020 12:45:00 PM,1,0,0,36.132850,-86.813950,HILLSIDE DR,,,,288.00,Feet,East,32ND AVS,,,,0.00,N,Not at Intersection, ,OtherLocation,None,,,         ,Po,Cheng,Clear,Not Collision with Motor Vehicle in Transport,no,no,no,no,no,False
102734979,METROPOLITAN NASHVILLE POLICE DEPT,20200435799,Davidson,Nashville,6/30/2020 3:09:00 PM,2,0,0,36.086580,-86.701130,I24 E EXT RAMP,,,,0.00,,,I 24,,,,0.00,Y,OTHER, ,,None,,,         ,Edward,Starke,,,no,no,no,no,no,False
102734980,METROPOLITAN NASHVILLE POLICE DEPT,20200435714,Davidson,Nashville,6/30/2020 12:00:00 AM,2,0,0,36.186820,-86.748800,PETWAY AV,,,,496.00,Feet,West,GALLATIN AV,,,,0.00,N,Not at Intersection,N,Non-Junction,None,,,         ,Russell,Freeman,Cloudy,"Sideswipe, Opposite Direction",no,no,no,no,yes,False
102734987,METROPOLITAN NASHVILLE POLICE DEPT,20200435734,Davidson,Nashville,6/30/2020 2:42:00 PM,2,1,0,36.079490,-86.644600,EDGE O LAKE DR,,,,0.00,Feet,,MURFREESBORO PKE,,,,0.00,Y,Four-Way,N,Intersection,None,,,         ,Steven,Powers,Cloudy,Front to Rear,no,no,no,no,no,False
102734994,METROPOLITAN NASHVILLE POLICE DEPT,20200435749,Davidson,Nashville,6/30/2020 2:25:00 PM,2,0,0,36.139910,-86.879520,CHARLOTTE PKE,,,,119.00,Feet,West,RUSSLEO DR,,,,0.00,N,Not at Intersection,N,Non-Junction,None,,,         ,Devonte,Coleman,Clear,Front to Rear,no,no,no,yes,yes,False
102734997,METROPOLITAN NASHVILLE POLICE DEPT,20200435833,Davidson,Nashville,6/30/2020 12:15:00 PM,2,0,0,36.069120,-86.683840,ANTIOCH PKE,,,,0.00,,,RICHARDS RD,,,,0.00,Y,T-Intersection,N,Intersection,None,,,         ,Steven,Begley,Clear,"Sideswipe, Same Direction",no,no,no,no,yes,False
102735034,METROPOLITAN NASHVILLE POLICE DEPT,20200435972,Davidson,Not in City Limit,6/30/2020 4:50:00 PM,2,0,0,36.260880,-86.712670,GALLATIN PKES,,,,137.00,Feet,South,MAPLE ST,,,,0.00,N,Not at Intersection, ,Non-Junction,None,,,         ,Eric,Wegener,Rain,Angle,no,no,no,no,no,False
102735038,METROPOLITAN NASHVILLE POLICE DEPT,20200434348,Davidson,Nashville,6/29/2020 9:07:00 PM,2,0,0,36.064790,-86.628480,HAMILTON CHURCH RD,,,,0.00,Feet,,MURFREESBORO PKE,,,,0.00,Y,Four-Way,N,Intersection,None,,,         ,Joel,Bennett,Clear,Angle,no,no,no,no,no,False
102735039,METROPOLITAN NASHVILLE POLICE DEPT,20200435897,Davidson,Nashville,6/30/2020 4:14:00 PM,2,1,0,36.106960,-86.674850,MURFREESBORO PKE,,,,595.00,Feet,West,DONELSON PKE,,,,0.00,N,Not at Intersection,N,Non-Junction,None,,,         ,Joel,Bennett,Clear,Front to Rear,no,no,no,no,yes,False
102735041,METROPOLITAN NASHVILLE POLICE DEPT,20200435905,Davidson,Nashville,6/30/2020 4:15:00 PM,2,0,0,36.232290,-86.624730,SHUTE LN,,,,0.00,,,OLD HICKORY BLVD,,,,0.00,Y,T-Intersection,N,Intersection-Related,None,,,         ,Zachary,Aldrich,Clear,Angle,no,no,no,no,no,False
102735051,METROPOLITAN NASHVILLE POLICE DEPT,20200435977,Davidson,Nashville,6/30/2020 4:58:00 PM,2,0,0,36.047510,-86.663000,I 24,,,,0.00,,,,,,,59.15,N,Not at Intersection, ,Non-Junction,None,,,         ,Edward,Starke,Clear,Front to Rear,no,no,no,no,no,False
102735065,METROPOLITAN NASHVILLE POLICE DEPT,20200435829,Davidson,Joelton,6/30/2020 3:36:00 PM,1,1,0,36.332650,-86.903820,I 24,,,,0.00,,,,,,,32.85,N,Not at Intersection,N,Non-Junction,None,,,         ,Wesley,Carver,Rain,Not Collision with Motor Vehicle in Transport,no,no,no,no,no,False
102735075,METROPOLITAN NASHVILLE POLICE DEPT,20200436085,Davidson,Nashville,6/30/2020 6:12:00 PM,2,1,0,36.070030,-86.698800,HAYWOOD LN,,,,0.00,,,EAST RIDGE DR,,,,0.00,Y,Four-Way,N,Intersection,None,,,         ,Joel,Bennett,Rain,Angle,no,no,no,no,no,False
102735078,METROPOLITAN NASHVILLE POLICE DEPT,20200435906,Davidson,Nashville,6/30/2020 3:58:00 PM,2,0,0,36.045250,-86.714450,OLD HICKORY BLVD,,,,103.00,Feet,East,BRENTWOOD EAST DR,,,,0.00,N,Not at Intersection, ,Non-Junction,None,,,         ,Brady,Reynolds,Cloudy,Angle,no,no,no,no,no,False
102735079,METROPOLITAN NASHVILLE POLICE DEPT,20200436068,Davidson,Nashville,6/30/2020 4:25:00 PM,2,0,0,36.116500,-86.748050,NOLENSVILLE PKE,,,,0.00,,,JOYNER AV,,,,0.00,Y,T-Intersection,N,Intersection,None,,,         ,Thomas,Odom,Rain,"Sideswipe, Same Direction",no,no,no,no,yes,False
102735084,METROPOLITAN NASHVILLE POLICE DEPT,20200436129,Davidson,Nashville,6/30/2020 6:39:00 PM,2,0,0,36.064350,-86.631300,HAMILTON CROSSINGS,,,,630.00,Feet,North,HAMILTON CHURCH RD,,,,0.00,N,Not at Intersection, ,Non-Junction,None,,,         ,Brandon,Simpkins,Cloudy,Rear to Rear,no,no,no,no,no,False
102735085,GOODLETTSVILLE POLICE DEPT,20-20241,Davidson,Goodlettsville,6/30/2020 6:07:00 PM,2,0,0,36.304000,-86.702350,RIVERGATE PKWY,,,,0.00,,,RIVERGATE MALL PVTDR,,,,0.00,Y,T-Intersection, ,Intersection-Related,None,,,         ,Zachary,Scannell,Cloudy,Angle,no,no,no,no,no,False
102735086,METROPOLITAN NASHVILLE POLICE DEPT,20200436110,Davidson,Nashville,6/30/2020 5:53:00 PM,2,0,0,36.041140,-86.776210,OLD HICKORY BLVD,,,,0.00,,,BRENTWOOD TRC,,,,0.00,Y,Four-Way,N,Intersection,None,,,         ,Roy,McElwee,Rain,Front to Rear,no,no,no,no,no,False
102735087,METROPOLITAN NASHVILLE POLICE DEPT,20200436177,Davidson,Not in City Limit,6/30/2020 7:09:00 PM,2,0,0,36.262660,-86.706220,E OLD HICKORY BLVD,,,,264.00,Feet,West,4TH AV,,,,0.00,N,Not at Intersection, ,Non-Junction,None,,,         ,Christopher,Littles,Cloudy,Front to Rear,no,no,no,no,no,False
102735088,METROPOLITAN NASHVILLE POLICE DEPT,20200435971,Davidson,Nashville,6/30/2020 4:40:00 PM,2,1,0,36.187470,-86.608160,ANDREW JACKSON PKWY,,,,207.00,Feet,South,OLD LEBANON DIRT RD,,,,0.00,N,Not at Intersection, ,Non-Junction,None,,,         ,Destiny,Zunic,Clear,Front to Rear,no,no,no,no,no,False
102735093,THP District 3 - Nashville,320039904,Davidson,Nashville,6/30/2020 6:21:00 PM,2,0,0,36.034190,-86.783380,I 65,,,,0.00,,,,,,,74.25,N,Not at Intersection, ,Entrance/Exit Ramp Related,None,,,         ,Christopher,Vance,Rain,Front to Rear,no,no,no,no,no,False
102735105,METROPOLITAN NASHVILLE POLICE DEPT,20200436293,Davidson,Nashville,6/30/2020 8:19:00 PM,2,0,0,36.070550,-86.636670,BELL RD,,,,502.00,Feet,South,MURFREESBORO PKE,,,,0.00,N,Not at Intersection, ,Non-Junction,None,,,         ,Edward,Starke,Clear,Front to Rear,no,no,no,no,no,False
102735106,METROPOLITAN NASHVILLE POLICE DEPT,20200436233,Davidson,Nashville,6/30/2020 7:18:00 PM,1,0,0,36.234830,-86.774350,VAILVIEW DR,,,,200.00,Feet,North,RICHMOND HILL DR,,,,0.00,N,Not at Intersection,N,Non-Junction,None,,,         ,Christopher,Littles,Cloudy,Not Collision with Motor Vehicle in Transport,no,no,no,no,yes,False
102735110,METROPOLITAN NASHVILLE POLICE DEPT,20200436038,Davidson,Nashville,6/30/2020 5:44:00 PM,1,1,0,36.080690,-86.798350,TYNE BLVD,,,,206.00,Feet,East,SEWANEE RD,,,,0.00,N,Not at Intersection,N,Non-Junction,None,,,         ,Nicholas,Carroll,Rain,Not Collision with Motor Vehicle in Transport,no,no,no,no,no,False
102735125,METROPOLITAN NASHVILLE POLICE DEPT,20200436079,Davidson,Nashville,6/30/2020 5:35:00 PM,2,0,0,36.177940,-86.605000,OLD HICKORY BLVD,,,,0.00,Feet,,I40 E EXT RAMP,,,,0.00,Y,Four-Way,N,Entrance/Exit Ramp Related,None,,,         ,Destiny,Zunic,Clear,Angle,no,no,no,no,no,False
102735127,METROPOLITAN NASHVILLE POLICE DEPT,20200436304,Davidson,Nashville,6/30/2020 8:26:00 PM,2,1,0,36.168160,-86.690160,LEBANON PKE,,,,0.00,Feet,,BRILEY PKWY S EXT RAMP,,,,0.00,Y,T-Intersection,Y,Intersection,None,,,         ,Jason,Milyaro Lucas,Clear,Angle,no,no,no,no,yes,False
102735128,METROPOLITAN NASHVILLE POLICE DEPT,20200436192,Davidson,Nashville,6/30/2020 7:16:00 PM,3,4,0,36.169650,-86.672320,LEBANON PKE,,,,217.00,Feet,West,OLD LEBANON PKE,,,,0.00,N,Not at Intersection,N,Non-Junction,None,,,         ,Joseph,Simon,Clear,Angle,no,no,no,no,no,False
102735132,METROPOLITAN NASHVILLE POLICE DEPT,20200436408,Davidson,Nashville,6/30/2020 8:00:00 PM,2,0,0,36.082400,-86.762400,I65 N ENT RAMP,,,,0.00,,,I 65,,,,0.00,Y,T-Intersection,Y,Intersection,None,,,         ,Seth,Vaughn,Clear,Angle,no,no,no,no,yes,False
102735141,METROPOLITAN NASHVILLE POLICE DEPT,20200436361,Davidson,Not in City Limit,6/30/2020 8:50:00 PM,1,0,0,36.073600,-87.008000,MCCRORY LN,,,,0.60,Miles,East,NEWSOM STATION RD,,,,0.00,N,Not at Intersection,N,Non-Junction,None,,,         ,Brian,DeMarce,Clear,Not Collision with Motor Vehicle in Transport,no,no,no,no,no,False
102735144,METROPOLITAN NASHVILLE POLICE DEPT,20200436437,Davidson,Madison,6/30/2020 9:28:00 PM,2,0,0,36.273280,-86.705620,ANDERSON LN,,,,184.00,Feet,West,CEDARCREST AV,,,,0.00,N,Not at Intersection,N,Non-Junction,None,,,         ,Christopher,Littles,Cloudy,"Sideswipe, Same Direction",no,no,no,no,no,False
102735156,METROPOLITAN NASHVILLE POLICE DEPT,20200436425,Davidson,Nashville,6/30/2020 9:22:00 PM,1,0,0,36.065850,-86.915580,DEVON VALLEY DR,,,,535.00,Feet,East,OLD HICKORY BLVD,,,,0.00,N,Not at Intersection,N,Non-Junction,None,,,         ,Jared,Dick,Clear,Not Collision with Motor Vehicle in Transport,no,no,no,no,no,False
102735163,THP District 3 - Nashville,320039897,Davidson,Nashville,6/30/2020 5:42:00 PM,3,0,0,36.188510,-86.776160,I 24,,,,0.00,,,,,,,47.00,N,Not at Intersection, ,Non-Junction,None,,,         ,Abasse,Meite,Clear,Front to Rear,no,no,no,no,no,False
102735166,METROPOLITAN NASHVILLE POLICE DEPT,20200436475,Davidson,Nashville,6/30/2020 9:49:00 PM,2,0,0,36.231700,-86.618950,SHUTE LN,,,,634.00,Feet,West,MONTCHANIN TER,,,,0.00,N,Not at Intersection, ,Non-Junction,None,,,         ,Zachary,Aldrich,Clear,Front to Rear,no,no,no,no,no,False
102735191,METROPOLITAN NASHVILLE POLICE DEPT,20200436591,Davidson,Nashville,6/30/2020 11:14:00 PM,2,1,0,36.149690,-86.779730,DIVISION ST,,,,164.00,Feet,West,8TH AVS,,,,0.00,N,Not at Intersection,N,Non-Junction,None,,,         ,Michael,Suagua,Rain,Angle,no,no,no,no,yes,False
102735196,METROPOLITAN NASHVILLE POLICE DEPT,20200436596,Davidson,Nashville,6/30/2020 12:00:00 AM,1,2,0,36.079090,-86.764880,I 65,,,,0.00,,,,,,,77.60,N,Not at Intersection,N,Non-Junction,None,,,         ,Jose,Salazar,Rain,Not Collision with Motor Vehicle in Transport,no,no,no,no,no,False
102735201,METROPOLITAN NASHVILLE POLICE DEPT,20200436538,Davidson,Nashville,6/30/2020 10:20:00 PM,3,1,0,36.250760,-86.700470,ROTHWOOD AV,,,,396.00,Feet,East,IDLEWILD DR,,,,0.00,N,Not at Intersection,N,Non-Junction,None,,,         ,Jonathon,Sheppard,Rain,Front to Rear,no,no,no,yes,yes,False
102735241,METROPOLITAN NASHVILLE POLICE DEPT,20200436587,Davidson,Not in City Limit,6/30/2020 11:08:00 PM,2,2,0,36.337430,-86.913700,HARPER RD,,,,3.00,Feet,North,HIGHWAY 41-A,,,,0.00,N,Not at Intersection,N,Non-Junction,None,,,         ,Abigail,Malone,Rain,"Sideswipe, Same Direction",no,no,no,no,yes,False
102735258,METROPOLITAN NASHVILLE POLICE DEPT,20200435696,Davidson,Nashville,6/30/2020 2:05:00 PM,1,0,0,36.237460,-86.758810,I 65,,,,0.00,,,,,,,89.90,N,Not at Intersection, ,Non-Junction,None,,,         ,Ruben,Mariano,Clear,Not Collision with Motor Vehicle in Transport,no,no,no,no,no,False
102735323,METROPOLITAN NASHVILLE POLICE DEPT,2020-0435492,Davidson,Nashville,6/30/2020 10:43:00 AM,2,0,0,36.071900,-86.732320,WHISPERING HILLS DR,,,,189.00,Feet,East,EDMONDSON PKE,,,,0.00,N,Not at Intersection, ,Non-Junction,None,,,         ,Sean,Williams,Rain,Front to Rear,no,no,no,no,no,False
102735606,METROPOLITAN NASHVILLE POLICE DEPT,20200436529,Davidson,Nashville,6/30/2020 10:40:00 PM,1,1,0,36.096470,-86.737830,NOLENSVILLE PKE,,,,128.00,Feet,North,ALLIED DR,,,,0.00,N,Not at Intersection,N,Non-Junction,None,,,         ,Christopher,Augustin,Rain,Not Collision with Motor Vehicle in Transport,yes,no,no,no,no,False
102735670,METROPOLITAN NASHVILLE POLICE DEPT,20200436480,Davidson,Nashville,6/30/2020 9:52:00 PM,2,1,0,36.047550,-86.655930,BELL RD,,,,0.00,Feet,,HICKORY HOLLOW PKWY,,,,0.00,Y,Four-Way,Y,Intersection,None,,,         ,Joel,Bennett,Clear,Angle,no,no,no,no,no,False
102735849,THP District 3 - Nashville,320039631,Davidson,Nashville,6/28/2020 12:00:00 AM,2,0,0,36.189400,-86.593180,TULIP GROVE RD,,,,102.00,Feet,North,OLD LEBANON DIRT RD,,,,0.00,N,Not at Intersection,N,Non-Junction,None,,,         ,Steven,Seale,Clear,Angle,no,no,no,no,yes,False
102736038,METROPOLITAN NASHVILLE POLICE DEPT,20200428862,Davidson,Nashville,6/26/2020 2:20:00 PM,2,1,0,36.065560,-86.680110,ANTIOCH PKE,,,,0.00,,,REEVES RD,,,,0.00,Y,T-Intersection,Y,Intersection,None,,,         ,Ernesto,Holiday,Clear,Front to Rear,no,no,no,no,no,False
102736105,METROPOLITAN NASHVILLE POLICE DEPT,20200439910,Davidson,Nashville,6/29/2020 6:45:00 PM,2,0,0,36.144090,-86.814520,30TH AVN,,,,123.00,Feet,South,HEDRICK ST,,,,0.00,N,Not at Intersection,N,Non-Junction,None,,,         ,Devonte,Coleman,Clear,Unknown,no,no,no,yes,yes,Campus
102737114,METROPOLITAN NASHVILLE POLICE DEPT,20200426725,Davidson,Nashville,6/25/2020 4:00:00 PM,2,0,0,36.087420,-86.730780,NOLENSVILLE PKE,,,,258.00,Feet,North,ELYSIAN FIELDS CT,,,,0.00,N,Not at Intersection,N,Non-Junction,None,,,         ,FELIKS,ABRAHAMYAN,Clear,Angle,no,no,no,no,no,False
102738569,BERRY HILL POLICE DEPT,20-2325,Davidson,Berry Hill,6/26/2020 4:00:00 PM,2,0,0,36.122560,-86.775860,FRANKLIN PKE,,,,0.00,,,BILOXI AV,,,,0.00,Y,T-Intersection, ,Non-Junction,None,,,         ,Steven,Henry Jr.,Clear,Rear to Side,no,no,no,no,no,False